Time,Wind M14,Wind M28,Wind M44,Wind M59,Wind M80,Wind M91
2025-04-02 17:00:00,2.1454999999999997,0.0,0.5810166666666667,0.0,5.867999999999999,0.0
2025-04-02 18:00:00,3.2455,0.0,1.5701666666666665,0.0,8.751666666666667,0.0
2025-04-02 19:00:00,2.7856666666666663,0.0,0.8794500000000001,0.0,5.560666666666666,0.0
2025-04-02 20:00:00,2.9213333333333336,0.0,0.7153833333333334,0.0,7.658666666666666,0.0
2025-04-02 21:00:00,3.0193333333333334,0.0,0.8032166666666666,0.0,7.062666666666667,0.0
2025-04-02 22:00:00,3.3345,0.0,0.77765,0.0,6.393,0.0
2025-04-02 23:00:00,2.492166666666667,0.0,0.5740999999999999,0.0,6.263166666666667,0.0
2025-04-03 00:00:00,2.558666666666667,0.0,0.8300833333333333,0.0,6.201333333333333,0.0
2025-04-03 01:00:00,2.4986666666666664,0.0,1.1603333333333334,0.0,3.3516666666666666,0.0
2025-04-03 02:00:00,1.7615,0.0,1.0731333333333335,0.0,3.692833333333333,0.0
2025-04-03 03:00:00,1.4303333333333332,0.0,1.01875,0.0,2.867833333333333,0.0
2025-04-03 04:00:00,1.4043333333333334,0.0,0.8501333333333334,0.0,2.0928333333333335,0.0
2025-04-03 05:00:00,2.2488333333333332,0.07563333333333334,1.1929166666666666,0.0,4.925166666666667,0.0
2025-04-03 06:00:00,3.220666666666667,0.081915,2.0533333333333332,0.0,7.414833333333333,0.0
2025-04-03 07:00:00,3.414833333333333,0.40686666666666665,2.2708333333333335,0.0,8.521666666666667,0.0
2025-04-03 08:00:00,3.2205,0.014073333333333334,2.3965,0.0,9.393333333333334,0.0
2025-04-03 09:00:00,2.9911666666666665,0.11004666666666667,2.3838333333333335,0.0,8.914333333333333,0.0
2025-04-03 10:00:00,3.4181666666666666,0.0,2.456166666666667,0.0,8.907666666666668,0.0
2025-04-03 11:00:00,3.817333333333333,0.0,2.1126666666666667,0.0,10.209166666666667,0.0
2025-04-03 12:00:00,3.3136666666666668,0.0,1.8451666666666666,0.0,10.502999999999998,0.0
2025-04-03 13:00:00,3.2636666666666665,0.0,1.4421666666666666,0.0,7.497,0.0
2025-04-03 14:00:00,2.7680000000000002,0.0,0.92895,0.0,4.087166666666667,0.0
2025-04-03 15:00:00,2.0385,0.0,0.5325333333333333,0.0,5.036333333333333,0.0
2025-04-03 16:00:00,2.5993333333333335,0.0,0.5061666666666667,0.0,5.385833333333333,0.0
2025-04-03 17:00:00,2.3795,0.0,0.5452666666666667,0.0,4.483833333333333,0.0
2025-04-03 18:00:00,1.7423333333333333,0.0,0.23954,0.0,3.0933333333333333,0.0
2025-04-03 19:00:00,1.5855,0.0,0.07505833333333332,0.0,1.32329,0.0
2025-04-03 20:00:00,1.7948333333333333,0.0,0.18340666666666666,0.0,0.0,0.0
2025-04-03 21:00:00,1.1799,0.0,0.0,0.0,0.0,0.0
2025-04-03 22:00:00,1.8783333333333334,0.0,0.10535666666666667,0.0,0.0,0.0
2025-04-03 23:00:00,2.1608333333333336,0.0,0.15138000000000001,0.0,1.0619,0.0
2025-04-04 00:00:00,1.2041833333333334,0.0,0.0,0.0,0.98339,0.0
2025-04-04 01:00:00,1.1397166666666665,0.0,0.0,0.0,0.0,0.0
2025-04-04 02:00:00,0.8620666666666668,0.12876666666666667,0.0,0.0,0.0,0.0
2025-04-04 03:00:00,0.31494,0.011256666666666667,0.02064,0.0,0.12028666666666667,0.0
2025-04-04 04:00:00,0.5386666666666666,0.0,0.6062,0.0,0.8252349999999999,0.0
2025-04-04 05:00:00,0.8516999999999999,0.0,0.9665833333333332,0.0,0.84995,0.0
2025-04-04 06:00:00,1.3642833333333333,0.0,1.58025,0.0,1.398,0.0
2025-04-04 07:00:00,1.8875,0.20409333333333332,1.8775000000000002,0.0,2.4374666666666664,0.0
2025-04-04 08:00:00,1.6182166666666666,0.26613333333333333,1.9578333333333333,0.0,2.2428833333333333,0.0
2025-04-04 09:00:00,1.2334833333333333,0.3015866666666667,1.4796666666666667,0.0,1.8202666666666665,0.0
2025-04-04 10:00:00,2.4605,0.11004666666666667,2.5341666666666667,0.0,5.8965000000000005,0.0
2025-04-04 11:00:00,3.021666666666667,0.12004666666666666,2.2353333333333336,0.0,7.235666666666666,0.0
2025-04-04 12:00:00,4.2444999999999995,0.6328983333333333,2.4726666666666666,0.0,13.819333333333333,0.0
2025-04-04 13:00:00,4.2571666666666665,0.0009383333333333333,2.08,0.0,13.643333333333334,0.0
2025-04-04 14:00:00,3.656833333333333,0.0,1.7921666666666667,0.0,14.433333333333334,0.0
2025-04-04 15:00:00,3.8916666666666666,0.0,1.7673333333333332,0.0,12.263333333333332,0.0
2025-04-04 16:00:00,3.396333333333333,0.0,1.6548333333333332,0.0,6.726333333333333,0.0
2025-04-04 17:00:00,2.627333333333333,0.0,1.3698333333333332,0.0,5.168,0.0
2025-04-04 18:00:00,2.7351666666666663,0.0,1.3271666666666666,0.0,6.161833333333333,0.0
2025-04-04 19:00:00,2.3358333333333334,0.0,0.9792833333333333,0.0,3.7666666666666666,0.0
2025-04-04 20:00:00,3.1106666666666665,0.0,0.9712166666666667,0.0,7.024666666666667,0.0
2025-04-04 21:00:00,2.308333333333333,0.0,0.6585,0.0,7.280666666666666,0.0
2025-04-04 22:00:00,2.631666666666667,0.0,0.8533833333333334,0.0,8.056666666666667,0.0
2025-04-04 23:00:00,3.1895000000000002,0.0,0.6580833333333334,0.0,7.2571666666666665,0.0
2025-04-05 00:00:00,3.1326666666666667,0.0,0.8775999999999999,0.0,4.479883333333333,0.0
2025-04-05 01:00:00,3.6521666666666666,0.22672,1.6798333333333335,0.0,11.064166666666667,0.0
2025-04-05 02:00:00,3.7925,0.18753333333333336,2.1373333333333333,0.0,14.046666666666665,0.0
2025-04-05 03:00:00,3.3676666666666666,0.42488333333333334,1.9385000000000001,0.0,11.734833333333334,0.0
2025-04-05 04:00:00,4.972333333333333,0.2525133333333333,3.1021666666666667,0.0,17.216666666666665,0.0
2025-04-05 05:00:00,4.731166666666667,0.11035666666666667,3.25,0.0,15.736666666666668,0.0
2025-04-05 06:00:00,4.7585,0.0015633333333333332,2.9699999999999998,0.0,19.033333333333335,0.0
2025-04-05 07:00:00,5.2065,0.69248,3.6411666666666664,0.0,19.203333333333333,0.0
2025-04-05 08:00:00,5.812666666666667,0.9531666666666666,3.372,0.0,19.52,0.0
2025-04-05 09:00:00,4.790666666666667,0.32235,3.1683333333333334,0.0,17.983333333333334,0.0
2025-04-05 10:00:00,5.143833333333333,0.21589,2.8321666666666667,0.0,15.595,0.0
2025-04-05 11:00:00,4.688000000000001,0.0018766666666666667,3.0305000000000004,0.0,17.373333333333335,0.0
2025-04-05 12:00:00,4.313999999999999,0.21317,2.36,0.0,13.3015,0.0
2025-04-05 13:00:00,3.066666666666667,0.0,1.5198333333333334,0.0,8.45,0.0
2025-04-05 14:00:00,2.2343333333333333,0.0,0.8443,0.0,6.6514999999999995,0.0
2025-04-05 15:00:00,2.0015,0.0,0.51605,0.0,7.158833333333334,0.0
2025-04-05 16:00:00,2.407166666666667,0.0,0.39425000000000004,0.0,5.418333333333334,0.0
2025-04-05 17:00:00,1.8536666666666666,0.0,0.4204666666666667,0.0,5.046166666666666,0.0
2025-04-05 18:00:00,1.5585,0.0,0.05219,0.0,0.4584733333333333,0.0
2025-04-05 19:00:00,2.2256666666666667,0.0,0.0,0.0,1.3073333333333332,0.0
2025-04-05 20:00:00,1.7195,0.0,0.0,0.0,3.3393333333333333,0.0
2025-04-05 21:00:00,1.1051333333333335,0.0,0.0,0.0,0.5748066666666667,0.0
2025-04-05 22:00:00,1.3385,0.0,0.0,0.0,0.0,0.0
2025-04-05 23:00:00,1.4909999999999999,0.0,0.0,0.0,0.0,0.0
2025-04-06 00:00:00,1.36835,0.0,0.0,0.0,0.0,0.0
2025-04-06 01:00:00,0.9846333333333334,0.0,0.0,0.0,0.0,0.0
2025-04-06 02:00:00,1.3441666666666667,0.0,0.26037,0.0,0.5818083333333333,0.0
2025-04-06 03:00:00,0.7452666666666666,0.0,0.79325,0.0,0.32759,0.0
2025-04-06 04:00:00,0.8711,0.0,0.9574666666666667,0.0,0.8335816666666667,0.0
2025-04-06 05:00:00,2.0546166666666665,0.29949,1.2618166666666668,0.0,3.3975999999999997,0.0
2025-04-06 06:00:00,2.3515,0.3952333333333333,1.536333333333333,0.0,6.857,0.0
2025-04-06 07:00:00,2.688,0.5516833333333333,1.9061666666666668,0.0,9.050333333333333,0.0
2025-04-06 08:00:00,2.416166666666667,0.4038333333333333,1.831,0.0,6.514166666666667,0.0
2025-04-06 09:00:00,2.2751666666666663,0.3864433333333333,2.039,0.0,9.514000000000001,0.0
2025-04-06 10:00:00,2.785166666666667,0.20947166666666667,2.0656666666666665,0.0,10.245166666666668,0.0
2025-04-06 11:00:00,2.564833333333333,0.115985,1.579,0.0,8.2215,0.0
2025-04-06 12:00:00,2.4263333333333335,0.20078833333333332,1.8245,0.0,9.010166666666667,0.0
2025-04-06 13:00:00,1.7953333333333332,0.0009383333333333333,1.2196166666666668,0.0,6.138,0.0
2025-04-06 14:00:00,1.3736666666666666,0.0,0.5700500000000001,0.0,3.693166666666667,0.0
2025-04-06 15:00:00,1.9821666666666666,0.0,0.38295666666666667,0.0,3.5732,0.0
2025-04-06 16:00:00,0.4577233333333333,0.0,0.0,0.0,0.05264,0.0
2025-04-06 17:00:00,0.754925,0.0,0.0,0.0,0.0,0.0
2025-04-06 18:00:00,1.9793333333333334,0.0,0.0,0.0,0.31178333333333336,0.0
2025-04-06 19:00:00,1.6247333333333331,0.0,0.16853333333333334,0.0,2.3886499999999997,0.0
2025-04-06 20:00:00,1.6032,0.0,0.3345166666666667,0.0,0.6583066666666667,0.0
2025-04-06 21:00:00,0.14335666666666666,0.0,0.008756666666666666,0.0,0.0,0.0
2025-04-06 22:00:00,0.0018766666666666667,0.0,0.22431,0.0,0.17841500000000002,0.0
2025-04-06 23:00:00,0.11316999999999999,0.0,0.19574,0.0,0.0,0.0
2025-04-07 00:00:00,0.44077333333333335,0.0,0.0,0.0,0.0,0.0
2025-04-07 01:00:00,0.3242566666666667,0.011256666666666667,0.7288233333333333,0.0,0.4781533333333333,0.0
2025-04-07 02:00:00,0.36945666666666666,0.10879,1.9516666666666667,0.0,2.1486666666666663,0.0
2025-04-07 03:00:00,0.6628666666666666,0.0,1.7165,0.0,3.3310000000000004,0.0
2025-04-07 04:00:00,1.0986166666666668,0.02845666666666667,2.640833333333333,0.0,3.7246666666666663,0.0
2025-04-07 05:00:00,1.6145,0.19159,2.8208333333333333,0.0,6.630833333333333,0.0
2025-04-07 06:00:00,1.7468333333333335,0.17379166666666668,3.343166666666667,0.0,7.387333333333333,0.0
2025-04-07 07:00:00,1.4586666666666666,0.33376833333333333,3.7308333333333334,0.0,5.9865,0.0
2025-04-07 08:00:00,2.0516666666666667,0.12004666666666666,3.9926666666666666,0.0,5.905666666666666,0.0
2025-04-07 09:00:00,1.361,0.2982383333333333,3.4986666666666664,0.0,8.144833333333333,0.0
2025-04-07 10:00:00,1.3321666666666667,0.08907333333333334,3.988,0.0,7.4815,0.0
2025-04-07 11:00:00,2.14,0.22451333333333334,2.9006666666666665,0.0,7.715,0.0
2025-04-07 12:00:00,1.0113666666666667,0.07252333333333333,2.4896666666666665,0.0,3.6453333333333333,0.0
2025-04-07 13:00:00,0.525,0.0,1.2009166666666669,0.0,4.2218333333333335,0.0
2025-04-07 14:00:00,0.46158333333333335,0.0,0.8363499999999999,0.0,3.7038333333333333,0.0
2025-04-07 15:00:00,0.14235666666666666,0.0,0.4081066666666667,0.0,1.31625,0.0
2025-04-07 16:00:00,0.236315,0.0,0.65545,0.0,0.12409,0.0
2025-04-07 17:00:00,0.32532333333333335,0.0,0.6212333333333333,0.0,0.0,0.0
2025-04-07 18:00:00,0.11504666666666667,0.0,0.3001566666666667,0.0,0.0,0.0
2025-04-07 19:00:00,0.0,0.0,0.21796333333333334,0.0,0.0,0.0
2025-04-07 20:00:00,0.33722,0.0,0.13295666666666667,0.0,0.0,0.0
2025-04-07 21:00:00,0.4635433333333333,0.0,0.0,0.0,0.08109999999999999,0.0
2025-04-07 22:00:00,0.2525233333333333,0.0,0.0018766666666666667,0.0,1.46825,0.0
2025-04-07 23:00:00,0.0,0.0,0.3048533333333333,0.0,1.1567166666666668,0.0
2025-04-08 00:00:00,0.38329166666666664,0.0,0.0,0.0,0.22610666666666665,0.0
2025-04-08 01:00:00,0.29055,0.0,0.0,0.0,1.0690733333333333,0.0
2025-04-08 02:00:00,0.0052116666666666665,0.4113266666666667,0.0,0.0,0.0,0.0
2025-04-08 03:00:00,0.26077833333333333,0.18441333333333335,0.21363666666666664,0.0,0.41263,0.0
2025-04-08 04:00:00,0.5660000000000001,0.024390000000000002,0.5554333333333333,0.0,2.596166666666667,0.0
2025-04-08 05:00:00,0.96445,0.0,0.8385666666666667,0.0,2.33605,0.0
2025-04-08 06:00:00,0.9716166666666666,0.01875,0.85825,0.0,2.61565,0.0
2025-04-08 07:00:00,0.9067333333333334,0.8183666666666667,0.87805,0.0,1.8088000000000002,0.0
2025-04-08 08:00:00,0.9905833333333334,0.08939000000000001,1.651166666666667,0.40007000000000004,4.573666666666667,0.0
2025-04-08 09:00:00,2.0140666666666664,0.0,1.1764000000000001,1.1365333333333334,3.4146666666666667,0.0
2025-04-08 10:00:00,2.7031666666666667,0.0,1.0552666666666668,1.2842500000000001,3.6783333333333332,0.0
2025-04-08 11:00:00,1.837,0.0012500000000000002,1.5716833333333333,1.2913333333333334,3.308666666666667,0.0
2025-04-08 12:00:00,2.0885000000000002,0.14543999999999999,1.0494166666666667,0.9196500000000001,2.8132500000000005,0.0
2025-04-08 13:00:00,2.245833333333333,0.0,0.62295,0.27266666666666667,1.6691566666666666,0.0
2025-04-08 14:00:00,3.6141666666666667,0.0,1.1123,0.9019166666666667,0.0,0.0
2025-04-08 15:00:00,2.3996666666666666,0.0,1.4428333333333334,1.2182666666666668,0.07073333333333333,0.0
2025-04-08 16:00:00,1.9908333333333335,0.0,0.9414333333333332,1.1692,0.5900333333333333,0.0
2025-04-08 17:00:00,0.38213,0.0,0.8277333333333333,0.8802833333333333,0.14442333333333332,0.0
2025-04-08 18:00:00,0.5938833333333334,0.0,0.5845833333333333,0.8466666666666666,0.0,0.0
2025-04-08 19:00:00,0.8488833333333333,0.0,0.13410666666666668,0.8679833333333333,0.0,0.0
2025-04-08 20:00:00,0.15775,0.0,1.1580833333333334,1.07115,0.17666666666666667,0.0
2025-04-08 21:00:00,0.4995833333333334,0.0,1.5390000000000001,1.2548833333333334,0.7080666666666667,0.0
2025-04-08 22:00:00,0.36110000000000003,0.0,1.4016666666666666,1.2029166666666666,0.5200466666666667,0.0
2025-04-08 23:00:00,0.7029833333333334,0.0,1.724,1.2704166666666665,1.5461,0.0
2025-04-09 00:00:00,0.8551833333333333,0.0,1.1376166666666667,1.2075,0.884755,0.0
2025-04-09 01:00:00,0.6405833333333334,0.0,1.544,1.6119999999999999,1.5226,0.0
2025-04-09 02:00:00,0.7289333333333333,0.0,1.415,1.4685,1.0240483333333334,0.0
2025-04-09 03:00:00,1.0322,0.0,1.6211666666666666,1.6804999999999999,2.099333333333333,0.0
2025-04-09 04:00:00,1.3605833333333335,0.12135666666666665,1.9335,1.9576666666666669,2.1055,2.12235
2025-04-09 05:00:00,1.1987666666666668,0.24180333333333334,2.5356666666666663,2.3156666666666665,2.8573333333333335,3.633666666666667
2025-04-09 06:00:00,0.8387666666666667,0.0018766666666666667,2.8288333333333333,3.008,3.2746666666666666,4.3020000000000005
2025-04-09 07:00:00,2.7544166666666663,0.28707333333333335,2.8623333333333334,2.6694999999999998,3.917666666666667,4.579166666666667
2025-04-09 08:00:00,2.988,0.00469,3.494666666666667,2.8318333333333334,4.2604999999999995,5.400166666666666
2025-04-09 09:00:00,3.429333333333333,0.0,3.3386666666666667,2.6838333333333333,4.7565,5.8998333333333335
2025-04-09 10:00:00,4.2843333333333335,0.0,3.2605,2.924,5.0905000000000005,6.461666666666667
2025-04-09 11:00:00,3.680333333333333,0.0,3.1125,2.614833333333333,4.7508333333333335,6.5915
2025-04-09 12:00:00,3.5226666666666664,0.0,3.4671666666666665,2.5265,4.4623333333333335,6.065166666666667
2025-04-09 13:00:00,3.2319999999999998,0.0,2.1868333333333334,2.051,4.3935,5.0635
2025-04-09 14:00:00,3.4613333333333336,0.0,1.7443333333333333,1.6771666666666667,3.4373333333333336,4.510166666666667
2025-04-09 15:00:00,3.4241666666666664,0.0,2.3680000000000003,1.9468333333333334,3.9023333333333334,5.559333333333333
2025-04-09 16:00:00,2.8689999999999998,0.0,1.9015,1.6695,3.6854999999999998,4.424666666666667
2025-04-09 17:00:00,3.240333333333333,0.0,1.3508333333333333,1.7921666666666667,3.4888333333333335,4.356333333333334
2025-04-09 18:00:00,2.6401666666666666,0.0,1.37295,1.5731666666666666,2.7141666666666664,3.6365
2025-04-09 19:00:00,2.5588333333333333,0.0,0.9810166666666666,1.2223333333333335,2.311,2.9491666666666663
2025-04-09 20:00:00,1.7482166666666668,0.0,1.1497,1.193,2.0883333333333334,2.8868333333333336
2025-04-09 21:00:00,0.8899666666666667,0.0,0.7640499999999999,1.0114333333333334,1.6686666666666667,2.4488333333333334
2025-04-09 22:00:00,1.5710000000000002,0.0,0.6978833333333333,1.0379833333333333,2.3569999999999998,2.6353333333333335
2025-04-09 23:00:00,1.1259166666666667,0.0,0.71285,0.75335,1.7205000000000001,1.8706666666666665
2025-04-10 00:00:00,0.9420166666666667,0.0,0.6420399999999999,0.9633333333333333,1.207,1.7348833333333333
2025-04-10 01:00:00,1.8185,0.13966666666666666,0.6307333333333334,0.9413,1.6146333333333334,1.7295
2025-04-10 02:00:00,1.9486666666666668,1.1674499999999999,1.2326166666666665,1.0703500000000001,2.1518333333333333,2.1003333333333334
2025-04-10 03:00:00,2.6846666666666668,2.3459999999999996,0.5368466666666667,1.5146000000000002,2.115,2.5483333333333333
2025-04-10 04:00:00,2.6886666666666668,2.786,0.7508433333333334,1.6956666666666667,2.316666666666667,2.992166666666667
2025-04-10 05:00:00,3.594333333333333,3.4536666666666664,2.5301666666666667,1.9933333333333332,2.7968333333333333,3.8506666666666667
2025-04-10 06:00:00,4.127833333333333,4.226833333333333,2.684833333333333,2.4114999999999998,3.7886666666666664,4.376666666666667
2025-04-10 07:00:00,4.411333333333333,5.229833333333334,2.964,3.0698333333333334,4.168833333333334,5.325666666666667
2025-04-10 08:00:00,4.5840000000000005,5.303833333333333,3.1540000000000004,3.0361666666666665,4.328333333333333,5.556
2025-04-10 09:00:00,5.2445,5.696166666666667,3.5478333333333336,2.8935000000000004,4.6665,5.755166666666667
2025-04-10 10:00:00,5.364166666666667,5.841666666666667,3.5861666666666663,3.1123333333333334,4.601833333333333,6.342
2025-04-10 11:00:00,5.688666666666666,6.644,3.4701666666666666,3.2916666666666665,5.1415,6.383166666666667
2025-04-10 12:00:00,6.1594999999999995,6.498166666666666,3.445,3.193,6.011166666666667,7.328333333333333
2025-04-10 13:00:00,6.6418333333333335,6.7715000000000005,3.2081666666666666,2.970833333333333,6.296833333333334,7.2283333333333335
2025-04-10 14:00:00,6.664,7.73,3.8995,3.5005,7.464833333333333,7.4935
2025-04-10 15:00:00,5.482333333333333,7.509666666666666,3.4155,3.179666666666667,5.8315,7.694333333333334
2025-04-10 16:00:00,6.805666666666666,7.481,4.6578333333333335,3.6300000000000003,7.009333333333333,7.827333333333333
2025-04-10 17:00:00,6.8375,11.993333333333334,3.9363333333333332,3.466833333333333,6.5385,8.836500000000001
2025-04-10 18:00:00,6.4525,8.092,4.1255,4.066,7.665666666666667,8.687333333333333
2025-04-10 19:00:00,6.577166666666667,8.230833333333333,3.715333333333333,3.8121666666666667,6.385000000000001,8.487
2025-04-10 20:00:00,6.783833333333333,8.530666666666667,4.308166666666667,3.9746666666666663,7.450833333333334,8.422833333333333
2025-04-10 21:00:00,6.540666666666667,9.312000000000001,4.024333333333334,3.784666666666667,6.911166666666667,8.318333333333333
2025-04-10 22:00:00,7.328166666666666,9.0735,4.268,3.7426666666666666,6.744666666666666,8.832500000000001
2025-04-10 23:00:00,6.781166666666667,7.7205,4.1635,4.177666666666666,7.388000000000001,8.864666666666666
2025-04-11 00:00:00,6.440333333333333,8.080333333333334,4.009833333333334,3.7376666666666667,6.033166666666667,6.758333333333334
2025-04-11 01:00:00,6.1433333333333335,6.935833333333333,3.637,3.4411666666666667,5.647333333333333,7.023166666666667
2025-04-11 02:00:00,5.864833333333333,6.0385,3.0516666666666667,3.3011666666666666,5.529833333333333,6.786666666666666
2025-04-11 03:00:00,6.112,6.255666666666667,3.5008333333333335,2.9728333333333334,5.407666666666667,6.493666666666667
2025-04-11 04:00:00,6.570166666666666,7.3175,4.1875,3.177,6.238,7.4355
2025-04-11 05:00:00,7.422333333333333,8.490333333333334,4.717666666666667,4.223166666666667,6.570333333333334,8.235666666666667
2025-04-11 06:00:00,8.101,11.672833333333333,4.708833333333333,3.9618333333333333,7.731,9.204833333333333
2025-04-11 07:00:00,7.138999999999999,8.443,4.404,3.9495,7.140166666666667,8.346166666666667
2025-04-11 08:00:00,6.331,8.605666666666668,4.524666666666667,3.8016666666666667,7.1395,8.489666666666666
2025-04-11 09:00:00,6.155333333333333,7.742,4.301,4.275833333333334,6.630166666666667,8.740166666666665
2025-04-11 10:00:00,5.057,6.445833333333334,3.507833333333333,3.3426666666666667,6.479166666666667,8.201166666666667
2025-04-11 11:00:00,4.439666666666667,6.882499999999999,3.556166666666667,3.0091666666666668,5.415333333333334,6.630333333333334
2025-04-11 12:00:00,3.8314999999999997,5.171166666666666,3.3386666666666667,2.9473333333333334,4.3293333333333335,5.907333333333333
2025-04-11 13:00:00,2.977333333333333,4.2603333333333335,2.591,2.2843333333333335,4.113833333333333,4.995666666666667
2025-04-11 14:00:00,2.816666666666667,4.3075,2.3373333333333335,2.0768333333333335,3.5015,4.876499999999999
2025-04-11 15:00:00,2.842,3.9069999999999996,2.1086666666666667,2.0785,3.0675000000000003,4.482333333333333
2025-04-11 16:00:00,3.4066666666666667,5.042166666666668,2.2041666666666666,2.1275,3.8296666666666668,5.3853333333333335
2025-04-11 17:00:00,3.287,4.848,2.547166666666667,2.5148333333333337,4.298,5.817833333333334
2025-04-11 18:00:00,2.7373333333333334,3.5796666666666668,2.2495,2.0668333333333333,3.615,5.572666666666667
2025-04-11 19:00:00,2.0683333333333334,3.1473333333333335,1.8236666666666668,1.526,2.509,3.4048333333333334
2025-04-11 20:00:00,1.6306666666666667,3.1319999999999997,1.3013333333333332,1.7659833333333335,2.7506666666666666,3.8855
2025-04-11 21:00:00,2.2595,2.8543333333333334,1.0279,1.0792833333333334,2.2306666666666666,2.884333333333333
2025-04-11 22:00:00,2.603,3.0959999999999996,1.4909999999999999,1.2383333333333333,2.259666666666667,2.8718333333333335
2025-04-11 23:00:00,2.3863333333333334,2.9313333333333333,1.6016666666666666,1.0306666666666666,1.988,2.3281666666666667
2025-04-12 00:00:00,2.3066666666666666,2.4935,1.5113333333333334,1.4789999999999999,1.921,2.164333333333333
2025-04-12 01:00:00,1.9956666666666665,2.083666666666667,1.3420166666666666,1.6413333333333333,2.4,2.234
2025-04-12 02:00:00,2.397,2.8808333333333334,1.9186666666666667,1.8536666666666666,2.4406666666666665,2.6988333333333334
2025-04-12 03:00:00,2.207666666666667,2.3800000000000003,1.8218333333333334,1.4002166666666667,2.1475,2.4568333333333334
2025-04-12 04:00:00,1.7008333333333332,1.7881,1.3744,1.4004666666666667,1.4513333333333334,1.6101666666666667
2025-04-12 05:00:00,1.4691666666666667,1.5530666666666666,1.1036499999999998,1.1618833333333332,1.0853333333333335,1.145
2025-04-12 06:00:00,1.0112833333333333,1.2330666666666665,1.2589166666666667,1.4315,1.0352666666666666,1.2277166666666666
2025-04-12 07:00:00,1.1592166666666666,1.668,1.1365166666666666,1.4903333333333333,1.3831,1.1484333333333334
2025-04-12 08:00:00,1.569,1.1115666666666668,0.9742833333333334,1.1333,1.0887666666666667,1.3108333333333335
2025-04-12 09:00:00,0.9625166666666666,0.5453833333333333,0.9521999999999999,1.1057666666666668,1.2552999999999999,0.9399333333333334
2025-04-12 10:00:00,1.562,0.9165,0.8157333333333334,1.1931,1.7008333333333332,1.3418333333333334
2025-04-12 11:00:00,2.0683333333333334,2.293,1.4723333333333335,1.4875,1.6486666666666667,1.9193333333333333
2025-04-12 12:00:00,1.7128333333333332,2.216333333333333,1.7551666666666668,1.1252666666666669,2.0974999999999997,2.7813333333333334
2025-04-12 13:00:00,2.6578333333333335,2.6241666666666665,0.8493833333333334,0.4637,2.3666666666666667,2.7991666666666664
2025-04-12 14:00:00,2.8271666666666664,2.951333333333333,0.7145833333333333,0.6242333333333333,2.49,3.116333333333333
2025-04-12 15:00:00,3.4551666666666665,3.0631666666666666,0.8128333333333334,0.52185,2.7816666666666667,3.689
2025-04-12 16:00:00,2.6858333333333335,2.7863333333333333,0.48625,0.4486833333333333,2.561,3.6719999999999997
2025-04-12 17:00:00,2.8251666666666666,3.0161666666666664,0.8258500000000001,0.6764833333333333,2.4766666666666666,3.4925
2025-04-12 18:00:00,2.6486666666666663,2.7471666666666668,1.627,1.5571666666666668,2.3921666666666668,3.2834999999999996
2025-04-12 19:00:00,2.7311666666666667,3.1790000000000003,1.9603333333333335,1.7725,2.6693333333333333,3.5375
2025-04-12 20:00:00,2.8251666666666666,3.4621666666666666,2.0335,1.8296666666666668,2.855166666666667,3.7183333333333333
2025-04-12 21:00:00,2.757833333333333,3.473,2.138,1.8210000000000002,2.8518333333333334,3.8561666666666667
2025-04-12 22:00:00,3.0805000000000002,3.7176666666666667,2.242,1.8921666666666668,2.405666666666667,3.3698333333333332
2025-04-12 23:00:00,3.0018333333333334,3.805333333333333,1.9735,2.071,2.4138333333333337,3.8613333333333335
2025-04-13 00:00:00,3.163,3.5781666666666667,1.805,2.626833333333333,2.7401666666666666,2.8295000000000003
2025-04-13 01:00:00,3.322166666666667,2.991333333333333,1.6693333333333333,2.5253333333333337,2.404166666666667,2.6214999999999997
2025-04-13 02:00:00,3.891,3.0366666666666666,2.041166666666667,2.620166666666667,2.943833333333333,3.2858333333333336
2025-04-13 03:00:00,3.1776666666666666,2.5604999999999998,2.111666666666667,2.4258333333333337,2.1569999999999996,2.1333333333333333
2025-04-13 04:00:00,3.2968333333333333,2.4878333333333336,2.0856666666666666,2.645,2.683333333333333,2.6106666666666665
2025-04-13 05:00:00,5.434333333333333,5.3015,2.9535,3.0725,3.296666666666667,4.897666666666667
2025-04-13 06:00:00,4.854,4.673500000000001,3.0676666666666668,2.1348333333333334,3.0208333333333335,4.690833333333333
2025-04-13 07:00:00,4.226666666666667,4.542333333333334,2.9245,2.705,4.069333333333334,5.333666666666667
2025-04-13 08:00:00,3.5785,3.6071666666666666,2.390833333333333,1.681,3.4204999999999997,5.780166666666667
2025-04-13 09:00:00,4.624333333333333,4.662999999999999,3.1093333333333333,2.5965,4.567666666666667,5.7395000000000005
2025-04-13 10:00:00,4.981,4.6273333333333335,2.9248333333333334,2.336,4.499666666666667,5.256166666666667
2025-04-13 11:00:00,2.8303333333333334,3.4011666666666667,2.3385000000000002,1.9341666666666666,3.2513333333333336,3.7405
2025-04-13 12:00:00,4.2285,5.017833333333333,2.2858333333333336,2.0385,2.4218333333333333,2.8781666666666665
2025-04-13 13:00:00,3.7661666666666664,4.966166666666667,2.5356666666666667,2.2025,3.122666666666667,3.5118333333333336
2025-04-13 14:00:00,2.4361666666666664,3.062,1.0622833333333335,1.3048,2.6176666666666666,2.8925
2025-04-13 15:00:00,1.1719333333333333,1.9594166666666666,0.5648166666666667,0.7788,1.7903333333333333,2.1893333333333334
2025-04-13 16:00:00,1.5886333333333333,1.41915,0.44666500000000003,0.6611499999999999,1.422,1.8148333333333333
2025-04-13 17:00:00,1.4846666666666666,1.5231666666666668,0.5418666666666667,0.48691666666666666,0.9228833333333333,1.2398166666666666
2025-04-13 18:00:00,2.066,2.0853333333333333,0.6335833333333334,0.73005,1.0137666666666667,1.25835
2025-04-13 19:00:00,1.7566666666666668,1.4796666666666667,0.014073333333333334,0.23237500000000003,0.8157333333333334,1.0274166666666666
2025-04-13 20:00:00,1.6805166666666667,1.9060833333333334,0.13057666666666667,0.1633966666666667,0.64105,0.71524
2025-04-13 21:00:00,1.66,1.3621,0.8956,0.7672333333333333,1.1265666666666665,1.2128833333333333
2025-04-13 22:00:00,1.4958333333333333,1.20815,0.5131,0.16695666666666667,0.9035166666666666,1.3858833333333334
2025-04-13 23:00:00,1.4043333333333334,1.8235,0.41944,0.30279666666666666,0.8522833333333334,1.0636166666666667
2025-04-14 00:00:00,0.7822833333333333,1.2107999999999999,0.0,0.9435166666666668,1.5301666666666667,1.8411666666666666
2025-04-14 01:00:00,0.5729066666666667,0.5552666666666667,0.38944166666666663,1.0529666666666666,1.7141666666666666,2.622666666666667
2025-04-14 02:00:00,2.5146666666666664,1.9881666666666666,1.2568833333333334,1.2348999999999999,2.4,3.659
2025-04-14 03:00:00,3.9185000000000003,3.7135000000000002,2.8441666666666667,2.095666666666667,3.1158333333333332,5.006833333333334
2025-04-14 04:00:00,5.144655172413793,5.586034482758621,3.021034482758621,2.4643103448275863,3.8770689655172417,5.254137931034483
2025-04-14 05:00:00,4.729,4.773666666666667,3.4258333333333337,2.9285,4.259833333333334,5.36
2025-04-14 06:00:00,4.197333333333334,4.519833333333334,2.7891666666666666,2.989,3.819166666666667,4.782666666666667
2025-04-14 07:00:00,3.8793333333333333,4.453333333333333,2.5985,2.0945,3.7271666666666667,4.027166666666667
2025-04-14 08:00:00,3.6069999999999998,3.6726666666666667,2.5683333333333334,2.0206666666666666,2.9035,2.827833333333333
2025-04-14 09:00:00,2.8728333333333333,2.7864999999999998,2.1146666666666665,1.9685,2.0816666666666666,2.704333333333333
2025-04-14 10:00:00,1.5304499999999999,1.5600999999999998,1.745,1.706,1.1560166666666667,1.6464666666666665
2025-04-14 11:00:00,1.2519666666666667,0.6638333333333333,2.2273333333333336,1.4876666666666667,1.5989,1.6805999999999999
2025-04-14 12:00:00,1.7543333333333335,1.2447000000000001,1.578,1.0592833333333334,2.0436666666666667,2.6540000000000004
2025-04-14 13:00:00,2.106,2.0795,1.0818666666666668,0.7430333333333333,2.3564999999999996,3.320666666666667
2025-04-14 14:00:00,2.443166666666667,2.4234999999999998,1.1123833333333333,0.7845666666666666,2.7760000000000002,3.7973333333333334
2025-04-14 15:00:00,2.997333333333333,3.173,1.3288333333333333,1.0623333333333334,3.0223333333333335,3.641833333333333
2025-04-14 16:00:00,3.2055,3.347166666666667,1.439,1.2341666666666666,3.2665,3.954833333333333
2025-04-14 17:00:00,3.3633333333333337,3.5968333333333335,1.7138333333333333,1.3125,3.6420000000000003,4.196666666666667
2025-04-14 18:00:00,3.6801666666666666,3.5888333333333335,1.4778333333333333,1.0293,3.2085,4.5520000000000005
2025-04-14 19:00:00,3.2883333333333336,3.4865,1.0649166666666667,1.0269,3.3459999999999996,4.696833333333333
2025-04-14 20:00:00,2.7954999999999997,3.027833333333333,0.7825166666666666,1.0570166666666667,2.992,4.226333333333334
2025-04-14 21:00:00,3.1798333333333333,3.2808333333333333,0.98765,1.3258333333333332,3.6748333333333334,4.761666666666667
2025-04-14 22:00:00,3.9585,4.240833333333333,1.5851666666666666,1.4869999999999999,4.202166666666667,4.984833333333333
2025-04-14 23:00:00,3.698166666666667,4.223,1.5043333333333335,1.5911666666666666,3.9371666666666667,4.674166666666666
2025-04-15 00:00:00,4.043,4.131166666666667,1.8163333333333334,1.8515000000000001,4.695833333333334,5.504499999999999
2025-04-15 01:00:00,4.198833333333334,4.5405,1.9558333333333333,1.6765,4.852333333333333,5.580666666666667
2025-04-15 02:00:00,4.181166666666667,4.335166666666667,2.100833333333333,1.9508333333333332,4.478,5.4165
2025-04-15 03:00:00,4.509333333333333,4.446,2.6763333333333335,2.254833333333333,4.184166666666667,5.034666666666666
2025-04-15 04:00:00,4.955166666666667,5.475,3.979833333333333,2.434166666666667,4.809166666666667,5.294333333333333
2025-04-15 05:00:00,4.5600000000000005,5.868666666666667,3.8128333333333333,2.7359999999999998,4.930499999999999,6.183666666666666
2025-04-15 06:00:00,4.8294999999999995,6.186833333333333,4.342333333333333,2.8655,5.7251666666666665,6.224333333333333
2025-04-15 07:00:00,4.572666666666667,6.093,3.522666666666667,2.8558333333333334,5.7275,6.198166666666666
2025-04-15 08:00:00,4.883666666666667,6.028666666666666,4.194166666666667,3.2861666666666665,5.317666666666667,6.9544999999999995
2025-04-15 09:00:00,4.690333333333333,5.636333333333334,4.112333333333334,3.2925,4.979,5.933833333333333
2025-04-15 10:00:00,4.639333333333334,5.669666666666667,3.765333333333333,2.7165000000000004,5.2475000000000005,6.492333333333334
2025-04-15 11:00:00,4.029166666666667,5.657666666666667,4.088166666666667,3.454333333333333,5.1113333333333335,6.234
2025-04-15 12:00:00,3.819166666666667,4.672333333333333,3.3685,2.6116666666666664,4.226666666666667,5.2108333333333325
2025-04-15 13:00:00,3.3016666666666667,3.8025,2.496666666666667,2.5758333333333336,3.2224999999999997,3.7025
2025-04-15 14:00:00,2.4021666666666666,2.5893333333333337,2.017,1.6786666666666668,2.394833333333333,2.7933333333333334
2025-04-15 15:00:00,1.9316666666666669,2.774,1.7798333333333332,1.2865666666666666,2.3400000000000003,2.9866666666666664
2025-04-15 16:00:00,2.2751666666666663,2.777833333333333,1.937,2.4155,2.3706666666666667,2.8746666666666667
2025-04-15 17:00:00,1.6255,1.8483333333333334,1.1104666666666667,1.5236666666666667,1.549,2.0856666666666666
2025-04-15 18:00:00,1.6423333333333334,1.8984999999999999,0.9950499999999999,1.4853333333333334,1.9718333333333333,2.5076666666666667
2025-04-15 19:00:00,1.2851333333333335,1.5703333333333334,1.0868333333333335,1.4516666666666667,1.787,2.231333333333333
2025-04-15 20:00:00,2.5863333333333336,2.7358333333333333,1.3313166666666667,1.01575,2.1948333333333334,2.8545000000000003
2025-04-15 21:00:00,2.416,2.414833333333333,1.4928333333333335,1.0731333333333335,1.8188333333333333,2.6696666666666666
2025-04-15 22:00:00,2.035333333333333,1.8636666666666666,0.9614166666666667,0.8425166666666667,1.4693333333333334,2.4316666666666666
2025-04-15 23:00:00,1.552,1.5648333333333333,0.8292333333333333,0.7279833333333333,1.2941666666666667,1.5996666666666668
2025-04-16 00:00:00,1.5095,1.5525,0.45566666666666666,0.6961833333333334,1.4995,1.6453333333333333
2025-04-16 01:00:00,1.5738333333333332,1.653,0.9864499999999999,1.0160833333333334,1.2223333333333335,1.4553333333333334
2025-04-16 02:00:00,1.6203333333333334,1.3599999999999999,1.1413499999999999,1.1851666666666667,1.3779666666666666,1.5388333333333333
2025-04-16 03:00:00,1.5526666666666666,1.5316666666666667,1.0718833333333333,1.1449500000000001,1.2386333333333333,1.3766333333333334
2025-04-16 04:00:00,1.9533333333333334,1.8413333333333335,1.5166666666666666,1.8034999999999999,1.8861666666666668,2.088833333333333
2025-04-16 05:00:00,2.0135,1.9635,1.204,1.5167166666666667,1.9340000000000002,2.3281666666666667
2025-04-16 06:00:00,1.4771666666666665,1.6273333333333333,1.1021,1.1596833333333334,1.8375,1.3265666666666667
2025-04-16 07:00:00,1.2970666666666666,1.2017,0.7414000000000001,0.9655666666666666,1.4577333333333333,1.6823333333333332
2025-04-16 08:00:00,1.956,1.5275,1.0671333333333335,1.6528333333333334,1.5811833333333332,1.6487166666666666
2025-04-16 09:00:00,1.709,1.9718333333333333,1.23675,1.0772666666666666,1.9561666666666668,2.3713333333333333
2025-04-16 10:00:00,2.5725,2.4843333333333333,1.3121666666666667,1.0461666666666667,2.0386666666666664,2.4703333333333335
2025-04-16 11:00:00,2.484,2.839,1.4975166666666666,1.5686666666666667,2.8546666666666667,3.5363333333333333
2025-04-16 12:00:00,2.5258333333333334,2.3141666666666665,1.469,1.313,2.7198333333333333,3.0131666666666663
2025-04-16 13:00:00,3.2425,2.3853333333333335,2.1765,1.7066666666666668,3.3808333333333334,3.2849999999999997
2025-04-16 14:00:00,3.1753333333333336,2.4743333333333335,1.5646666666666667,1.6416666666666666,3.4653333333333336,3.4785
2025-04-16 15:00:00,2.8161666666666667,2.9981666666666666,1.9498333333333333,1.6421666666666668,3.655666666666667,3.6498333333333335
2025-04-16 16:00:00,3.3281666666666667,4.638,2.3546666666666667,1.8058333333333332,3.2241666666666666,4.101333333333334
2025-04-16 17:00:00,2.3673333333333333,5.0465,2.196833333333333,2.353666666666667,3.649,5.308666666666666
2025-04-16 18:00:00,3.7478333333333333,5.404,3.1218333333333335,2.8996666666666666,5.314666666666667,7.301666666666667
2025-04-16 19:00:00,3.9916666666666667,2.4536666666666664,3.2704999999999997,2.9121666666666663,2.903833333333333,3.7203333333333335
2025-04-16 20:00:00,3.2520000000000002,1.8711666666666666,2.1326666666666667,1.9278333333333333,2.7245,3.0908333333333333
2025-04-16 21:00:00,1.8168333333333335,3.5665,1.7346666666666666,1.4866666666666668,2.6025,3.51
2025-04-16 22:00:00,1.2606833333333334,2.4451666666666667,2.1823333333333332,2.0976666666666666,2.1398333333333333,3.4724999999999997
2025-04-16 23:00:00,1.6001666666666667,1.2459333333333333,1.9726666666666666,1.8475,1.8093333333333335,2.2143333333333333
2025-04-17 00:00:00,1.3403666666666667,1.8531000000000002,2.2516666666666665,1.7583333333333333,2.0536666666666665,2.5959999999999996
2025-04-17 01:00:00,1.6131666666666669,2.1043333333333334,2.158,1.9198333333333333,1.9175,2.908666666666667
2025-04-17 02:00:00,1.6196666666666666,2.4471,2.2944999999999998,2.0921666666666665,2.1856666666666666,2.8871666666666664
2025-04-17 03:00:00,1.6531666666666667,2.9635000000000002,2.7344999999999997,2.308666666666667,3.4888333333333335,4.6531666666666665
2025-04-17 04:00:00,1.6656666666666666,2.291333333333333,2.392333333333333,2.1065,1.5781666666666667,2.1216666666666666
2025-04-17 05:00:00,1.9425,3.6570000000000005,2.295,1.9783333333333333,2.7688333333333333,3.533666666666667
2025-04-17 06:00:00,2.2378333333333336,3.429333333333333,2.1363333333333334,1.9731666666666667,3.0985,3.5356666666666663
2025-04-17 07:00:00,2.2133333333333334,4.0135,2.2013333333333334,1.9714999999999998,3.2623333333333333,3.9478333333333335
2025-04-17 08:00:00,1.959,4.3895,2.4290000000000003,2.301,2.8258333333333336,4.455
2025-04-17 09:00:00,1.7686666666666668,3.8838333333333335,1.778,1.9205,2.6430000000000002,3.5934999999999997
2025-04-17 10:00:00,1.492,3.148166666666667,1.9438333333333333,1.9541666666666666,2.8985,3.7783333333333333
2025-04-17 11:00:00,1.1379666666666668,1.6119999999999999,1.9158333333333333,1.4468333333333334,1.8604999999999998,2.5108333333333333
2025-04-17 12:00:00,0.9838,1.3979,2.2236666666666665,1.5786666666666667,1.9668333333333334,1.9395
2025-04-17 13:00:00,1.0478333333333334,2.0240333333333336,1.9658333333333333,1.7645000000000002,2.089,3.031
2025-04-17 14:00:00,1.3085,3.2401666666666666,2.7041666666666666,2.3886666666666665,2.8503333333333334,4.001
2025-04-17 15:00:00,1.6568333333333334,2.421666666666667,3.0976666666666666,2.4286666666666665,2.154333333333333,2.8848333333333334
2025-04-17 16:00:00,2.2819999999999996,1.4238666666666666,3.0121666666666664,1.8511666666666666,1.6761666666666668,2.443166666666667
2025-04-17 17:00:00,2.0313333333333334,1.0564,2.6214999999999997,2.0586666666666664,1.8821666666666668,2.6265
2025-04-17 18:00:00,1.5383333333333333,1.385,3.0564999999999998,2.0536666666666665,1.76,2.585666666666667
2025-04-17 19:00:00,3.8721666666666668,1.0428333333333333,3.0985,2.6363333333333334,1.6223333333333334,1.4825000000000002
2025-04-17 20:00:00,4.913333333333333,1.546,3.3495,2.5454999999999997,1.9716666666666667,1.6641666666666666
2025-04-17 21:00:00,1.7685,1.3209166666666665,2.043833333333333,1.4491666666666667,1.602,1.9513333333333334
2025-04-17 22:00:00,1.7932833333333333,0.7289,2.085166666666667,1.8743333333333332,1.2581666666666667,1.2773
2025-04-17 23:00:00,1.6783333333333335,1.7971,2.1565,1.8161666666666667,1.7521666666666667,2.0551666666666666
2025-04-18 00:00:00,1.10665,2.0778333333333334,2.1959999999999997,1.8398333333333334,1.7781666666666667,2.586
2025-04-18 01:00:00,0.9840666666666666,2.01,1.812,1.6125,1.7356666666666667,2.4726666666666666
2025-04-18 02:00:00,1.2521666666666667,2.5133333333333336,2.308,2.0463333333333336,2.6738333333333335,3.7006666666666663
2025-04-18 03:00:00,1.63,2.759,2.7468333333333335,2.468166666666667,2.6985,3.640333333333333
2025-04-18 04:00:00,2.8088333333333333,1.5128333333333333,2.9653333333333336,2.4271666666666665,2.105166666666667,2.5008333333333335
2025-04-18 05:00:00,1.6044666666666667,1.471,2.2736666666666663,2.1885,1.6591666666666667,1.7033333333333334
2025-04-18 06:00:00,1.1796666666666666,2.2015000000000002,1.7878333333333332,1.4003333333333332,1.2774666666666665,1.8223333333333334
2025-04-18 07:00:00,1.3545,2.9715,2.0433333333333334,1.6226666666666667,2.2,2.931
2025-04-18 08:00:00,1.426,2.859166666666667,2.3213333333333335,1.7570000000000001,2.0243333333333333,3.305333333333333
2025-04-18 09:00:00,1.2011666666666665,2.0959999999999996,2.31,1.9773333333333334,2.7508333333333335,4.142833333333333
2025-04-18 10:00:00,1.0192,2.0738333333333334,1.4756166666666668,1.4335,2.2986666666666666,3.7371666666666665
2025-04-18 11:00:00,1.5150000000000001,3.114833333333334,1.9534999999999998,1.4487333333333334,2.565,3.3796666666666666
2025-04-18 12:00:00,1.4012,2.7628333333333335,1.6828333333333334,1.5788333333333333,1.9445000000000001,3.0295
2025-04-18 13:00:00,1.6741,3.219666666666667,1.4745,1.1553833333333334,1.839,2.8753333333333333
2025-04-18 14:00:00,0.71185,1.3484666666666667,1.5258333333333334,1.2223666666666666,1.4278333333333333,1.8473333333333335
2025-04-18 15:00:00,1.1993,2.165833333333333,1.0041,1.0692833333333334,1.8015,2.3775
2025-04-18 16:00:00,2.4871666666666665,2.8236666666666665,1.2324666666666666,1.1502833333333333,2.2948333333333335,2.9435000000000002
2025-04-18 17:00:00,2.211,3.509666666666667,1.4743333333333333,1.3883333333333332,2.5708333333333333,3.42
2025-04-18 18:00:00,2.569,4.018166666666667,1.7266666666666666,1.6698333333333333,2.6454999999999997,3.3415000000000004
2025-04-18 19:00:00,1.7505,2.6229999999999998,1.715,1.3726666666666667,2.0011666666666668,3.0498333333333334
2025-04-18 20:00:00,0.9514666666666667,1.7823333333333333,1.3154166666666667,1.6358333333333335,1.9218333333333333,2.4136666666666664
2025-04-18 21:00:00,1.794,2.758666666666667,1.7914166666666667,1.6796666666666666,2.6713333333333336,3.2185
2025-04-18 22:00:00,1.6318833333333334,2.9735,2.191333333333333,2.326,3.3401666666666667,3.929333333333333
2025-04-18 23:00:00,1.5960500000000002,1.9865,1.2782166666666666,1.5753333333333333,2.6694999999999998,3.9074999999999998
2025-04-19 00:00:00,2.4111666666666665,2.5136666666666665,1.1866833333333333,1.0801166666666666,2.4638333333333335,3.8986666666666663
2025-04-19 01:00:00,2.0451666666666664,3.045166666666667,1.2630666666666668,1.2143333333333333,1.9653333333333334,2.689
2025-04-19 02:00:00,1.9885,2.622666666666667,1.5598333333333334,1.1448333333333334,2.0675,2.693833333333333
2025-04-19 03:00:00,2.4691666666666667,3.136,1.6613333333333336,1.0581,2.0391666666666666,2.367
2025-04-19 04:00:00,2.3408333333333333,2.978833333333333,1.6825,1.2585166666666665,2.7693333333333334,3.4871666666666665
2025-04-19 05:00:00,2.680333333333333,2.9203333333333332,2.030333333333333,1.8511666666666666,2.8135,3.6611666666666665
2025-04-19 06:00:00,2.9018333333333337,3.6910000000000003,2.179666666666667,1.5513333333333332,2.781833333333333,3.8515
2025-04-19 07:00:00,3.3625,3.5645000000000002,2.2291666666666665,1.5836666666666666,3.3138333333333336,4.304833333333334
2025-04-19 08:00:00,3.042333333333333,4.055666666666666,2.4998333333333336,1.4631666666666667,3.0866666666666664,4.012666666666666
2025-04-19 09:00:00,2.5496666666666665,3.549,1.9338333333333333,1.5155,2.6798333333333333,3.6838333333333333
2025-04-19 10:00:00,2.5588333333333333,3.146,1.9436666666666667,1.1400000000000001,2.5181666666666667,2.834
2025-04-19 11:00:00,2.904333333333333,3.162,1.825,1.39815,2.1531666666666665,2.6653333333333333
2025-04-19 12:00:00,2.4145,2.754833333333333,1.709,1.2502166666666668,2.0783333333333336,2.5813333333333333
2025-04-19 13:00:00,1.9625,2.3796666666666666,1.1360666666666668,0.8896166666666667,1.8291666666666666,2.234166666666667
2025-04-19 14:00:00,2.0396666666666667,2.2555,1.1585333333333334,0.6944,1.9549999999999998,1.9548333333333332
2025-04-19 15:00:00,2.1426666666666665,2.1148333333333333,0.9347666666666666,0.8549166666666667,1.57,1.4598333333333333
2025-04-19 16:00:00,2.0778333333333334,2.109,1.133,0.9828333333333333,1.6083333333333334,2.1401666666666666
2025-04-19 17:00:00,2.4641666666666664,2.5791666666666666,1.4108333333333334,0.99755,1.6815,2.341333333333333
2025-04-19 18:00:00,2.1863333333333332,2.6361666666666665,1.8221666666666667,1.0930833333333332,2.194,2.008
2025-04-19 19:00:00,2.2906666666666666,2.0225,1.1455666666666666,0.8977333333333333,1.5291666666666666,2.9301666666666666
2025-04-19 20:00:00,2.0595000000000003,2.0305,1.0835000000000001,0.6474,1.7171666666666667,2.1388333333333334
2025-04-19 21:00:00,2.2438333333333333,2.100833333333333,0.8132333333333333,0.5692,1.6831666666666665,2.1135
2025-04-19 22:00:00,2.278833333333333,2.033333333333333,0.7137666666666667,0.5881166666666666,1.7421666666666666,2.2813333333333334
2025-04-19 23:00:00,1.9846666666666666,2.351,1.0110166666666667,0.6475000000000001,1.6090000000000002,2.1975
2025-04-20 00:00:00,2.4353333333333333,2.418,1.55,1.11855,1.6435,1.8448333333333333
2025-04-20 01:00:00,3.183,2.8811666666666667,1.6291666666666667,1.601,2.018333333333333,2.342833333333333
2025-04-20 02:00:00,2.8768333333333334,3.070666666666667,1.7185,1.5096666666666667,2.0785,2.7849999999999997
2025-04-20 03:00:00,2.6228333333333333,2.4305000000000003,1.8568333333333333,1.6351666666666667,2.1,2.5843333333333334
2025-04-20 04:00:00,3.271,2.695333333333333,2.1605,1.6911666666666667,2.083833333333333,2.7896666666666667
2025-04-20 05:00:00,2.8121666666666667,2.9838333333333336,1.9028333333333334,1.6011666666666666,2.165833333333333,2.6858333333333335
2025-04-20 06:00:00,2.579833333333333,2.5345,1.5545,1.3098833333333333,1.9906666666666666,2.346166666666667
2025-04-20 07:00:00,2.5805000000000002,2.6741666666666664,1.7905000000000002,1.7931666666666668,2.4493333333333336,2.704333333333333
2025-04-20 08:00:00,2.230166666666667,2.8455,1.915,1.931,2.1081666666666665,2.4178333333333333
2025-04-20 09:00:00,2.226833333333333,2.673,1.8216666666666665,1.6544999999999999,1.8150000000000002,2.2393333333333336
2025-04-20 10:00:00,2.528,2.1396666666666664,1.7734999999999999,1.3953333333333333,1.3897666666666666,1.5911666666666666
2025-04-20 11:00:00,2.4623333333333335,2.329333333333333,1.6538333333333335,1.345,1.4743333333333333,1.2666
2025-04-20 12:00:00,2.0068333333333332,1.7354666666666667,1.1787999999999998,1.1735666666666666,0.9512,1.74355
2025-04-20 13:00:00,0.51579,0.9215,0.4029,0.5905233333333333,0.3999666666666667,0.70255
2025-04-20 14:00:00,0.40055,0.08359,0.19369,0.0,0.5006466666666667,0.9878
2025-04-20 15:00:00,0.47601666666666664,0.0,0.12127666666666667,0.0,1.3202666666666665,1.811
2025-04-20 16:00:00,1.0503,0.09773333333333332,0.41131666666666666,0.07356666666666666,1.2498333333333334,2.1959999999999997
2025-04-20 17:00:00,0.8698333333333333,0.8580333333333333,0.31922333333333336,0.28648999999999997,0.5030033333333334,1.2498833333333332
2025-04-20 18:00:00,0.5848166666666667,0.9510500000000001,0.0,0.0,0.5151166666666667,0.43548
2025-04-20 19:00:00,0.7769999999999999,0.20199666666666666,0.0015633333333333332,0.0,0.05221,0.22654666666666667
2025-04-20 20:00:00,1.6490666666666667,0.9126166666666666,0.45937833333333333,0.30545333333333335,0.46054333333333336,0.37436
2025-04-20 21:00:00,1.8516666666666666,2.057166666666667,0.6507333333333333,0.19878,1.5042166666666668,0.9773999999999999
2025-04-20 22:00:00,2.0416666666666665,1.17025,0.6023833333333334,0.16065,1.1931666666666667,1.569
2025-04-20 23:00:00,1.3741666666666668,1.7976666666666667,0.37185666666666667,0.11692,1.3529000000000002,1.9128333333333332
2025-04-21 00:00:00,0.82435,0.9484333333333334,0.20285666666666666,0.0,0.2924366666666666,0.5793333333333333
2025-04-21 01:00:00,0.7930166666666667,0.6707333333333333,0.15172333333333335,0.0,0.30007666666666666,0.50309
2025-04-21 02:00:00,0.66095,0.5050833333333333,0.0003133333333333333,0.2762233333333333,0.13679,0.27937
2025-04-21 03:00:00,0.3636,0.4134,0.40109333333333336,0.26781333333333335,0.22571333333333332,0.21939833333333333
2025-04-21 04:00:00,1.0573333333333332,0.6937166666666666,0.6790666666666667,0.5307666666666667,0.6860166666666667,0.5271
2025-04-21 05:00:00,1.3486,1.1025666666666667,0.8736666666666667,0.8847,0.9914333333333333,1.1717166666666665
2025-04-21 06:00:00,2.1253333333333333,2.1983333333333333,1.4556666666666667,1.1641333333333332,1.7229999999999999,1.6965000000000001
2025-04-21 07:00:00,1.708,1.6841666666666666,1.2123166666666667,1.3845,2.3006666666666664,2.5974999999999997
2025-04-21 08:00:00,2.5433333333333334,2.7944999999999998,2.1406666666666667,2.0181666666666667,2.7755,3.387
2025-04-21 09:00:00,2.9916666666666667,2.8036666666666665,2.322666666666667,1.9415,2.6719999999999997,3.4410000000000003
2025-04-21 10:00:00,2.7321666666666666,3.0515,2.1703333333333332,1.7761666666666664,2.9305000000000003,3.305
2025-04-21 11:00:00,1.9258333333333333,2.0556666666666668,1.3138333333333334,1.25395,1.4729666666666668,2.508
2025-04-21 12:00:00,1.7661666666666667,2.384666666666667,1.5481666666666667,0.9783833333333334,2.4503333333333335,2.670166666666667
2025-04-21 13:00:00,1.5970000000000002,1.6108333333333333,0.6900833333333334,0.6100833333333333,1.4014166666666665,1.0114333333333334
2025-04-21 14:00:00,1.7193333333333334,1.8648333333333333,0.29178333333333334,0.5192833333333333,0.415715,0.7562333333333334
2025-04-21 15:00:00,1.8393333333333333,2.099333333333333,0.9831166666666667,1.2340000000000002,1.958,2.2141666666666664
2025-04-21 16:00:00,1.623,1.8431666666666666,0.8914833333333333,0.9702166666666667,1.3374,1.6856666666666666
2025-04-21 17:00:00,1.976,1.9641666666666666,0.6232500000000001,0.8634000000000001,1.603,1.875
2025-04-21 18:00:00,1.5718333333333334,1.9023333333333334,0.9602333333333333,1.0774166666666667,1.4321666666666666,1.6413333333333333
2025-04-21 19:00:00,1.4589999999999999,1.2849833333333334,0.5533,0.9199666666666667,1.0710333333333333,1.6641666666666666
2025-04-21 20:00:00,1.1401666666666666,0.8454666666666667,0.43141666666666667,0.487,0.6755833333333333,1.32
2025-04-21 21:00:00,0.8775499999999999,0.95285,0.6632,0.66,0.84145,1.8495
2025-04-21 22:00:00,1.3836666666666666,1.3475333333333335,0.3385633333333333,0.5820833333333333,1.2103333333333335,2.3021666666666665
2025-04-21 23:00:00,1.3736666666666666,1.2872666666666668,0.3005566666666667,0.6516166666666667,0.8485333333333334,1.6931666666666667
2025-04-22 00:00:00,0.7120666666666666,0.60955,0.014073333333333334,0.3745733333333333,0.9410666666666666,1.8793333333333335
2025-04-22 01:00:00,1.08595,0.9757666666666667,0.5519499999999999,0.6624833333333334,0.8936666666666666,1.4608333333333334
2025-04-22 02:00:00,1.5816666666666668,1.8738333333333335,1.11265,0.94225,1.1392,1.0813
2025-04-22 03:00:00,2.3255,2.832,1.4979166666666666,1.4102833333333333,1.8806666666666667,1.9645833333333333
2025-04-22 04:00:00,3.0476666666666667,3.293,2.315833333333333,1.6656666666666666,3.4008333333333334,4.275333333333333
2025-04-22 05:00:00,3.846166666666667,4.1946666666666665,2.756333333333333,2.080833333333333,3.2198333333333333,4.181
2025-04-22 06:00:00,4.382666666666666,4.962666666666666,2.533333333333333,2.3801666666666668,4.493833333333333,5.1825
2025-04-22 07:00:00,3.8201666666666667,4.780666666666666,2.933,2.5113333333333334,3.7085,4.193833333333333
2025-04-22 08:00:00,3.456166666666667,4.208166666666667,2.8513333333333337,2.4111666666666665,3.8040000000000003,4.048
2025-04-22 09:00:00,3.56,4.901333333333333,2.709166666666667,2.491333333333333,3.3945,4.7775
2025-04-22 10:00:00,3.6790000000000003,4.3805,2.8721666666666668,2.4578333333333333,4.064333333333333,4.751833333333334
2025-04-22 11:00:00,3.2383333333333337,3.6573333333333333,2.5716666666666668,2.347,3.021666666666667,3.5189999999999997
2025-04-22 12:00:00,2.3104999999999998,2.9926666666666666,1.7228333333333334,1.6458333333333333,2.7478333333333333,3.584166666666667
2025-04-22 13:00:00,1.3743333333333332,2.2531666666666665,1.17335,1.1644166666666667,1.5712166666666667,2.3568333333333333
2025-04-22 14:00:00,1.0202666666666667,1.7798333333333332,0.41677666666666663,0.37207333333333337,0.12727333333333332,0.8388333333333333
2025-04-22 15:00:00,0.38021666666666665,0.73485,0.050313333333333335,0.07752666666666667,0.4217416666666667,0.38069000000000003
2025-04-22 16:00:00,1.0648166666666667,0.7014999999999999,0.10839,0.09422333333333334,1.1223166666666666,1.6528
2025-04-22 17:00:00,1.1993333333333334,1.0372833333333333,0.0,0.0,1.1126666666666667,1.5988333333333336
2025-04-22 18:00:00,1.3978333333333335,1.4288333333333334,0.0,0.0,0.5817666666666667,0.8233666666666667
2025-04-22 19:00:00,1.1491333333333331,1.1594666666666666,0.0,0.24505666666666667,0.49121333333333334,0.6887000000000001
2025-04-22 20:00:00,1.1840833333333334,1.4675,0.0,0.0,0.7488933333333333,0.5175933333333333
2025-04-22 21:00:00,1.5401666666666667,1.8153333333333335,0.2970433333333334,0.0,0.8958166666666667,1.1529333333333334
2025-04-22 22:00:00,1.7328333333333332,2.8401666666666667,0.4700666666666667,0.19440666666666667,1.4660833333333334,1.8738333333333332
2025-04-22 23:00:00,1.6666666666666667,2.8508333333333336,0.385815,0.02064,0.99085,1.7196666666666667
2025-04-23 00:00:00,2.4859999999999998,2.8819999999999997,0.7970666666666666,0.2586233333333333,1.5929666666666666,2.3110833333333334
2025-04-23 01:00:00,1.6598333333333335,1.3951666666666667,0.15829666666666667,0.31106666666666666,0.4245333333333334,0.45772666666666667
2025-04-23 02:00:00,1.3973,1.0814333333333332,0.54985,0.5360166666666667,0.7295833333333334,0.99165
2025-04-23 03:00:00,1.3722166666666666,1.1768333333333334,1.0759333333333332,1.0387166666666667,1.0513833333333333,0.9690333333333334
2025-04-23 04:00:00,1.6143333333333334,1.4418333333333335,1.2836,1.3400333333333334,1.4508333333333332,1.9445000000000001
2025-04-23 05:00:00,1.6703333333333332,1.5746666666666667,1.5508333333333333,1.7734999999999999,2.041,2.3371666666666666
2025-04-23 06:00:00,2.0271666666666666,2.3935,1.9633333333333334,1.7168333333333334,2.289833333333333,2.5196666666666667
2025-04-23 07:00:00,2.018333333333333,2.082333333333333,1.412,1.4185,1.9371666666666667,2.2218333333333335
2025-04-23 08:00:00,2.5735,2.3433333333333333,1.5178333333333331,1.01125,2.497333333333333,2.8865
2025-04-23 09:00:00,2.7376666666666667,2.634666666666667,1.4816666666666667,1.5316666666666667,2.3626666666666667,2.8186666666666667
2025-04-23 10:00:00,2.3976666666666664,2.3066666666666666,1.2034666666666667,1.0661333333333334,1.8558333333333332,1.8378333333333332
2025-04-23 11:00:00,2.0408333333333335,1.9071666666666667,0.8071666666666667,0.7794166666666666,0.9981333333333333,1.5245
2025-04-23 12:00:00,2.5995,2.1203333333333334,1.3213166666666667,0.9925333333333334,2.633666666666667,3.4033333333333333
2025-04-23 13:00:00,3.170666666666667,3.0716666666666668,1.8461666666666665,1.2534,3.174,3.656833333333333
2025-04-23 14:00:00,3.2723333333333335,3.5693333333333332,2.0533333333333332,1.4388333333333334,3.217833333333333,3.8886666666666665
2025-04-23 15:00:00,3.374,3.2680000000000002,1.8373333333333333,1.2706666666666666,3.2756666666666665,3.7723333333333335
2025-04-23 16:00:00,2.857666666666667,2.9673333333333334,1.6636666666666668,0.9959333333333333,2.5255,3.289
2025-04-23 17:00:00,2.9133333333333336,3.3926666666666665,1.8333333333333333,1.1955833333333332,3.028,3.788333333333333
2025-04-23 18:00:00,2.9781666666666666,3.0891666666666664,1.6795,1.2883333333333333,3.181833333333333,3.9103333333333334
2025-04-23 19:00:00,2.7746666666666666,3.2358333333333333,1.9131666666666667,1.1756666666666669,3.041333333333333,4.020333333333333
2025-04-23 20:00:00,2.7628333333333335,3.2396666666666665,1.8328333333333333,1.2055,2.9455,3.5725
2025-04-23 21:00:00,2.8430000000000004,2.6955,1.5846666666666667,1.1415,2.5025,3.0816666666666666
2025-04-23 22:00:00,2.3609999999999998,2.2885,1.3655,1.1971666666666667,2.279166666666667,3.518333333333333
2025-04-23 23:00:00,2.4883333333333337,2.5385,1.5616666666666668,1.0809666666666666,2.85,3.397666666666667
2025-04-24 00:00:00,2.9808333333333334,3.2306666666666666,1.4139000000000002,1.1478166666666667,2.5908333333333333,2.9741666666666666
2025-04-24 01:00:00,3.9979999999999998,3.693,2.5391666666666666,1.5036666666666667,3.2625,3.5356666666666663
2025-04-24 02:00:00,4.270833333333333,4.196666666666667,2.538,2.0221666666666667,3.9066666666666667,4.530666666666666
2025-04-24 03:00:00,4.4245,4.887333333333333,2.6671666666666667,2.14,4.808666666666666,5.1641666666666675
2025-04-24 04:00:00,3.972,4.193833333333333,2.6951666666666667,2.226,4.260833333333333,5.026166666666667
2025-04-24 05:00:00,4.0071666666666665,3.628333333333333,2.3968333333333334,2.3891666666666667,3.9371666666666667,4.504166666666666
2025-04-24 06:00:00,3.9323333333333332,3.5488333333333335,2.5906666666666665,2.1535,3.9271666666666665,4.4735000000000005
2025-04-24 07:00:00,4.074166666666667,3.3883333333333336,2.6388333333333334,2.377666666666667,3.9066666666666667,4.8565
2025-04-24 08:00:00,3.695333333333333,3.5105,3.0656666666666665,2.195333333333333,3.6871666666666667,5.161666666666666
2025-04-24 09:00:00,3.317,3.045,2.4583333333333335,2.145,4.121666666666667,4.809666666666667
2025-04-24 10:00:00,3.393333333333333,3.334166666666667,2.230166666666667,1.7901666666666667,3.6083333333333334,4.421333333333333
2025-04-24 11:00:00,3.2726666666666664,3.168833333333333,2.1151666666666666,1.8243333333333331,3.8231666666666664,4.691833333333333
2025-04-24 12:00:00,2.977,3.052,1.6968333333333334,1.7165,3.6813333333333333,3.604
2025-04-24 13:00:00,3.1965,3.696833333333333,2.0828333333333333,1.6844999999999999,3.2984999999999998,3.9745
2025-04-24 14:00:00,2.0978333333333334,2.491,1.2601666666666667,1.3677,2.9050000000000002,4.5005
2025-04-24 15:00:00,1.9063333333333332,2.0533333333333332,1.2876333333333332,1.2408,2.5463333333333336,2.9821666666666666
2025-04-24 16:00:00,2.4033333333333333,2.1806666666666668,1.3486666666666667,1.0771666666666666,2.977,2.9593333333333334
2025-04-24 17:00:00,3.0585,2.2666666666666666,1.6256666666666668,1.06335,2.652,3.8833333333333333
2025-04-24 18:00:00,3.1073333333333335,2.6731666666666665,1.5725,1.2081666666666666,2.7555,4.327833333333333
2025-04-24 19:00:00,2.684166666666667,2.591833333333333,2.1704999999999997,1.6146666666666667,1.7719999999999998,4.192833333333334
2025-04-24 20:00:00,2.4768333333333334,2.3108333333333335,1.5320666666666665,1.3813333333333333,2.7968333333333333,4.304166666666666
2025-04-24 21:00:00,2.106333333333333,1.4605,0.8038666666666666,0.9929166666666667,1.8611666666666666,3.082
2025-04-24 22:00:00,2.2064999999999997,1.5438333333333332,1.4285999999999999,1.1485166666666666,2.1341666666666668,3.1016666666666666
2025-04-24 23:00:00,2.3401666666666667,1.9613333333333332,1.1162166666666666,1.0924833333333335,2.2053333333333334,3.1368333333333336
2025-04-25 00:00:00,2.253833333333333,2.376833333333333,1.5081666666666667,1.01205,2.147666666666667,2.6755
2025-04-25 01:00:00,2.31,2.522666666666667,1.3625166666666668,1.4038333333333335,2.284666666666667,3.0508333333333337
2025-04-25 02:00:00,2.7555,2.687,1.9331666666666665,1.6641666666666666,2.0545,2.7546666666666666
2025-04-25 03:00:00,2.3466666666666667,2.3093333333333335,1.8011666666666668,1.4268333333333334,2.0723333333333334,2.3858333333333333
2025-04-25 04:00:00,2.1668333333333334,1.8948500000000001,1.8615,1.7974999999999999,1.3205,1.9733333333333334
2025-04-25 05:00:00,2.2293333333333334,1.5460666666666667,2.0065,1.8486666666666667,1.8858333333333335,2.0271666666666666
2025-04-25 06:00:00,2.4964999999999997,1.7396666666666667,1.977,2.1486666666666663,2.1824999999999997,2.8400000000000003
2025-04-25 07:00:00,2.9,2.5204999999999997,2.4478333333333335,2.2180000000000004,3.4073333333333333,3.242
2025-04-25 08:00:00,3.0636666666666668,2.254,2.0803333333333334,2.1241666666666665,3.1166666666666667,4.2
2025-04-25 09:00:00,3.0766666666666667,2.6966666666666668,1.9258333333333333,1.9115,2.9560000000000004,4.031166666666667
2025-04-25 10:00:00,3.5363333333333333,3.3594999999999997,2.1886666666666668,1.8685,3.3913333333333333,4.051833333333334
2025-04-25 11:00:00,3.622333333333333,3.4583333333333335,2.2931666666666666,1.7541666666666667,3.307,3.7456666666666667
2025-04-25 12:00:00,3.3811666666666667,3.2268333333333334,2.1843333333333335,1.534,3.0243333333333333,3.4040000000000004
2025-04-25 13:00:00,2.7873333333333337,2.7954999999999997,1.7313333333333332,1.3493333333333333,2.954,3.8313333333333333
2025-04-25 14:00:00,2.8021666666666665,2.9016666666666664,1.4071666666666665,1.1179,2.2841666666666667,3.3775
2025-04-25 15:00:00,2.3983333333333334,2.137,1.2566666666666668,0.8169000000000001,2.0505,3.0091666666666668
2025-04-25 16:00:00,2.329833333333333,2.1955,0.8992166666666667,0.7293333333333333,2.053,2.9731666666666663
2025-04-25 17:00:00,2.369333333333333,2.6143333333333336,0.8718833333333333,0.5042666666666666,2.0453333333333332,2.984666666666667
2025-04-25 18:00:00,1.8775000000000002,2.2921666666666667,0.5690966666666667,0.34190666666666664,2.0068333333333332,2.6614999999999998
2025-04-25 19:00:00,1.3736666666666666,1.9031666666666667,0.4058833333333334,0.0,1.5753333333333333,2.0965
2025-04-25 20:00:00,1.6445,2.2303333333333333,0.49238333333333334,0.0,0.7831499999999999,1.6056666666666668
2025-04-25 21:00:00,2.0341666666666667,2.908166666666667,0.6948833333333333,0.0,1.6103333333333334,2.3865
2025-04-25 22:00:00,2.099666666666667,2.720833333333333,0.7451833333333333,0.15380666666666667,1.3317333333333332,2.2943333333333333
2025-04-25 23:00:00,2.329333333333333,2.691333333333333,0.7747666666666666,0.5172166666666667,2.0616666666666665,3.022666666666667
2025-04-26 00:00:00,2.1125,1.9395,0.7623333333333334,0.54655,2.1743333333333337,3.0646666666666667
2025-04-26 01:00:00,1.8443333333333334,1.8738333333333332,1.0221833333333334,1.07335,2.5556666666666668,2.4234999999999998
2025-04-26 02:00:00,1.9771666666666665,2.314333333333333,1.7455,1.9549999999999998,2.580833333333333,2.706
2025-04-26 03:00:00,2.6486666666666663,2.7731666666666666,2.167666666666667,1.7305,2.6636666666666664,3.6353333333333335
2025-04-26 04:00:00,2.660166666666667,3.3285,2.4255,2.2151666666666667,3.2751666666666663,4.1339999999999995
2025-04-26 05:00:00,3.3689999999999998,3.94,2.747333333333333,2.4395000000000002,3.771,3.8699999999999997
2025-04-26 06:00:00,3.445,3.7703333333333333,2.5155000000000003,2.0806666666666667,3.565833333333333,3.9166666666666665
2025-04-26 07:00:00,3.1986666666666665,3.6668333333333334,2.927833333333333,2.182,3.3623333333333334,3.6761666666666666
2025-04-26 08:00:00,3.216833333333333,3.1456666666666666,2.371,1.824,3.3971666666666667,3.4709999999999996
2025-04-26 09:00:00,2.965333333333333,3.8078333333333334,1.9113333333333336,1.7115,3.2993333333333337,3.5236666666666663
2025-04-26 10:00:00,3.2608333333333333,3.4186666666666667,1.9661666666666666,1.4134,3.8,4.120166666666667
2025-04-26 11:00:00,4.042166666666667,3.5581666666666667,1.8833333333333333,1.6598333333333335,3.7138333333333335,4.122166666666667
2025-04-26 12:00:00,4.066166666666667,4.3580000000000005,2.0498333333333334,1.6311666666666667,3.625,3.7511666666666668
2025-04-26 13:00:00,3.124,3.432,1.6495,1.3760000000000001,2.708833333333333,3.6176666666666666
2025-04-26 14:00:00,2.7261666666666664,2.9253333333333336,1.0873666666666668,1.0251666666666666,2.9661666666666666,3.3065
2025-04-26 15:00:00,2.6300000000000003,2.751,0.8628166666666667,0.6131333333333333,2.9945,3.7333333333333334
2025-04-26 16:00:00,2.5805000000000002,2.8483333333333336,0.8390666666666667,0.8302666666666667,2.5488333333333335,4.150166666666666
2025-04-26 17:00:00,2.409,3.1593333333333335,1.768,1.1856166666666668,2.8491666666666666,3.7518333333333334
2025-04-26 18:00:00,2.0948333333333333,2.8055000000000003,1.8015,1.0114833333333333,2.712,3.780333333333333
2025-04-26 19:00:00,2.259,3.0248333333333335,1.7443333333333333,0.9747,2.569166666666667,3.8233333333333333
2025-04-26 20:00:00,2.249,2.6814999999999998,1.325,0.8523333333333334,2.376833333333333,3.721166666666667
2025-04-26 21:00:00,1.6628333333333332,2.4486666666666665,0.7844833333333334,0.7943666666666667,2.317333333333333,3.695
2025-04-26 22:00:00,1.4988333333333335,2.1308333333333334,0.40121666666666667,0.5793666666666667,2.0721666666666665,2.7681666666666667
2025-04-26 23:00:00,1.9469999999999998,2.33,0.48684999999999995,0.006573333333333333,1.6625,2.0566666666666666
2025-04-27 00:00:00,1.7305,2.1751666666666667,0.40657333333333334,0.6780833333333334,1.7983333333333333,2.171666666666667
2025-04-27 01:00:00,1.4161666666666666,2.0421666666666667,1.5536666666666668,1.6875,1.7181666666666666,1.846
2025-04-27 02:00:00,2.02,1.7773333333333334,1.7463333333333333,1.4660833333333334,1.8495,1.7533333333333334
2025-04-27 03:00:00,2.6151666666666666,2.3689999999999998,2.0076666666666667,2.431833333333333,2.3658333333333332,2.4956666666666667
2025-04-27 04:00:00,3.016,3.1271666666666667,3.0436666666666667,2.8770000000000002,3.558333333333333,3.896333333333333
2025-04-27 05:00:00,3.2613333333333334,3.681166666666667,2.506333333333333,2.307,3.6225,4.4975000000000005
2025-04-27 06:00:00,3.1128333333333336,3.3041666666666667,2.4748333333333337,2.3275,3.001,3.9415
2025-04-27 07:00:00,3.043,3.0115,2.205833333333333,1.8686666666666667,3.136,3.278833333333333
2025-04-27 08:00:00,3.1125,2.5469999999999997,2.1618333333333335,1.9398333333333333,2.836,2.9410000000000003
2025-04-27 09:00:00,2.4165,2.658333333333333,1.7853333333333334,1.5855,2.4125,2.4680000000000004
2025-04-27 10:00:00,2.751,2.420666666666667,1.8075,1.9085,2.3673333333333333,2.4463333333333335
2025-04-27 11:00:00,2.2623333333333333,1.8,1.6655,1.3158666666666667,1.799,2.2976666666666667
2025-04-27 12:00:00,1.308,1.7215,1.20185,1.2531833333333333,1.5083833333333334,1.9103333333333334
2025-04-27 13:00:00,2.2813333333333334,1.8493333333333333,1.0898833333333333,0.42320166666666664,1.5021666666666667,1.8346666666666667
2025-04-27 14:00:00,2.881333333333333,3.0148333333333333,1.2169999999999999,0.8783,2.115,2.5501666666666667
2025-04-27 15:00:00,3.033333333333333,2.920166666666667,1.0551833333333334,0.7363,2.1283333333333334,3.731666666666667
2025-04-27 16:00:00,2.6088333333333336,2.7118333333333333,0.8883500000000001,0.4096166666666667,1.9908333333333335,2.6828333333333334
2025-04-27 17:00:00,2.3430000000000004,3.1043333333333334,0.8722166666666666,0.16269,1.4961666666666666,2.447666666666667
2025-04-27 18:00:00,1.9821666666666666,2.814,0.7024,0.0,1.292,3.1468333333333334
2025-04-27 19:00:00,1.6344999999999998,2.8126666666666664,0.5482,0.0,1.4726666666666666,2.8408333333333333
2025-04-27 20:00:00,1.448,2.4506666666666663,0.3026233333333333,0.0,1.4015,2.516833333333333
2025-04-27 21:00:00,1.3136666666666668,2.352,0.13004666666666667,0.42350666666666664,1.6083333333333334,2.005666666666667
2025-04-27 22:00:00,1.6870666666666667,1.8156666666666665,0.18132333333333334,0.44236666666666663,1.3715000000000002,1.5958333333333334
2025-04-27 23:00:00,1.5664666666666667,2.2763333333333335,0.34042333333333336,0.6242,1.4520333333333333,1.8528333333333333
2025-04-28 00:00:00,1.4874,1.5533333333333335,0.0,0.7159933333333334,0.6236499999999999,0.7648833333333334
2025-04-28 01:00:00,0.8776499999999999,0.7134166666666667,0.16337666666666667,0.89405,0.7178833333333333,0.7282833333333334
2025-04-28 02:00:00,1.1460000000000001,0.8601666666666666,0.7150666666666667,0.9028166666666666,1.0248166666666667,1.0068
2025-04-28 03:00:00,1.3365333333333331,1.2377166666666668,0.866,1.1026166666666666,1.2576666666666665,1.4518333333333333
2025-04-28 04:00:00,1.9645000000000001,1.621,1.32145,1.8201666666666665,2.074333333333333,2.0005
2025-04-28 05:00:00,1.8053333333333335,1.6553333333333333,1.5818333333333332,1.7816666666666665,1.9253333333333333,1.8816666666666668
2025-04-28 06:00:00,2.1229999999999998,2.093,1.3922833333333335,1.6791666666666667,2.1561666666666666,2.220833333333333
2025-04-28 07:00:00,2.2185,2.946833333333333,1.7695,1.5603333333333333,2.062133333333333,1.1642666666666666
2025-04-28 08:00:00,2.577,3.0746666666666664,2.0338333333333334,2.0995,2.493333333333333,2.0976666666666666
2025-04-28 09:00:00,1.912,3.029333333333333,2.4553333333333334,2.0575,2.265333333333333,3.0986666666666665
2025-04-28 10:00:00,2.1176666666666666,2.3215,2.45,1.9518333333333333,2.4873333333333334,3.3508333333333336
2025-04-28 11:00:00,2.0805,2.6936666666666667,2.265833333333333,1.8768333333333334,2.4295,3.4804999999999997
2025-04-28 12:00:00,1.8653333333333333,3.6301666666666668,1.9769999999999999,1.9363333333333332,2.5319999999999996,3.971166666666667
2025-04-28 13:00:00,1.8709999999999998,2.658166666666667,1.0241,1.173433333333333,2.4493333333333336,3.4033333333333333
2025-04-28 14:00:00,2.3405,3.1301666666666668,1.1815833333333332,1.0558666666666667,2.2191666666666667,3.3463333333333334
2025-04-28 15:00:00,1.9200000000000002,3.1935000000000002,0.9167333333333333,1.133,2.3938333333333333,3.6236666666666664
2025-04-28 16:00:00,1.7268333333333332,2.8611666666666666,0.8564166666666666,1.377,1.8703333333333334,2.958833333333333
2025-04-28 17:00:00,1.9193333333333333,2.3801666666666668,0.4275,1.0965,1.4166666666666667,2.1626666666666665
2025-04-28 18:00:00,1.9606666666666668,2.8898333333333333,0.24699666666666667,0.9103666666666667,1.7508333333333332,1.9278333333333333
2025-04-28 19:00:00,1.9488333333333334,3.0,0.4559666666666667,0.6506166666666666,1.6251666666666666,2.142333333333333
2025-04-28 20:00:00,2.1430000000000002,3.0496666666666665,0.6781333333333334,0.4917666666666667,1.8583333333333334,2.4685
2025-04-28 21:00:00,2.100833333333333,2.6510000000000002,0.9021833333333333,0.6269166666666667,1.6731666666666667,2.5341666666666667
2025-04-28 22:00:00,1.8573333333333333,2.5915000000000004,0.6352333333333333,0.7422,1.5791666666666666,2.3111666666666664
2025-04-28 23:00:00,2.078,2.939,0.7463666666666666,1.0201500000000001,1.7403333333333333,2.5473333333333334
2025-04-29 00:00:00,2.2449999999999997,3.1886666666666668,1.015,1.3353333333333335,2.1006666666666667,2.5373333333333337
2025-04-29 01:00:00,1.9681666666666666,2.443166666666667,1.5835166666666667,1.7095,2.484,3.120833333333333
2025-04-29 02:00:00,2.718166666666667,3.3545000000000003,2.2671666666666668,2.175,2.9236666666666666,3.5615
2025-04-29 03:00:00,2.1366666666666663,3.0395,1.9255,2.1843333333333335,2.9521666666666664,3.4516666666666667
2025-04-29 04:00:00,2.7693333333333334,3.388,2.6725,2.294166666666667,2.7939999999999996,3.7175000000000002
2025-04-29 05:00:00,2.4748333333333337,3.2051666666666665,2.5751666666666666,2.3568333333333333,3.068,3.9256666666666664
2025-04-29 06:00:00,2.5521666666666665,2.8328333333333333,2.4511666666666665,2.090333333333333,3.143333333333333,3.4178333333333333
2025-04-29 07:00:00,2.307666666666667,2.7411666666666665,2.541166666666667,1.995,2.698,3.4551666666666665
2025-04-29 08:00:00,2.2218333333333335,2.9458333333333333,2.2151666666666667,1.7728333333333335,2.8488333333333333,2.9791666666666665
2025-04-29 09:00:00,2.9601666666666664,2.8661666666666665,2.1213333333333333,2.1273333333333335,3.342,2.8388333333333335
2025-04-29 10:00:00,2.422166666666667,3.7363333333333335,1.963,2.2715,2.5701666666666667,2.759
2025-04-29 11:00:00,2.1101666666666667,3.368333333333333,2.744333333333333,2.091666666666667,3.0868333333333333,3.5073333333333334
2025-04-29 12:00:00,1.4438333333333333,1.4089666666666667,2.3965,1.9528333333333334,1.642,3.2943333333333333
2025-04-29 13:00:00,0.9301499999999999,1.8780000000000001,1.5548333333333335,1.4142833333333333,1.3136666666666665,2.4365
2025-04-29 14:00:00,0.7948500000000001,1.8756666666666666,1.378,1.04725,1.4066666666666667,2.2545
2025-04-29 15:00:00,0.7530833333333333,2.051,1.3456666666666666,0.9373166666666666,1.4433333333333331,2.7388333333333335
2025-04-29 16:00:00,0.6545000000000001,1.8378333333333332,1.1284666666666667,1.1741166666666667,1.177,2.4615
2025-04-29 17:00:00,0.97555,2.0528333333333335,0.9333333333333333,0.9540166666666666,0.8845166666666666,2.3561666666666667
2025-04-29 18:00:00,1.4096666666666666,2.0721666666666665,0.47298333333333337,0.40950666666666663,0.9637666666666667,2.0588333333333333
2025-04-29 19:00:00,1.1686666666666667,2.005,0.5487,0.19435666666666668,1.3258333333333332,2.2016666666666667
2025-04-29 20:00:00,1.4976666666666667,1.826,0.6012333333333333,0.6741833333333334,1.2874666666666668,2.3375
2025-04-29 21:00:00,1.3081666666666665,1.6701666666666666,0.8771,0.7354833333333333,1.1980333333333335,1.4793333333333334
2025-04-29 22:00:00,0.96025,1.2279666666666667,0.77175,0.7647499999999999,0.9772666666666667,1.1946
2025-04-29 23:00:00,0.6339166666666666,0.7065666666666667,0.4116,0.6282833333333334,0.9154166666666668,1.0988833333333334
2025-04-30 00:00:00,0.6844833333333333,1.01585,0.5473833333333334,0.2931066666666667,0.5476666666666666,0.61995
2025-04-30 01:00:00,0.6661,0.6847833333333334,0.3768333333333333,0.52855,0.5311400000000001,0.47547333333333336
2025-04-30 02:00:00,0.7994166666666668,0.6108,0.39837333333333336,0.5430166666666667,0.28364,0.46285000000000004
2025-04-30 03:00:00,1.2521833333333334,1.0845,0.9492333333333334,1.12635,1.1325333333333334,1.1013833333333334
2025-04-30 04:00:00,1.4271166666666666,2.1068333333333333,1.5135,1.5186666666666668,1.8288333333333333,2.1355
2025-04-30 05:00:00,1.9408333333333334,1.5526666666666666,1.4886666666666666,1.5581666666666665,1.4513333333333334,2.0008333333333335
2025-04-30 06:00:00,1.7913333333333334,1.4332166666666666,1.6036666666666666,1.7431666666666668,1.464,1.8315
2025-04-30 07:00:00,1.6778333333333333,1.7896666666666665,2.0351666666666666,1.6003333333333332,1.3880000000000001,1.7396666666666667
2025-04-30 08:00:00,1.5349166666666667,1.6751666666666667,1.573,1.6224999999999998,1.779,1.551
2025-04-30 09:00:00,2.0460000000000003,1.6004833333333333,1.7375,1.5195,1.8006666666666666,2.0793833333333334
2025-04-30 10:00:00,1.556,1.7027833333333333,1.6145,1.5178333333333334,1.9096666666666666,1.9443333333333332
2025-04-30 11:00:00,1.6366666666666667,2.165316666666667,1.7214999999999998,1.324,1.5248166666666667,1.7311833333333333
2025-04-30 12:00:00,1.726,2.6235,1.6026666666666667,1.3355,1.6724999999999999,2.6656666666666666
2025-04-30 13:00:00,1.8466666666666667,2.6064999999999996,1.2199666666666666,0.9293666666666667,1.8495,3.0258333333333334
2025-04-30 14:00:00,1.2857999999999998,2.2123333333333335,0.9313333333333332,0.5151833333333333,1.523,2.9811666666666667
2025-04-30 15:00:00,1.0712833333333334,0.6889066666666667,0.6928166666666667,0.5989,0.5695,1.38915
2025-04-30 16:00:00,2.1225,0.8625,0.19175666666666666,0.47585,1.2505333333333333,1.4199166666666665
2025-04-30 17:00:00,2.3703333333333334,2.1373333333333333,0.20224,0.41426666666666667,1.7646666666666666,2.2800000000000002
2025-04-30 18:00:00,1.9955,2.2118333333333333,0.2745316666666667,0.3685333333333334,1.3843333333333334,2.623666666666667
2025-04-30 19:00:00,1.5948333333333333,1.82,0.12182333333333334,0.006573333333333333,0.9643833333333334,2.274
2025-04-30 20:00:00,1.4256666666666669,2.365,0.0,0.0,1.2000666666666668,2.2231666666666663
2025-04-30 21:00:00,1.5938333333333332,2.3855,0.046883333333333325,0.0,1.7103333333333335,2.8956666666666666
2025-04-30 22:00:00,2.117166666666667,2.681166666666667,0.26335000000000003,0.36839,2.2336666666666667,3.1106666666666665
2025-04-30 23:00:00,2.2751666666666663,2.866333333333333,0.27987333333333336,0.8305833333333333,1.8931666666666667,2.5108333333333333
2025-05-01 00:00:00,1.8238333333333332,2.2661666666666664,0.0,1.4681666666666666,1.4162333333333335,1.8406666666666667
2025-05-01 01:00:00,2.0388333333333333,1.8381666666666667,0.9959583333333334,1.8771666666666667,1.8191666666666668,1.883
2025-05-01 02:00:00,2.945,2.3661666666666665,1.8844999999999998,2.3721666666666668,2.652,2.8066666666666666
2025-05-01 03:00:00,3.7575,2.5371666666666663,2.1468333333333334,2.9013333333333335,3.2925,3.2965
2025-05-01 04:00:00,3.062,2.4811666666666667,2.3143333333333334,2.4564999999999997,2.8793333333333333,2.791333333333333
2025-05-01 05:00:00,2.844666666666667,2.266,1.7356666666666667,2.0613333333333332,2.515333333333333,2.5175
2025-05-01 06:00:00,2.7921666666666667,2.6113333333333335,2.0465,2.3291666666666666,2.6255,2.5656666666666665
2025-05-01 07:00:00,1.995,1.9853333333333334,1.7245,1.8053333333333332,2.1531666666666665,2.260666666666667
2025-05-01 08:00:00,1.465,2.0020000000000002,1.867,1.4961666666666666,2.2858333333333336,2.5084999999999997
2025-05-01 09:00:00,1.8755,2.2055000000000002,1.3164833333333334,1.611,2.4733333333333336,2.296666666666667
2025-05-01 10:00:00,2.042,2.012,1.4342000000000001,1.57715,2.4328333333333334,2.1015
2025-05-01 11:00:00,2.421,1.8505,1.2988833333333334,1.529,2.178,2.327833333333333
2025-05-01 12:00:00,2.3845,2.2736666666666663,1.0573166666666667,1.6463333333333334,2.1358333333333333,2.0648333333333335
2025-05-01 13:00:00,1.644,1.6046666666666667,1.0903166666666666,1.4725,1.9646666666666666,2.3616666666666664
2025-05-01 14:00:00,1.9951666666666665,2.453333333333333,1.5206666666666666,1.2866666666666666,2.2275,2.7758333333333334
2025-05-01 15:00:00,2.4266666666666667,2.661,1.5906666666666667,1.6451666666666669,2.283333333333333,2.8280000000000003
2025-05-01 16:00:00,2.7463333333333333,2.8104999999999998,1.4228333333333334,1.9106666666666667,2.6638333333333337,3.3996666666666666
2025-05-01 17:00:00,3.3448333333333333,3.0031666666666665,1.3328333333333333,1.7508333333333332,2.2641666666666667,2.7736666666666663
2025-05-01 18:00:00,2.6993333333333336,2.2523333333333335,1.3923333333333334,1.3523333333333334,1.9298333333333333,2.866
2025-05-01 19:00:00,2.644833333333333,2.1439999999999997,1.1013666666666668,1.5851666666666666,1.9651666666666665,2.694
2025-05-01 20:00:00,2.155333333333333,1.5708333333333333,0.9862833333333333,1.1654666666666667,1.7445,2.208666666666667
2025-05-01 21:00:00,2.4948333333333332,1.7933333333333332,0.6549499999999999,1.1793,1.8155000000000001,2.4713333333333334
2025-05-01 22:00:00,1.4298333333333333,2.6381666666666663,0.6464666666666666,0.8511333333333333,1.7653333333333334,2.3985
2025-05-01 23:00:00,2.0366666666666666,2.5363333333333333,0.7825000000000001,0.6893999999999999,1.4186666666666667,2.246666666666667
2025-05-02 00:00:00,1.8935,2.4345,0.7984333333333333,0.9825666666666667,1.2941666666666667,2.1550000000000002
2025-05-02 01:00:00,2.1028333333333333,2.1493333333333333,1.0045833333333334,1.1062,1.182,1.9695
2025-05-02 02:00:00,2.326,2.443833333333333,1.5616666666666668,1.1187333333333334,2.066666666666667,2.297166666666667
2025-05-02 03:00:00,3.1951666666666667,3.4525,2.2186666666666666,1.8943333333333332,2.920666666666667,2.6296666666666666
2025-05-02 04:00:00,3.856333333333333,5.744833333333333,3.432166666666667,2.996,4.772666666666667,5.7615
2025-05-02 05:00:00,3.0283333333333333,3.909,2.683666666666667,2.7018333333333335,4.562833333333333,5.784833333333333
2025-05-02 06:00:00,2.646166666666667,3.921666666666667,2.5141666666666667,2.6035,3.8438333333333334,4.8933333333333335
2025-05-02 07:00:00,3.411,3.8603333333333336,3.5905,3.2173333333333334,4.144666666666667,5.202166666666667
2025-05-02 08:00:00,2.7568333333333332,4.494833333333333,3.0135,3.0858333333333334,3.541333333333333,4.865333333333334
2025-05-02 09:00:00,1.9413333333333334,4.093166666666667,2.7056666666666667,2.565833333333333,3.5886666666666667,5.6425
2025-05-02 10:00:00,1.7726666666666666,3.3501666666666665,2.5623333333333336,2.2188333333333334,3.090333333333333,4.5216666666666665
2025-05-02 11:00:00,2.3018333333333336,3.5723333333333334,1.8481666666666667,1.8483333333333334,2.6198333333333332,3.4818333333333333
2025-05-02 12:00:00,1.7358333333333333,3.890833333333333,2.196833333333333,1.7205000000000001,3.167333333333333,3.938
2025-05-02 13:00:00,1.6481666666666668,4.1,2.1105,1.7746666666666668,2.9381666666666666,5.316666666666666
2025-05-02 14:00:00,1.6461666666666666,3.6646666666666667,2.111666666666667,1.9288333333333334,3.4848333333333334,5.0840000000000005
2025-05-02 15:00:00,1.5255,3.6438333333333333,1.8053333333333335,1.7141666666666666,2.9376666666666664,3.932
2025-05-02 16:00:00,1.3880000000000001,2.9625,1.6178333333333332,1.5488333333333335,2.5391666666666666,3.94
2025-05-02 17:00:00,0.8391166666666667,1.939,1.4468333333333334,1.5381666666666667,2.255333333333333,2.9391666666666665
2025-05-02 18:00:00,0.7405666666666666,1.8693333333333333,1.1679166666666667,0.9810666666666666,1.477,1.9621666666666668
2025-05-02 19:00:00,1.39075,1.926,0.7211166666666667,0.4674833333333333,1.4155000000000002,1.7376666666666667
2025-05-02 20:00:00,1.6148333333333333,1.8511666666666666,0.7071666666666666,0.45571666666666666,1.2268333333333332,1.9266666666666665
2025-05-02 21:00:00,1.6213333333333333,2.2864999999999998,0.72635,0.5477333333333333,1.5773333333333333,2.105
2025-05-02 22:00:00,1.7281666666666666,2.271666666666667,0.6998833333333334,0.6035833333333334,1.5716666666666665,2.308
2025-05-02 23:00:00,1.6916666666666667,2.2763333333333335,0.8121666666666666,0.7388,1.2147166666666667,1.9556666666666667
2025-05-03 00:00:00,1.3638333333333332,1.8153333333333335,0.8026666666666668,0.6275833333333334,1.1023333333333334,1.3093666666666666
2025-05-03 01:00:00,1.2661666666666667,1.7485,1.1758833333333334,1.1647500000000002,1.6721666666666666,1.6375833333333332
2025-05-03 02:00:00,1.753,1.7548333333333335,1.3453333333333333,1.4188833333333333,1.6168333333333333,1.8575000000000002
2025-05-03 03:00:00,1.5184,1.6786666666666668,1.5581666666666665,1.1071833333333332,1.1778000000000002,1.51355
2025-05-03 04:00:00,1.0693666666666668,1.2848666666666666,1.1597499999999998,1.27195,1.0823,1.1195333333333333
2025-05-03 05:00:00,1.5736666666666668,1.6101666666666667,1.4565,0.9254333333333332,1.1710333333333334,1.1573166666666665
2025-05-03 06:00:00,1.7398333333333333,1.808,1.6563333333333332,1.3361166666666666,1.6961666666666666,1.8521666666666665
2025-05-03 07:00:00,2.0156666666666667,2.677,1.8018333333333334,1.6636666666666666,1.699,2.1425
2025-05-03 08:00:00,1.9835,2.7671666666666668,2.002666666666667,1.8131666666666666,2.087,2.1685000000000003
2025-05-03 09:00:00,2.0146666666666664,2.4605,1.6733333333333333,1.2452166666666666,1.6746666666666667,2.43045
2025-05-03 10:00:00,2.0393333333333334,3.5323333333333333,2.0733333333333333,1.7473333333333334,1.7993333333333332,2.5073333333333334
2025-05-03 11:00:00,3.9365,4.846333333333333,2.9493333333333336,2.6978333333333335,3.7688333333333333,5.190333333333333
2025-05-03 12:00:00,3.8146666666666667,4.790333333333334,2.5319999999999996,2.1605,3.5516666666666667,4.840166666666667
2025-05-03 13:00:00,4.1691666666666665,5.1433333333333335,2.9699999999999998,2.9251666666666667,4.956666666666666,6.169333333333333
2025-05-03 14:00:00,3.8388333333333335,4.5858333333333325,2.491333333333333,1.9005,4.532166666666667,5.5375
2025-05-03 15:00:00,2.3453333333333335,3.6921666666666666,2.0103999999999997,1.94975,3.8325,5.343833333333333
2025-05-03 16:00:00,2.5731666666666664,3.0765000000000002,1.2281666666666666,0.8569666666666667,2.4833333333333334,3.757833333333333
2025-05-03 17:00:00,3.6453333333333333,4.360333333333333,2.308333333333333,1.4678333333333333,3.6785,5.144666666666667
2025-05-03 18:00:00,4.029833333333333,4.738333333333333,2.652,1.5633333333333332,3.8855,4.976
2025-05-03 19:00:00,3.5046666666666666,4.451,2.0596666666666668,1.7695,3.818833333333333,5.526833333333333
2025-05-03 20:00:00,3.21,3.8493333333333335,1.6808333333333332,1.495,2.8131666666666666,4.582833333333334
2025-05-03 21:00:00,2.9114999999999998,3.0921666666666665,1.24685,1.0886,3.298,4.6545
2025-05-03 22:00:00,3.8316666666666666,4.331333333333333,1.8693333333333333,1.7056666666666667,3.9818333333333333,4.988833333333333
2025-05-03 23:00:00,3.3286666666666664,5.649666666666667,2.4026666666666667,2.2238333333333333,3.8858333333333333,4.823666666666667
2025-05-04 00:00:00,3.9608333333333334,5.386666666666667,2.7478333333333333,2.3066666666666666,4.575333333333333,5.9635
2025-05-04 01:00:00,4.140833333333333,5.438666666666666,2.6138333333333335,2.068833333333333,4.072666666666667,4.939666666666667
2025-05-04 02:00:00,4.934333333333333,6.4094999999999995,3.5668333333333333,3.277833333333333,5.533333333333333,6.549666666666667
2025-05-04 03:00:00,5.073333333333333,6.988333333333333,3.8815,3.3911666666666664,5.812333333333333,7.557833333333334
2025-05-04 04:00:00,5.702166666666667,7.4591666666666665,4.4031666666666665,3.9851666666666667,5.982166666666667,8.882666666666667
2025-05-04 05:00:00,5.312833333333333,7.034166666666667,3.4643333333333333,3.322,5.413166666666667,8.209833333333332
2025-05-04 06:00:00,5.5715,6.8790000000000004,3.697,3.2503333333333333,6.046333333333333,7.1803333333333335
2025-05-04 07:00:00,5.647166666666666,6.909666666666666,3.4691666666666667,3.214,5.729833333333334,6.408666666666666
2025-05-04 08:00:00,5.298666666666667,6.466166666666667,3.6175,3.1411666666666664,5.086666666666667,6.935333333333333
2025-05-04 09:00:00,4.224,4.874,2.994666666666667,3.3488333333333333,5.582,6.733833333333333
2025-05-04 10:00:00,2.0271666666666666,2.5698333333333334,1.9289999999999998,2.17415,3.972,5.1433333333333335
2025-05-04 11:00:00,1.9871666666666667,2.0206666666666666,1.2487,0.9083166666666667,2.5248333333333335,3.841333333333333
2025-05-04 12:00:00,2.0765000000000002,2.2343333333333333,1.1599833333333334,0.9931166666666668,2.484,3.3111666666666664
2025-05-04 13:00:00,1.3231666666666666,2.2046666666666668,0.9240833333333334,0.7772833333333333,1.6518000000000002,2.6713333333333336
2025-05-04 14:00:00,2.0130833333333333,1.5164833333333334,0.5539333333333333,0.70135,0.5351166666666667,1.2589833333333333
2025-05-04 15:00:00,1.25465,0.41525,0.8728833333333333,0.6340333333333333,0.5359833333333334,0.48754000000000003
2025-05-04 16:00:00,2.0645000000000002,0.78645,0.63515,0.5993666666666667,0.7729166666666667,0.620575
2025-05-04 17:00:00,2.3546666666666667,2.0627833333333334,0.5642499999999999,0.6417666666666667,1.0221166666666666,1.6483666666666668
2025-05-04 18:00:00,2.1325,1.9101666666666666,0.9538666666666666,0.6858666666666667,1.6266666666666665,2.2663333333333333
2025-05-04 19:00:00,2.1875,1.835,1.0016666666666667,0.68645,1.4895,1.8943333333333332
2025-05-04 20:00:00,2.2796666666666665,2.8699999999999997,1.0275333333333334,0.6678666666666667,1.8596666666666666,2.3871666666666664
2025-05-04 21:00:00,1.8835000000000002,1.595,1.1657000000000002,0.7186166666666666,1.5538333333333334,2.334
2025-05-04 22:00:00,2.2915,0.81254,1.2966166666666665,0.7375333333333334,1.1496333333333333,1.3738333333333332
2025-05-04 23:00:00,2.743333333333333,1.1942866666666667,1.6456666666666666,1.0036833333333333,1.2851166666666667,1.593
2025-05-05 00:00:00,3.0863333333333336,2.726,1.4594999999999998,1.1101333333333334,2.339833333333333,3.056166666666667
2025-05-05 01:00:00,3.070333333333333,2.7858333333333336,1.8186666666666667,1.3931666666666667,2.641833333333333,3.658166666666667
2025-05-05 02:00:00,3.5005,3.3608333333333333,1.982,1.6093333333333333,3.6093333333333333,4.270166666666666
2025-05-05 03:00:00,4.1593333333333335,4.0895,2.148,1.4325,3.478666666666667,4.238666666666666
2025-05-05 04:00:00,3.9285,3.8013333333333335,2.393,1.4748333333333332,3.0444999999999998,3.7143333333333337
2025-05-05 05:00:00,3.4078333333333335,3.621666666666667,2.2013333333333334,1.7533333333333334,3.0420000000000003,3.859
2025-05-05 06:00:00,3.205833333333333,3.2456666666666667,2.1896666666666667,1.7533333333333334,2.7183333333333333,3.7183333333333333
2025-05-05 07:00:00,3.5386666666666664,2.3941666666666666,1.677,1.4091333333333333,2.45,2.778833333333333
2025-05-05 08:00:00,3.6013333333333337,3.533666666666667,2.6323333333333334,1.4103333333333334,3.1373333333333333,2.8258333333333336
2025-05-05 09:00:00,2.7464999999999997,2.481333333333333,1.7896666666666665,1.2848333333333335,2.9241666666666664,4.3148333333333335
2025-05-05 10:00:00,2.4141666666666666,2.1438333333333333,1.6523333333333334,1.4264000000000001,2.405666666666667,3.067833333333333
2025-05-05 11:00:00,2.4538333333333333,2.3935000000000004,1.4045833333333335,1.0466,2.791,3.2595
2025-05-05 12:00:00,2.004,2.404333333333333,0.42429666666666666,0.6316166666666666,1.9566666666666668,2.1516666666666664
2025-05-05 13:00:00,1.93,1.3362666666666667,0.8419833333333333,0.6387666666666667,1.5768333333333333,2.137
2025-05-05 14:00:00,1.0087333333333333,1.5916,0.4194733333333333,0.09505666666666666,1.5253333333333332,2.1175
2025-05-05 15:00:00,0.9512833333333333,1.2879,0.0,0.0,1.07975,1.7661666666666667
2025-05-05 16:00:00,0.5766833333333333,0.6952333333333333,0.0012500000000000002,0.09220666666666667,0.19724,0.78745
2025-05-05 17:00:00,1.8272166666666665,2.2939000000000003,0.21466333333333332,0.12974,0.8615033333333333,0.8488333333333333
2025-05-05 18:00:00,0.5923499999999999,1.9015,0.19569333333333333,0.6003333333333334,1.7928333333333333,2.8285
2025-05-05 19:00:00,0.3472266666666667,1.3035500000000002,0.0018766666666666667,0.2995733333333333,1.2351333333333334,2.841
2025-05-05 20:00:00,0.24148,1.64585,0.2863433333333333,0.0,1.2438333333333333,2.148
2025-05-05 21:00:00,1.6925,2.457333333333333,0.5953166666666667,0.35794000000000004,1.5431666666666668,2.8033333333333332
2025-05-05 22:00:00,2.1081666666666665,2.469666666666667,0.8660833333333333,0.7620666666666666,1.607,2.8301666666666665
2025-05-05 23:00:00,2.204833333333333,2.6246666666666667,0.88595,0.9262166666666667,2.0046666666666666,3.057
2025-05-06 00:00:00,2.6238333333333332,3.1180000000000003,1.5843333333333334,1.0914166666666667,2.1791666666666667,2.8886666666666665
2025-05-06 01:00:00,2.5334999999999996,3.532166666666667,2.0796666666666668,1.6813333333333333,3.0131666666666663,3.9876666666666667
2025-05-06 02:00:00,2.6121666666666665,3.5855,2.1515,1.7106666666666668,2.8890000000000002,3.8375
2025-05-06 03:00:00,3.311,4.3545,2.7755,2.068,3.5635,4.3955
2025-05-06 04:00:00,4.084666666666667,5.166166666666666,3.105,2.3928333333333334,4.096666666666667,5.5601666666666665
2025-05-06 05:00:00,3.346166666666667,4.393833333333333,3.195666666666667,2.817833333333333,4.1930000000000005,5.6419999999999995
2025-05-06 06:00:00,3.253,4.384666666666666,3.0058333333333334,2.6071666666666666,4.063833333333333,5.0183333333333335
2025-05-06 07:00:00,2.322166666666667,4.014333333333334,2.8125,2.6801666666666666,3.9415,5.1803333333333335
2025-05-06 08:00:00,1.8706666666666665,3.0936666666666666,2.2703333333333333,2.1221666666666668,2.7635,4.168333333333333
2025-05-06 09:00:00,1.6575,1.5619333333333332,2.1356666666666664,1.957,2.0051666666666668,2.4111666666666665
2025-05-06 10:00:00,2.9671666666666665,1.3417999999999999,2.2038333333333333,1.8138333333333334,1.71115,1.6781666666666666
2025-05-06 11:00:00,2.8819999999999997,2.0329333333333333,1.6918333333333335,1.7268333333333332,2.682666666666667,2.6228333333333333
2025-05-06 12:00:00,3.595666666666667,3.2401666666666666,1.7941666666666667,1.5241666666666667,2.4883333333333337,1.982
2025-05-06 13:00:00,2.6481666666666666,3.0156666666666667,1.6195,1.4243333333333332,3.4595,4.836166666666667
2025-05-06 14:00:00,2.7693333333333334,2.720666666666667,1.2390666666666665,0.9801500000000001,2.8280000000000003,3.579833333333333
2025-05-06 15:00:00,2.6071666666666666,2.726,0.8878333333333334,0.6438333333333334,2.4546666666666668,3.7861666666666665
2025-05-06 16:00:00,2.2666666666666666,2.182,0.49043333333333333,0.4617833333333333,2.6145,2.9883333333333337
2025-05-06 17:00:00,2.2551666666666668,2.2243333333333335,0.15548333333333333,0.006573333333333333,1.8968333333333334,2.464833333333333
2025-05-06 18:00:00,1.5209666666666666,1.2938666666666667,0.39869,0.3364266666666667,0.47499,1.6755
2025-05-06 19:00:00,2.17,0.27732666666666667,0.41170666666666667,0.5398,0.5281416666666667,0.98025
2025-05-06 20:00:00,2.2568333333333332,2.682,0.13620000000000002,0.4700166666666667,2.0065,3.1518333333333337
2025-05-06 21:00:00,2.0505,2.6141666666666667,0.6109166666666667,0.33188333333333336,2.0841666666666665,3.6875
2025-05-06 22:00:00,2.4025000000000003,2.4316666666666666,0.46298333333333336,0.03784666666666667,1.9153333333333333,2.5526666666666666
2025-05-06 23:00:00,1.695,2.489333333333333,0.40230000000000005,0.16193,2.3261666666666665,2.7993333333333337
2025-05-07 00:00:00,1.9646666666666666,2.3571666666666666,0.48791666666666667,0.2768166666666667,2.0356666666666667,2.4818333333333333
2025-05-07 01:00:00,2.393333333333333,2.115666666666667,0.7414333333333333,0.6961333333333334,2.0543333333333336,2.2641666666666667
2025-05-07 02:00:00,1.945,2.0038333333333336,1.2624,0.95285,1.9148333333333334,2.3356666666666666
2025-05-07 03:00:00,1.9808333333333332,1.9796666666666667,1.5301666666666667,1.0494166666666667,2.117833333333333,2.0
2025-05-07 04:00:00,2.449,1.8616666666666668,1.2926666666666666,1.1263333333333334,2.2030000000000003,2.11
2025-05-07 05:00:00,2.2239999999999998,1.8816666666666668,1.468,1.13495,2.1395,2.3778333333333332
2025-05-07 06:00:00,2.1559999999999997,1.9905000000000002,1.3976333333333335,1.3631666666666669,1.7846666666666666,2.160166666666667
2025-05-07 07:00:00,2.119333333333333,1.7001666666666668,1.06285,1.6136666666666666,1.9358333333333335,2.1376666666666666
2025-05-07 08:00:00,2.497333333333333,2.212,1.16725,1.4568333333333332,1.4743833333333332,1.232
2025-05-07 09:00:00,2.319166666666667,3.289833333333333,1.6961666666666666,1.7143333333333333,3.1561666666666666,3.257166666666667
2025-05-07 10:00:00,3.079,3.191666666666667,1.598833333333333,1.2889000000000002,2.812,2.8288333333333333
2025-05-07 11:00:00,3.6203333333333334,4.080333333333333,2.271666666666667,1.4743333333333333,3.8486666666666665,3.5989999999999998
2025-05-07 12:00:00,3.926,3.4203333333333332,2.055333333333333,1.4041166666666667,2.4611666666666663,2.575
2025-05-07 13:00:00,3.4328333333333334,3.2045000000000003,1.8873333333333333,1.2811833333333333,3.214,3.4723333333333333
2025-05-07 14:00:00,2.8801666666666668,2.7098333333333335,1.4766666666666666,0.8749833333333333,2.8881666666666663,3.8635
2025-05-07 15:00:00,2.5746666666666664,2.7528333333333332,1.5168333333333335,0.8314666666666667,2.8408333333333333,3.5326666666666666
2025-05-07 16:00:00,2.5323333333333333,2.2695,1.0530666666666666,0.73075,2.115666666666667,2.6401666666666666
2025-05-07 17:00:00,2.3358333333333334,2.5108333333333333,0.6981,0.3460816666666667,1.5991666666666666,2.4638333333333335
2025-05-07 18:00:00,2.0533333333333332,2.341333333333333,0.44936666666666664,0.12286333333333334,1.3943333333333332,2.4316666666666666
2025-05-07 19:00:00,2.1996666666666664,2.555,0.7168500000000001,0.057523333333333336,1.7356666666666667,2.9256666666666664
2025-05-07 20:00:00,2.1363333333333334,2.9088333333333334,0.7475333333333333,0.24839,2.0891666666666664,2.571833333333333
2025-05-07 21:00:00,1.8603333333333334,2.2226666666666666,0.34672333333333333,0.0,1.8388333333333333,2.9405
2025-05-07 22:00:00,1.3171666666666666,2.056833333333333,0.3431416666666667,0.0,1.5008333333333332,2.1866666666666665
2025-05-07 23:00:00,1.2918333333333334,1.8535,0.40391666666666665,0.0,0.9509666666666666,1.7625
2025-05-08 00:00:00,1.0874666666666668,1.0445833333333332,0.18909499999999999,0.11252333333333334,1.0025333333333333,1.5321666666666665
2025-05-08 01:00:00,0.7320166666666666,0.7822166666666667,0.27345,0.5972166666666666,0.9531666666666666,0.8501833333333334
2025-05-08 02:00:00,0.7951,0.9353,0.47458333333333336,0.43577333333333335,0.9727166666666667,0.8733666666666667
2025-05-08 03:00:00,1.7093333333333334,1.69,1.1595166666666665,0.7193166666666666,1.7094999999999998,1.7321666666666669
2025-05-08 04:00:00,2.444166666666667,2.4168333333333334,1.7605,1.6710500000000001,2.6125,1.9993333333333332
2025-05-08 05:00:00,2.2655000000000003,1.9133333333333333,1.5738333333333334,1.6633333333333333,1.9718333333333333,2.2928333333333333
2025-05-08 06:00:00,2.352333333333333,2.631333333333333,1.7998333333333332,1.3455000000000001,2.2505,2.8433333333333333
2025-05-08 07:00:00,2.566333333333333,2.4595,1.6223333333333334,1.6278333333333335,3.0486666666666666,2.9818333333333333
2025-05-08 08:00:00,2.8385000000000002,2.9013333333333335,1.881,1.5976666666666666,2.821166666666667,3.3285
2025-05-08 09:00:00,2.8871666666666664,2.001,1.5861666666666667,1.3661333333333334,2.5731666666666664,2.3635
2025-05-08 10:00:00,2.2314999999999996,2.312,1.6767166666666666,1.4948333333333332,2.683,3.1893333333333334
2025-05-08 11:00:00,2.5541666666666667,2.226,1.3086166666666665,1.3618166666666667,2.5693333333333332,2.7858333333333336
2025-05-08 12:00:00,1.873,1.7118333333333333,1.1410333333333333,1.1972999999999998,2.5015,3.234666666666667
2025-05-08 13:00:00,1.339,1.5518333333333334,0.8488333333333333,0.9186666666666666,2.017333333333333,2.6475
2025-05-08 14:00:00,1.2806666666666666,1.8964999999999999,0.12006333333333334,0.17340666666666668,1.5971666666666666,2.447
2025-05-08 15:00:00,1.8921666666666668,2.2645,0.14752333333333334,0.18424,1.8846666666666667,2.865333333333333
2025-05-08 16:00:00,1.8145,2.5141666666666667,0.40521999999999997,0.33948,1.8683333333333332,2.845666666666667
2025-05-08 17:00:00,1.4481666666666666,2.1278333333333332,0.15153999999999998,0.0031266666666666665,1.6555,2.575
2025-05-08 18:00:00,1.3686666666666667,1.7681666666666667,0.19093666666666667,0.0,0.9529333333333334,1.9921666666666666
2025-05-08 19:00:00,1.482,2.1758333333333337,0.24914,0.0,1.3098833333333333,2.8608333333333333
2025-05-08 20:00:00,1.4683333333333333,1.9028333333333334,0.26505666666666666,0.08752333333333334,1.6416666666666666,3.2271666666666667
2025-05-08 21:00:00,0.7617833333333334,1.3619166666666667,0.10839,0.03752333333333333,1.0660166666666666,1.6793666666666667
2025-05-08 22:00:00,0.8212066666666666,1.5772166666666665,0.0,0.0,0.8171766666666667,1.4989
2025-05-08 23:00:00,1.5365,2.0453333333333332,0.22806,0.0,1.8558333333333332,2.6361666666666665
2025-05-09 00:00:00,0.9530333333333334,1.4288333333333334,0.21037333333333336,0.02333333333333333,1.2448000000000001,1.5244166666666668
2025-05-09 01:00:00,0.7047000000000001,0.596,0.07252333333333333,0.7880333333333334,1.1741666666666668,0.9660166666666666
2025-05-09 02:00:00,0.85135,0.7455999999999999,0.5876166666666667,0.8935166666666666,0.9489333333333333,0.9454333333333333
2025-05-09 03:00:00,1.05575,1.1677833333333334,0.6609999999999999,1.0233666666666668,1.0201833333333332,1.3903166666666666
2025-05-09 04:00:00,1.627,1.4466666666666665,1.2095833333333335,1.1708833333333333,1.1879,1.0454666666666668
2025-05-09 05:00:00,1.3364166666666668,1.4452166666666666,1.3435166666666667,1.3533333333333333,1.0259333333333334,1.43605
2025-05-09 06:00:00,1.8221666666666667,1.6613333333333336,1.4075166666666665,1.3955,1.3283833333333335,1.1601333333333335
2025-05-09 07:00:00,1.5418333333333334,1.39395,1.2350166666666667,1.6623333333333332,1.55165,1.5351666666666666
2025-05-09 08:00:00,1.901,2.2431666666666668,2.184166666666667,1.7565,1.7561666666666667,1.8619999999999999
2025-05-09 09:00:00,2.618333333333333,2.4131666666666667,2.030333333333333,2.0113333333333334,2.1631666666666667,2.3635
2025-05-09 10:00:00,2.2231666666666663,2.6231666666666666,2.0828333333333333,1.7003333333333333,2.4785,2.7811666666666666
2025-05-09 11:00:00,2.9301666666666666,3.739833333333333,3.0501666666666667,2.2351666666666667,3.0518333333333336,3.6535
2025-05-09 12:00:00,2.6905,2.976833333333333,3.2291666666666665,2.424,1.8165,2.777
2025-05-09 13:00:00,1.3911666666666667,1.838,2.0140000000000002,1.8251666666666668,1.3477333333333334,1.5751666666666668
2025-05-09 14:00:00,0.8499,1.1353833333333334,1.4795,1.2468499999999998,0.9626166666666667,1.8941166666666667
2025-05-09 15:00:00,0.9558166666666666,1.9878333333333333,1.05395,1.319,1.4001333333333332,1.9455166666666666
2025-05-09 16:00:00,0.7960666666666667,2.071,0.9555333333333333,1.4146666666666665,1.43065,2.3459999999999996
2025-05-09 17:00:00,0.7363333333333333,1.3331666666666666,0.9580166666666667,1.4468333333333334,1.2392166666666666,2.2036666666666664
2025-05-09 18:00:00,0.6549333333333334,1.5658333333333334,0.6465833333333334,0.8301166666666667,1.3705,2.201
2025-05-09 19:00:00,0.54885,1.4628333333333332,0.4872833333333333,0.24009666666666665,1.3404333333333334,1.8090000000000002
2025-05-09 20:00:00,1.1199000000000001,1.9963333333333333,0.6011000000000001,0.44082333333333334,1.2241666666666666,2.2953333333333332
2025-05-09 21:00:00,1.0856833333333333,1.7201666666666666,0.5028666666666667,0.6191833333333334,1.2554666666666667,2.1959999999999997
2025-05-09 22:00:00,1.0032666666666665,1.7285,0.39764999999999995,0.28517333333333333,0.8732333333333333,1.8331666666666666
2025-05-09 23:00:00,1.424,1.6598333333333335,0.6598833333333334,0.62196,1.36185,1.693
2025-05-10 00:00:00,0.8486833333333333,1.4573333333333334,0.5318,0.9632833333333333,0.9370999999999999,1.5985
2025-05-10 01:00:00,1.1609333333333334,0.9680833333333333,0.9722000000000001,1.1538499999999998,0.9832166666666667,1.2655
2025-05-10 02:00:00,1.567,1.20455,1.6356666666666666,1.4908333333333335,1.2211833333333333,1.1370833333333332
2025-05-10 03:00:00,0.99695,1.2303666666666666,1.3455000000000001,1.2696666666666665,1.1388833333333332,1.1406333333333334
2025-05-10 04:00:00,1.1892,0.9603333333333333,1.1713666666666667,1.2725,1.2100499999999998,1.1327
2025-05-10 05:00:00,0.8541166666666666,1.19315,1.2116666666666667,1.0781333333333334,1.1562333333333332,1.0967999999999998
2025-05-10 06:00:00,1.5665166666666666,1.0209333333333332,1.4845,1.36755,1.3415666666666666,1.2166333333333335
2025-05-10 07:00:00,1.7701666666666667,0.8875,1.5474999999999999,1.2394666666666665,1.9164999999999999,1.6621666666666668
2025-05-10 08:00:00,1.7051666666666667,0.9922,1.3946666666666667,1.28165,1.6626666666666667,2.0015
2025-05-10 09:00:00,1.7195,1.7053333333333331,1.25395,1.3782166666666666,1.9403333333333335,2.289833333333333
2025-05-10 10:00:00,2.0243333333333333,1.869,1.4315166666666668,1.1222333333333334,2.1226666666666665,2.3628333333333336
2025-05-10 11:00:00,2.3631666666666664,2.314,1.3932333333333333,1.2358833333333334,2.381666666666667,2.5181666666666667
2025-05-10 12:00:00,3.2986666666666666,3.178,1.4155333333333333,0.9962833333333333,2.8745,3.104833333333333
2025-05-10 13:00:00,3.0738333333333334,3.3081666666666667,1.5516333333333334,1.2957833333333333,2.885,3.7013333333333334
2025-05-10 14:00:00,2.197166666666667,2.68,0.9785833333333334,0.88685,2.3271666666666664,3.164
2025-05-10 15:00:00,2.3233333333333333,2.3628333333333336,0.7987,0.041056666666666665,1.7545,2.6471666666666667
2025-05-10 16:00:00,2.2493333333333334,2.2708333333333335,0.9356500000000001,0.33479166666666665,1.6681666666666668,2.659
2025-05-10 17:00:00,2.1270000000000002,2.086666666666667,0.8995166666666666,0.4923166666666667,1.7233333333333334,2.852
2025-05-10 18:00:00,2.3073333333333332,2.789,0.9246,0.4704,2.2401666666666666,3.117166666666667
2025-05-10 19:00:00,2.0856666666666666,2.4593333333333334,0.52895,0.22624000000000002,1.9926666666666668,2.673166666666667
2025-05-10 20:00:00,1.9796666666666667,2.2430000000000003,0.3448733333333333,0.0,1.9451666666666665,2.654333333333333
2025-05-10 21:00:00,1.8383333333333334,2.2568333333333332,0.7658833333333334,0.08252333333333332,1.7745,2.7188333333333334
2025-05-10 22:00:00,2.3193333333333332,2.9166666666666665,0.8043333333333333,0.06211666666666667,2.0075,2.652
2025-05-10 23:00:00,2.7171666666666665,3.1180000000000003,0.8665333333333333,0.48211666666666664,2.1790000000000003,2.9823333333333335
2025-05-11 00:00:00,2.9521666666666664,3.1086666666666667,1.17635,0.6068166666666667,2.6731666666666665,2.832
2025-05-11 01:00:00,2.6221666666666668,2.335783333333333,1.0774666666666666,0.7557833333333334,2.2525,2.4699999999999998
2025-05-11 02:00:00,2.016833333333333,1.6680166666666667,0.92905,0.80835,1.681,2.0216666666666665
2025-05-11 03:00:00,2.378333333333333,1.6676666666666666,1.057,1.03415,1.9983333333333335,2.1331666666666664
2025-05-11 04:00:00,3.0821666666666667,3.2295000000000003,1.8311666666666668,1.5005,2.591666666666667,3.0996666666666663
2025-05-11 05:00:00,3.4098333333333333,3.2628333333333335,2.0676666666666668,1.6143333333333334,2.9178333333333333,3.4463333333333335
2025-05-11 06:00:00,3.117,3.2735,1.9216666666666666,1.6945000000000001,3.3703333333333334,3.6083333333333334
2025-05-11 07:00:00,3.4738333333333333,2.7236666666666665,2.358166666666667,1.9411666666666667,3.181166666666667,3.311
2025-05-11 08:00:00,3.8358333333333334,2.996166666666667,2.0416666666666665,1.8245,3.3508333333333336,3.2824999999999998
2025-05-11 09:00:00,3.6751666666666667,3.2888333333333337,2.1281666666666665,1.6753333333333333,3.5545,3.8493333333333335
2025-05-11 10:00:00,4.3709999999999996,4.3084999999999996,2.331166666666667,1.698,3.8008333333333337,4.789833333333333
2025-05-11 11:00:00,5.3595,5.2355,2.829,2.0355,4.167833333333333,4.569500000000001
2025-05-11 12:00:00,4.927499999999999,4.800666666666667,2.5803333333333334,2.2296666666666667,4.113166666666666,4.601333333333333
2025-05-11 13:00:00,4.086833333333334,3.9,2.1075,1.865,3.371166666666667,4.518833333333333
2025-05-11 14:00:00,3.818833333333333,3.5653333333333332,2.0695,1.5706666666666667,3.068,4.0065
2025-05-11 15:00:00,3.4881666666666664,3.622,1.4665,1.2621666666666667,3.0138333333333334,3.716333333333333
2025-05-11 16:00:00,3.895,3.972166666666667,1.5673333333333335,1.0543,3.506666666666667,4.609666666666667
2025-05-11 17:00:00,4.049,4.214,1.7036666666666667,1.169,2.9555000000000002,4.11
2025-05-11 18:00:00,3.777833333333333,3.8871666666666664,1.4773333333333334,0.8798333333333334,3.2383333333333337,4.348333333333333
2025-05-11 19:00:00,3.552333333333333,3.8985,1.4006666666666665,0.7357499999999999,3.665833333333333,3.7736666666666663
2025-05-11 20:00:00,3.242166666666667,3.4151666666666665,0.8915333333333333,0.7042,2.6599999999999997,3.6651666666666665
2025-05-11 21:00:00,2.8941666666666666,3.5989999999999998,0.7041666666666667,0.36461666666666664,2.8905000000000003,4.025
2025-05-11 22:00:00,3.496666666666667,3.3645,1.1641666666666666,0.6932666666666667,2.9099999999999997,3.268666666666667
2025-05-11 23:00:00,3.8515,3.4836666666666667,1.3908333333333334,1.03505,2.823,3.3343333333333334
2025-05-12 00:00:00,4.0795,3.8998333333333335,1.8436666666666668,1.4280000000000002,3.4324999999999997,4.186166666666667
2025-05-12 01:00:00,4.132666666666667,4.112166666666666,2.1766666666666667,1.2943333333333333,3.0313333333333334,4.843166666666667
2025-05-12 02:00:00,4.541666666666667,4.059166666666666,2.180833333333333,1.856,3.7138333333333335,4.340999999999999
2025-05-12 03:00:00,4.016333333333333,3.7558333333333334,2.130666666666667,1.8796666666666666,3.2866666666666666,3.7775000000000003
2025-05-12 04:00:00,4.3685,4.155833333333333,2.3736666666666664,1.8103333333333333,3.7921666666666667,3.714
2025-05-12 05:00:00,3.935166666666667,4.069999999999999,2.4633333333333334,1.6840000000000002,3.819166666666667,4.412333333333334
2025-05-12 06:00:00,4.4639999999999995,4.58,2.4036666666666666,1.9673333333333332,3.8190000000000004,4.3678333333333335
2025-05-12 07:00:00,4.405,4.587666666666666,2.589,2.168833333333333,3.7376666666666667,4.649
2025-05-12 08:00:00,5.184833333333333,4.696833333333333,2.8713333333333333,2.1241666666666665,4.314333333333334,4.6530000000000005
2025-05-12 09:00:00,5.275666666666667,5.509166666666667,2.8115,2.5803333333333334,4.558166666666667,5.247
2025-05-12 10:00:00,5.600666666666667,5.393833333333333,3.0188333333333333,2.4975,4.976333333333333,5.6771666666666665
2025-05-12 11:00:00,5.123,4.923166666666666,2.6420000000000003,2.3605,4.890666666666666,5.716166666666667
2025-05-12 12:00:00,5.2891666666666675,4.533,2.7479999999999998,2.296666666666667,4.234,5.139833333333333
2025-05-12 13:00:00,4.058666666666666,3.8515,2.4525,1.7098333333333333,3.9856666666666665,4.421833333333334
2025-05-12 14:00:00,3.6795,3.5248333333333335,2.2001666666666666,1.2478333333333333,3.4505,4.718999999999999
2025-05-12 15:00:00,3.7891666666666666,3.5278333333333336,2.1806666666666668,1.2985,3.1481666666666666,4.366666666666666
2025-05-12 16:00:00,3.1526666666666667,2.8834999999999997,1.7229999999999999,1.16975,2.9829999999999997,3.8703333333333334
2025-05-12 17:00:00,2.6986666666666665,2.2106666666666666,1.3328333333333333,0.6708833333333334,2.4481666666666664,3.3436666666666666
2025-05-12 18:00:00,2.1915,2.5300000000000002,1.1958666666666666,0.6103666666666666,2.4196666666666666,3.61
2025-05-12 19:00:00,2.4684999999999997,2.4535,1.0052166666666666,0.62915,2.0266666666666664,2.4773333333333336
2025-05-12 20:00:00,2.4466666666666668,2.4170000000000003,0.5441833333333334,0.45565,1.6976666666666667,3.1238333333333332
2025-05-12 21:00:00,2.960166666666667,2.6775,0.9089333333333334,0.5988166666666667,2.116,3.622333333333333
2025-05-12 22:00:00,2.607666666666667,3.0233333333333334,0.8412000000000001,0.33269000000000004,2.2615,3.407166666666667
2025-05-12 23:00:00,2.679333333333333,2.8743333333333334,1.1434666666666666,0.21923333333333334,2.304333333333333,2.7113333333333336
2025-05-13 00:00:00,2.1943333333333332,2.3255,0.6797166666666666,0.6023,1.7435,2.8728333333333333
2025-05-13 01:00:00,1.7568333333333332,1.6006666666666667,0.5836166666666667,0.6382333333333333,1.6335000000000002,1.8923333333333332
2025-05-13 02:00:00,2.2551666666666668,1.9993333333333332,0.8098666666666666,0.8637166666666667,1.5156833333333333,1.7251666666666667
2025-05-13 03:00:00,2.870833333333333,2.4088333333333334,1.6755,1.2518333333333334,2.5454999999999997,2.2868333333333335
2025-05-13 04:00:00,3.186,2.9040000000000004,1.8756666666666668,1.308,2.667333333333333,2.853833333333333
2025-05-13 05:00:00,2.9058333333333333,3.1319999999999997,1.8796666666666666,1.54,2.5855,3.1558333333333333
2025-05-13 06:00:00,2.4435000000000002,2.5180000000000002,1.7285000000000001,1.3575000000000002,2.3845,3.3089999999999997
2025-05-13 07:00:00,2.637,2.497666666666667,1.4708,1.383,2.7888333333333337,3.1025
2025-05-13 08:00:00,2.2670000000000003,2.1326666666666667,1.3582166666666666,1.2810666666666668,2.1835,2.6578333333333335
2025-05-13 09:00:00,1.8418333333333334,1.5257333333333334,1.2021333333333333,1.2826,1.6346666666666667,2.0848333333333335
2025-05-13 10:00:00,1.8243333333333331,1.4122166666666667,1.2970333333333335,1.12115,1.3401166666666666,1.0106833333333334
2025-05-13 11:00:00,1.2507833333333334,1.2669333333333335,1.0244666666666666,1.0617333333333334,1.8395000000000001,1.2355166666666666
2025-05-13 12:00:00,1.3413333333333335,0.9967666666666666,0.7634500000000001,0.7527666666666666,1.6856666666666666,1.7323333333333333
2025-05-13 13:00:00,0.9485666666666667,1.0802833333333333,0.4751,0.3858833333333333,1.6088333333333333,1.6501666666666668
2025-05-13 14:00:00,1.6391,1.5753333333333333,0.42489333333333335,0.20757333333333333,1.4606666666666668,1.7593333333333334
2025-05-13 15:00:00,1.2836500000000002,0.3466333333333333,0.9501333333333334,0.5525800000000001,1.1669333333333334,1.7821833333333332
2025-05-13 16:00:00,1.0772000000000002,0.7714,1.2742166666666668,0.45058000000000004,0.6860666666666667,1.0423666666666667
2025-05-13 17:00:00,0.4140166666666667,0.8151666666666666,0.93415,0.5391333333333334,0.348,0.37383333333333335
2025-05-13 18:00:00,0.6952166666666667,1.919,0.5805333333333333,0.47683333333333333,0.7400333333333333,1.4676166666666668
2025-05-13 19:00:00,1.18655,2.2605,0.53965,0.7111999999999999,1.1141666666666665,3.319
2025-05-13 20:00:00,1.9391666666666665,2.824,0.6157166666666666,0.8140666666666667,1.6676666666666666,3.1093333333333333
2025-05-13 21:00:00,2.137,3.1614999999999998,0.831,1.0370833333333334,1.9978333333333333,2.778
2025-05-13 22:00:00,2.0296666666666665,2.916,0.7761166666666667,1.0075333333333334,2.0216666666666665,2.731333333333333
2025-05-13 23:00:00,2.0945,2.6791666666666667,0.9539500000000001,1.0147,2.090333333333333,3.0368333333333335
2025-05-14 00:00:00,2.7605,3.0949999999999998,1.5596666666666665,1.5423333333333333,2.8905000000000003,3.5545
2025-05-14 01:00:00,3.3913333333333333,4.412999999999999,2.2393333333333336,2.1486666666666663,4.0103333333333335,5.220833333333333
2025-05-14 02:00:00,3.6533333333333333,4.886,2.391,2.463,4.5520000000000005,5.184
2025-05-14 03:00:00,4.328333333333333,5.820833333333334,2.9981666666666666,2.9891666666666667,5.140666666666666,6.449333333333333
2025-05-14 04:00:00,5.491833333333333,6.3625,3.2895,2.9410000000000003,5.815166666666667,7.552833333333334
2025-05-14 05:00:00,5.285,6.377,3.877666666666667,3.4606666666666666,5.86,7.635166666666667
2025-05-14 06:00:00,4.3533333333333335,6.672833333333333,3.766833333333333,3.3541666666666665,5.381666666666666,7.072666666666667
2025-05-14 07:00:00,5.086166666666667,5.840333333333334,3.8331666666666666,3.2648333333333333,5.635833333333333,7.080166666666667
2025-05-14 08:00:00,5.1723333333333334,6.148166666666667,3.5493333333333337,3.5991666666666666,5.714833333333333,6.995500000000001
2025-05-14 09:00:00,4.836333333333333,6.7476666666666665,3.3238333333333334,3.174,5.2669999999999995,6.9825
2025-05-14 10:00:00,4.861833333333333,6.096,3.3531666666666666,3.0319999999999996,5.485333333333333,6.637166666666667
2025-05-14 11:00:00,4.367500000000001,5.4159999999999995,3.0825,2.5433333333333334,5.084833333333333,6.082833333333332
2025-05-14 12:00:00,3.902333333333333,4.900666666666667,2.6733333333333333,2.5545,4.176666666666667,5.3835
2025-05-14 13:00:00,3.6805000000000003,5.214166666666667,1.994,2.129833333333333,4.039833333333333,5.010666666666666
2025-05-14 14:00:00,3.182666666666667,5.067333333333334,2.087833333333333,2.2895,3.851,5.334833333333333
2025-05-14 15:00:00,2.0756666666666663,4.292666666666666,1.594,1.954,3.3941666666666666,4.4865
2025-05-14 16:00:00,2.2036666666666664,2.9886666666666666,1.3928333333333334,1.4398333333333333,3.0628333333333333,4.356166666666667
2025-05-14 17:00:00,1.6722166666666667,1.9119333333333333,1.3223333333333334,1.4524166666666667,2.4893333333333336,4.016
2025-05-14 18:00:00,3.1550000000000002,1.8315166666666667,1.2726666666666666,0.73705,2.0829,2.77865
2025-05-14 19:00:00,3.1105,1.0114666666666667,1.4753333333333332,0.8701000000000001,0.9829833333333333,1.7561
2025-05-14 20:00:00,1.6586999999999998,0.33501666666666663,1.0683666666666667,0.7358333333333333,0.71955,1.1631666666666667
2025-05-14 21:00:00,0.6799833333333333,0.86735,1.2258,0.60275,0.6886166666666667,1.1795
2025-05-14 22:00:00,0.5253833333333333,1.0836833333333333,1.2026666666666666,0.7356333333333333,0.5917166666666667,1.3436666666666668
2025-05-14 23:00:00,0.6021166666666667,1.0338666666666667,1.6838333333333333,0.87,0.7393166666666667,1.1231
2025-05-15 00:00:00,2.7195000000000005,0.675,1.5606666666666666,1.3008333333333333,0.9529833333333334,1.0170833333333333
2025-05-15 01:00:00,3.521666666666667,1.0043666666666666,2.7253333333333334,2.068166666666667,1.5721666666666667,1.5935
2025-05-15 02:00:00,4.488166666666667,3.35,3.5166666666666666,2.3609999999999998,2.6498333333333335,2.9888333333333335
2025-05-15 03:00:00,4.997,1.9525,3.5771666666666664,2.6839999999999997,3.0415,3.7863333333333333
2025-05-15 04:00:00,4.929333333333333,2.1525000000000003,3.749,2.9261666666666666,3.197666666666666,3.6421666666666668
2025-05-15 05:00:00,4.5915,2.4175,4.0280000000000005,3.1043333333333334,2.8286666666666664,2.8466666666666667
2025-05-15 06:00:00,5.331666666666666,3.0563333333333333,3.8896666666666664,2.9979999999999998,3.5786666666666664,3.9096666666666664
2025-05-15 07:00:00,5.9703333333333335,3.6614999999999998,4.034666666666666,2.8755,4.3790000000000004,4.2975
2025-05-15 08:00:00,6.122,4.431333333333333,3.6613333333333333,2.977333333333333,4.319333333333334,3.782166666666667
2025-05-15 09:00:00,5.550666666666667,5.7508333333333335,3.9448333333333334,3.182166666666667,4.341166666666667,4.410166666666667
2025-05-15 10:00:00,4.519166666666666,3.4903333333333335,3.9458333333333333,3.0020000000000002,3.136166666666667,4.0795
2025-05-15 11:00:00,4.968500000000001,1.6768333333333334,3.5588333333333333,2.7085,3.4968333333333335,3.2045000000000003
2025-05-15 12:00:00,3.9323333333333332,2.2755,2.9828333333333332,2.051833333333333,2.483166666666667,3.1031666666666666
2025-05-15 13:00:00,2.6795,1.8466666666666667,1.864,1.3268833333333334,1.40745,1.3948
2025-05-15 14:00:00,1.2925333333333333,1.23715,0.65475,0.38069000000000003,0.30143166666666665,0.38349
2025-05-15 15:00:00,0.9192166666666667,1.6871833333333333,0.11622666666666667,0.0,0.4141333333333333,0.2637483333333333
2025-05-15 16:00:00,0.9915,2.4848333333333334,0.6023166666666667,0.3098933333333333,1.4044166666666666,2.7250500000000004
2025-05-15 17:00:00,0.48511666666666664,1.8083333333333333,0.017506666666666667,0.15172666666666668,0.8010333333333333,2.439833333333333
2025-05-15 18:00:00,0.7664000000000001,1.556,0.6026666666666666,0.6381333333333334,1.73745,3.3040000000000003
2025-05-15 19:00:00,1.0536,0.9299333333333333,1.4553333333333331,0.9092666666666667,0.5894833333333334,1.4896666666666667
2025-05-15 20:00:00,0.8516666666666667,1.5761666666666665,1.2098,0.6861333333333334,0.8374666666666666,1.6033666666666666
2025-05-15 21:00:00,2.75,3.4949999999999997,0.8496,0.9558166666666666,1.8133333333333332,3.198
2025-05-15 22:00:00,1.5311333333333332,2.808,1.0165833333333334,0.9831166666666667,1.7523000000000002,3.354
2025-05-15 23:00:00,1.2417166666666666,2.2046666666666668,0.9481166666666667,1.2853333333333334,2.0363333333333333,3.372666666666667
2025-05-16 00:00:00,2.074666666666667,2.8573333333333335,1.5813333333333333,1.9409999999999998,2.9385,3.933
2025-05-16 01:00:00,3.3993333333333333,3.7348333333333334,2.280333333333333,2.2243333333333335,3.2771666666666666,4.5645
2025-05-16 02:00:00,3.1071666666666666,4.823666666666667,2.9126666666666665,2.2416666666666667,3.7864999999999998,4.888333333333334
2025-05-16 03:00:00,3.6685000000000003,4.609333333333334,2.7939999999999996,2.746166666666667,4.013,5.434166666666667
2025-05-16 04:00:00,4.4399999999999995,5.832833333333334,2.8615,2.751,4.595166666666667,6.148166666666667
2025-05-16 05:00:00,4.242333333333333,5.474166666666666,3.343166666666667,2.969333333333333,4.488333333333333,6.480666666666666
2025-05-16 06:00:00,3.652833333333333,5.125333333333333,3.1625,2.6439999999999997,4.976833333333333,6.437833333333333
2025-05-16 07:00:00,4.118833333333333,3.0871666666666666,3.198,2.5371666666666663,3.4796666666666667,3.9541666666666666
2025-05-16 08:00:00,4.648,4.423333333333333,3.3985,2.844666666666667,4.702333333333333,4.557833333333334
2025-05-16 09:00:00,3.938833333333333,3.765,2.834166666666667,2.54,3.8281666666666667,5.025833333333334
2025-05-16 10:00:00,3.9185000000000003,4.050166666666667,2.6593333333333335,2.3848333333333334,4.617166666666666,5.5665000000000004
2025-05-16 11:00:00,4.133,3.666333333333333,2.4518333333333335,2.0753333333333335,4.036,5.494
2025-05-16 12:00:00,3.3819999999999997,3.353,1.6473333333333333,1.7921666666666667,3.741,5.333333333333333
2025-05-16 13:00:00,2.6683333333333334,2.3609999999999998,1.5743333333333331,1.2241666666666666,2.145166666666667,2.778
2025-05-16 14:00:00,2.491833333333333,2.3681666666666668,1.4428333333333332,1.0025166666666667,2.2319999999999998,2.1106666666666665
2025-05-16 15:00:00,2.1605,0.36296666666666666,1.2936666666666667,0.7395999999999999,1.1408666666666667,1.0522666666666667
2025-05-16 16:00:00,1.8090000000000002,0.008756666666666666,1.3013333333333332,0.7899666666666667,0.6380666666666667,0.8127666666666666
2025-05-16 17:00:00,0.8599833333333334,0.8162166666666667,1.3415,0.8492833333333334,0.7546499999999999,1.29295
2025-05-16 18:00:00,0.8210666666666667,1.1703666666666666,0.7082333333333334,0.6539166666666667,0.9518166666666666,1.7586666666666666
2025-05-16 19:00:00,0.5094666666666667,1.4138333333333333,0.6633666666666667,0.46542999999999995,0.7324833333333333,1.3760666666666665
2025-05-16 20:00:00,1.1764333333333332,2.4733333333333336,0.9644499999999999,0.8555499999999999,1.5858333333333334,3.5705
2025-05-16 21:00:00,1.7626666666666668,3.177,0.9199166666666667,0.7318666666666667,2.074,3.8089999999999997
2025-05-16 22:00:00,1.4473333333333334,2.692333333333333,1.0893000000000002,1.2892833333333333,2.080833333333333,3.9339999999999997
2025-05-16 23:00:00,1.6496666666666668,2.8491666666666666,0.8519666666666666,1.3508333333333333,2.1286666666666667,3.167333333333333
2025-05-17 00:00:00,2.3633333333333337,3.3876666666666666,1.5030000000000001,1.21905,3.0103333333333335,3.3495
2025-05-17 01:00:00,2.8920000000000003,3.1708333333333334,1.6246666666666667,1.7198333333333333,3.727333333333333,4.1645
2025-05-17 02:00:00,2.1766666666666667,3.855166666666667,2.2760000000000002,2.1813333333333333,3.9875,5.5953333333333335
2025-05-17 03:00:00,1.9585000000000001,3.604,2.972,2.795,3.5758333333333336,5.3998333333333335
2025-05-17 04:00:00,1.5016666666666665,3.2916666666666665,2.615,2.5731666666666664,2.9925,4.147
2025-05-17 05:00:00,2.304666666666667,2.344333333333333,2.2215,1.9153333333333333,2.2011166666666666,3.148
2025-05-17 06:00:00,3.8108333333333335,2.271,2.620833333333333,1.7698333333333334,1.5845999999999998,1.7156666666666667
2025-05-17 07:00:00,4.2175,3.410166666666667,2.8155,2.0818333333333334,3.6831666666666667,2.1438333333333333
2025-05-17 08:00:00,3.554666666666667,2.725,2.6011666666666664,2.240666666666667,3.066333333333333,3.6006666666666667
2025-05-17 09:00:00,3.409,2.932,2.4638333333333335,2.1591666666666667,2.7969999999999997,3.8825000000000003
2025-05-17 10:00:00,3.6136666666666666,2.367166666666667,2.509666666666667,1.8678333333333335,2.6626666666666665,2.859666666666667
2025-05-17 11:00:00,3.8045,3.4421666666666666,2.582,1.8991666666666667,3.218166666666667,4.463666666666667
2025-05-17 12:00:00,2.567,2.6516666666666664,2.0043333333333333,1.21335,2.466833333333333,3.0891666666666664
2025-05-17 13:00:00,2.9006666666666665,2.9563333333333333,1.8355,1.508,3.2661666666666664,3.809833333333333
2025-05-17 14:00:00,2.6906666666666665,2.5316666666666667,1.5672,1.1337833333333334,2.5473333333333334,3.7176666666666667
2025-05-17 15:00:00,1.0992166666666667,1.1632333333333333,0.5315333333333333,0.4130566666666667,1.0881833333333333,1.8846666666666667
2025-05-17 16:00:00,1.4644666666666666,1.1366333333333332,0.5648166666666667,0.19977333333333333,1.3692,2.4393333333333334
2025-05-17 17:00:00,1.5926666666666667,1.5856666666666668,0.7057666666666667,0.33988333333333337,0.9592833333333334,2.0123333333333333
2025-05-17 18:00:00,1.1970666666666667,0.8920499999999999,0.5307833333333334,0.4778833333333333,1.2936166666666666,2.0828166666666665
2025-05-17 19:00:00,0.4197166666666667,0.3997333333333334,0.39710999999999996,0.38678333333333337,0.11774,0.5473166666666667
2025-05-17 20:00:00,1.1609666666666667,0.547,0.046073333333333334,0.30932333333333334,0.3684233333333333,0.35386666666666666
2025-05-17 21:00:00,0.9118166666666667,0.7131500000000001,0.32870333333333335,0.19551,0.030633333333333335,0.12827333333333332
2025-05-17 22:00:00,0.7314,0.7027333333333333,1.3155499999999998,0.64425,0.7659,1.4630166666666666
2025-05-17 23:00:00,0.7440666666666667,1.3437333333333332,1.1414833333333334,0.9350666666666666,1.1617166666666667,1.7485
2025-05-18 00:00:00,0.6776166666666668,1.4281666666666666,1.7586666666666666,1.45,1.5378333333333332,1.7994999999999999
2025-05-18 01:00:00,0.9610333333333333,1.6223333333333334,1.6998333333333333,1.7109999999999999,1.6664999999999999,1.9658333333333333
2025-05-18 02:00:00,2.544166666666667,1.7495,2.546666666666667,1.8731666666666666,2.087333333333333,2.5965
2025-05-18 03:00:00,4.009833333333334,1.581,3.170666666666667,2.460166666666667,2.3995,2.6485
2025-05-18 04:00:00,4.8196666666666665,1.6493333333333333,3.0045,2.523,3.0204999999999997,3.4781666666666666
2025-05-18 05:00:00,4.6165,2.3863333333333334,3.1551666666666667,2.730166666666667,2.3466666666666667,3.615
2025-05-18 06:00:00,3.9495,2.643333333333333,3.875,2.5256666666666665,2.8021666666666665,2.2976666666666667
2025-05-18 07:00:00,3.3541666666666665,2.915833333333333,3.146333333333333,2.5175,3.591833333333333,3.2053333333333334
2025-05-18 08:00:00,3.7338333333333336,2.934833333333333,3.428833333333333,2.484166666666667,3.7688333333333333,4.5504999999999995
2025-05-18 09:00:00,4.719833333333333,2.9181666666666666,3.3895,2.9065000000000003,3.056166666666667,3.0433333333333334
2025-05-18 10:00:00,4.562666666666667,2.9425000000000003,3.2221666666666664,2.784666666666667,3.3228333333333335,3.2895
2025-05-18 11:00:00,4.2156666666666665,2.697666666666667,3.2328333333333332,2.5116666666666663,2.0088333333333335,2.427833333333333
2025-05-18 12:00:00,3.9466666666666668,3.302,2.6441666666666666,2.0788333333333333,3.682,4.246666666666667
2025-05-18 13:00:00,3.2281666666666666,3.2485,2.1241666666666665,1.6273333333333333,3.466666666666667,4.677333333333333
2025-05-18 14:00:00,2.3946666666666667,2.1694999999999998,1.0937,0.9418166666666666,2.466333333333333,3.515
2025-05-18 15:00:00,1.9703333333333333,1.1764333333333332,0.6251666666666666,0.71215,1.0969166666666665,1.3009
2025-05-18 16:00:00,1.7933333333333332,0.20066333333333333,0.6863833333333333,0.6593,0.34146,0.3718383333333334
2025-05-18 17:00:00,0.47983333333333333,0.8362999999999999,0.5873833333333334,0.6053499999999999,0.7305833333333334,1.0301
2025-05-18 18:00:00,0.6119666666666668,1.3723333333333334,0.51495,0.42676833333333336,1.0277833333333333,1.6175
2025-05-18 19:00:00,0.9033666666666667,1.7465000000000002,0.6637166666666666,0.3451616666666667,1.3275833333333333,1.6840000000000002
2025-05-18 20:00:00,0.9349666666666666,1.848833333333333,0.6209666666666667,0.8932833333333333,1.3029166666666667,2.188
2025-05-18 21:00:00,0.9115333333333333,1.8136666666666668,0.45485000000000003,0.7129833333333333,0.8557333333333333,1.4438333333333333
2025-05-18 22:00:00,0.7739833333333334,1.7843333333333333,0.6043333333333333,0.8092,1.2427666666666668,2.1441666666666666
2025-05-18 23:00:00,1.1921666666666666,2.2984999999999998,0.7855000000000001,0.6965666666666667,1.4116666666666666,2.629833333333333
2025-05-19 00:00:00,0.8364499999999999,1.3690333333333333,1.1758666666666668,1.0282166666666666,1.1024666666666667,2.0225
2025-05-19 01:00:00,1.8068333333333333,0.7144166666666667,1.4358333333333335,1.07475,1.1339666666666666,0.7937166666666666
2025-05-19 02:00:00,1.4274999999999998,1.02155,1.1974666666666667,1.0164,1.1449833333333332,0.8009833333333333
2025-05-19 03:00:00,1.8021666666666667,1.9688333333333332,1.6441666666666668,1.2057499999999999,1.57,1.5899500000000002
2025-05-19 04:00:00,2.120833333333333,1.4301666666666668,1.9733333333333332,1.6366666666666667,1.9385000000000001,1.7628333333333333
2025-05-19 05:00:00,1.7953000000000001,1.5775666666666666,1.7446666666666666,1.2728499999999998,1.8045,1.1912999999999998
2025-05-19 06:00:00,2.3895666666666666,1.3999,1.381,1.4602166666666667,1.4839833333333334,1.5081666666666667
2025-05-19 07:00:00,1.99245,1.2782166666666666,1.6736666666666666,1.7111666666666667,1.67515,1.6893333333333334
2025-05-19 08:00:00,1.8329333333333333,1.1499,1.3788666666666667,1.3126666666666666,2.073,1.9753333333333332
2025-05-19 09:00:00,2.3896,1.694,1.66564,1.3218,1.59,1.9091399999999998
2025-05-19 10:00:00,2.3797931901279705,1.1275134663097415,2.0192551906503002,1.1578856506267956,1.586598491773309,0.86742083442152
2025-05-19 11:00:00,2.0223333333333335,1.837,1.3045,1.2938166666666668,1.4987,2.207
2025-05-19 12:00:00,2.4583333333333335,2.1959999999999997,1.181,1.1844166666666667,2.0586666666666664,1.6521666666666666
2025-05-19 13:00:00,2.2905,2.0171666666666668,1.1080833333333333,0.8190666666666666,2.083,2.1665
2025-05-19 14:00:00,1.5868333333333333,1.8675,0.39100666666666667,0.19734000000000002,1.7035000000000002,2.341
2025-05-19 15:00:00,1.3236666666666668,1.905,0.0,0.12430000000000001,1.2218333333333333,2.0966666666666667
2025-05-19 16:00:00,0.6809666666666666,0.7630833333333332,0.0,0.22749,1.4381666666666668,1.4918333333333333
2025-05-19 17:00:00,0.5564,0.9077500000000001,0.0,0.0,0.6014333333333333,1.4436666666666667
2025-05-19 18:00:00,0.8409666666666666,1.12585,0.0,0.21712666666666666,1.0815666666666668,1.5805
2025-05-19 19:00:00,0.68995,1.0766166666666666,0.15357666666666667,0.21455666666666667,1.1212499999999999,1.4138333333333333
2025-05-19 20:00:00,1.0311,0.052423333333333336,0.10985666666666667,0.0,0.5111333333333333,1.08705
2025-05-19 21:00:00,0.37997333333333333,0.014073333333333334,0.0,0.04252333333333334,0.15669000000000002,0.8963833333333333
2025-05-19 22:00:00,0.5399416666666668,0.9838833333333333,0.0,0.17581333333333332,0.64868,1.1062333333333332
2025-05-19 23:00:00,1.6937166666666668,1.8548333333333333,0.31685833333333335,0.3773,0.9443,1.6691666666666667
2025-05-20 00:00:00,1.1783166666666667,1.13685,0.5555,0.16848000000000002,0.55655,1.0925333333333334
2025-05-20 01:00:00,0.9281333333333334,1.2960833333333333,0.8501,0.5491333333333334,0.8712,0.9517166666666667
2025-05-20 02:00:00,1.7765,2.2015000000000002,1.2914999999999999,1.389,1.6604666666666668,1.7283333333333333
2025-05-20 03:00:00,2.4643333333333337,2.428,1.8105,1.5133333333333332,2.1488333333333336,2.0701666666666667
2025-05-20 04:00:00,2.5686666666666667,3.041166666666667,2.216833333333333,1.7321666666666666,2.2426666666666666,2.6921666666666666
2025-05-20 05:00:00,2.977,3.553833333333333,2.1266666666666665,1.9849999999999999,3.0366666666666666,3.189
2025-05-20 06:00:00,3.523166666666667,4.558166666666667,2.556166666666667,2.0616666666666665,3.1161666666666665,4.048
2025-05-20 07:00:00,3.8176666666666668,4.675666666666667,2.704333333333333,2.4956666666666667,3.1671666666666667,4.199666666666666
2025-05-20 08:00:00,3.4793333333333334,5.310666666666666,2.9241666666666664,2.5476666666666667,3.878,4.800166666666667
2025-05-20 09:00:00,4.124,5.576833333333334,3.5141666666666667,2.8455,4.399,5.021333333333333
2025-05-20 10:00:00,5.276333333333333,6.573666666666667,3.1591666666666667,3.361166666666667,5.376,5.8405000000000005
2025-05-20 11:00:00,4.015833333333333,6.3501666666666665,3.0095,3.158333333333333,5.091166666666667,6.064000000000001
2025-05-20 12:00:00,3.6253333333333333,4.844166666666666,2.9865,2.890833333333333,4.757666666666666,6.5365
2025-05-20 13:00:00,3.4448333333333334,3.4768333333333334,2.6943333333333332,2.333833333333333,3.906833333333333,5.499499999999999
2025-05-20 14:00:00,3.786,4.867666666666667,2.4458333333333333,1.8221666666666667,3.5735,4.378666666666667
2025-05-20 15:00:00,3.8185,4.477333333333333,2.408,1.9714999999999998,4.2465,5.075333333333333
2025-05-20 16:00:00,3.1391666666666667,3.7798333333333334,1.6788333333333334,1.5561666666666667,3.5461666666666667,4.375166666666667
2025-05-20 17:00:00,2.9356666666666666,4.025833333333334,2.2201666666666666,1.951,3.8228333333333335,5.6155
2025-05-20 18:00:00,3.5428333333333333,4.131,2.383166666666667,1.9355,3.965333333333333,5.474333333333333
2025-05-20 19:00:00,3.9701666666666666,4.373833333333334,2.341,1.8984999999999999,4.120833333333334,5.457333333333334
2025-05-20 20:00:00,4.379499999999999,4.765333333333333,2.692333333333333,2.1790000000000003,4.777666666666667,6.406666666666666
2025-05-20 21:00:00,4.335166666666667,5.349166666666666,2.809166666666667,2.398,4.742166666666666,6.311833333333333
2025-05-20 22:00:00,4.818833333333333,5.454,3.1795,2.441333333333333,4.337000000000001,5.931333333333333
2025-05-20 23:00:00,4.335,4.990666666666667,2.8703333333333334,2.1438333333333333,4.7044999999999995,6.0056666666666665
2025-05-21 00:00:00,4.084333333333333,5.463166666666667,3.0111666666666665,2.308,5.047166666666667,6.4965
2025-05-21 01:00:00,4.965166666666667,5.573666666666667,3.2584999999999997,2.5806666666666667,5.1445,6.916666666666667
2025-05-21 02:00:00,5.388,6.077833333333333,3.8,3.1925000000000003,5.034166666666667,6.2105
2025-05-21 03:00:00,4.910833333333333,6.277,3.903833333333333,2.7758333333333334,6.007833333333334,6.1085
2025-05-21 04:00:00,6.222666666666667,7.815333333333333,3.7143333333333337,3.2045000000000003,6.196333333333333,7.344666666666667
2025-05-21 05:00:00,6.4351666666666665,8.894666666666666,4.464333333333333,3.3883333333333336,6.3053333333333335,8.111833333333333
2025-05-21 06:00:00,6.7475000000000005,9.295666666666667,4.674166666666666,3.6003333333333334,6.7635,8.026
2025-05-21 07:00:00,6.6885,8.622666666666667,4.71,4.029833333333333,6.327166666666667,8.180666666666665
2025-05-21 08:00:00,7.019,8.925166666666666,4.239166666666667,4.021833333333333,6.746833333333333,8.073
2025-05-21 09:00:00,6.841833333333333,9.078833333333334,4.66,3.9459999999999997,7.266666666666667,8.214
2025-05-21 10:00:00,6.683166666666667,8.520666666666667,4.3545,3.8505,7.155333333333333,9.218166666666667
2025-05-21 11:00:00,6.654166666666667,8.690500000000002,4.492999999999999,4.0793333333333335,7.173,8.4815
2025-05-21 12:00:00,6.490166666666667,7.289666666666666,3.827833333333333,3.8193333333333332,6.188999999999999,7.974
2025-05-21 13:00:00,5.2085,6.131666666666666,3.3958333333333335,2.8463333333333334,5.278499999999999,6.621333333333333
2025-05-21 14:00:00,4.2058333333333335,5.116,2.8823333333333334,2.317,4.736166666666667,5.998
2025-05-21 15:00:00,4.1785000000000005,5.099333333333333,2.754833333333333,2.3013333333333335,4.361000000000001,5.632666666666666
2025-05-21 16:00:00,3.262,6.025833333333334,2.911166666666667,3.152,4.639666666666667,6.833166666666667
2025-05-21 17:00:00,3.7915,5.481,2.475,2.087333333333333,4.030166666666667,5.809833333333333
2025-05-21 18:00:00,3.3571666666666666,5.0681666666666665,2.3228333333333335,2.382166666666667,3.9016666666666664,5.262833333333333
2025-05-21 19:00:00,3.8513333333333337,5.002833333333333,2.337,2.3795,4.151166666666667,4.142166666666666
2025-05-21 20:00:00,4.214666666666667,5.153666666666667,2.4833333333333334,2.432166666666667,4.531166666666667,6.2669999999999995
2025-05-21 21:00:00,4.5805,5.2335,2.5143333333333335,2.1656666666666666,5.245333333333334,6.908166666666667
2025-05-21 22:00:00,3.9455,5.193833333333333,2.7826666666666666,2.1591666666666667,4.368166666666666,6.296333333333333
2025-05-21 23:00:00,4.0456666666666665,4.55,2.665833333333333,2.0443333333333333,4.578166666666666,6.315666666666667
2025-05-22 00:00:00,4.238666666666666,5.096333333333334,2.7783333333333333,2.006666666666667,5.1085,7.128666666666667
2025-05-22 01:00:00,6.749666666666667,8.212166666666667,4.283,3.5236666666666667,6.453666666666667,8.263
2025-05-22 02:00:00,5.406166666666667,7.904833333333333,4.187666666666667,3.754,7.135166666666667,8.227833333333333
2025-05-22 03:00:00,6.717,8.981,4.137,4.102833333333334,7.578166666666666,9.07
2025-05-22 04:00:00,5.6386666666666665,9.785833333333333,4.9315,4.027333333333334,7.921,10.1225
2025-05-22 05:00:00,5.5085,10.337,4.976833333333333,4.034833333333333,7.839833333333333,9.915666666666665
2025-05-22 06:00:00,3.2256666666666667,6.742666666666667,3.7344999999999997,4.106166666666667,6.277333333333333,9.088333333333333
2025-05-22 07:00:00,5.141166666666667,6.368666666666667,3.3543333333333334,3.0831666666666666,5.545333333333334,7.105166666666666
2025-05-22 08:00:00,2.7641666666666667,4.672,3.156833333333333,3.1456666666666666,4.8335,6.231166666666667
2025-05-22 09:00:00,2.5371666666666663,2.5728333333333335,1.6140166666666667,1.3132166666666667,2.2871666666666663,3.521666666666667
2025-05-22 10:00:00,1.6337666666666666,1.5256333333333332,1.1656833333333334,1.0592333333333335,2.00185,3.0806666666666667
2025-05-22 11:00:00,2.0120999999999998,2.7961666666666667,1.1200833333333333,1.1586333333333334,1.8514833333333334,1.9863
2025-05-22 12:00:00,3.3301666666666665,4.764666666666667,1.9256666666666669,1.4816166666666668,3.3,3.6334999999999997
2025-05-22 13:00:00,3.120833333333333,3.7041666666666666,1.5248166666666667,1.0216333333333334,3.1703333333333332,4.4725
2025-05-22 14:00:00,1.8336833333333333,3.7118333333333333,1.1401000000000001,0.9490666666666667,3.3280000000000003,4.667666666666666
2025-05-22 15:00:00,3.3703333333333334,2.5254333333333334,1.4001666666666668,1.4098333333333335,2.8856666666666664,4.2203333333333335
2025-05-22 16:00:00,2.3781666666666665,2.624,0.9577166666666667,0.91555,1.8436833333333333,2.0576666666666665
2025-05-22 17:00:00,2.0058333333333334,2.6371666666666664,1.0084166666666667,0.86885,2.3771666666666667,3.356333333333333
2025-05-22 18:00:00,2.429333333333333,2.7348333333333334,1.0898333333333334,1.0628166666666667,3.1226666666666665,4.007333333333333
2025-05-22 19:00:00,4.016666666666667,5.151833333333333,2.3123333333333336,1.7083333333333333,4.189166666666667,5.352833333333334
2025-05-22 20:00:00,3.8025,4.306666666666667,2.1978333333333335,1.5765,3.2781666666666665,4.036
2025-05-22 21:00:00,2.9908333333333332,3.0743333333333336,1.538,0.9813833333333334,2.521166666666667,3.594
2025-05-22 22:00:00,2.8085,2.9621666666666666,1.3391666666666666,0.9572333333333333,2.0801666666666665,3.172166666666667
2025-05-22 23:00:00,3.2438333333333333,3.1748333333333334,1.5136666666666665,1.215,2.2936666666666667,3.171
2025-05-23 00:00:00,3.404333333333333,4.3469999999999995,2.379166666666667,1.7925,3.578333333333333,3.6485
2025-05-23 01:00:00,3.505333333333333,4.2075,2.803,1.9391666666666665,3.472166666666667,4.642333333333334
2025-05-23 02:00:00,3.5185000000000004,4.237666666666667,2.3459999999999996,1.8421666666666667,3.394833333333333,4.0425
2025-05-23 03:00:00,3.844666666666667,4.7716666666666665,2.76,2.219,3.5180000000000002,4.379666666666666
2025-05-23 04:00:00,3.43,4.4639999999999995,2.5533333333333332,2.278,3.1668333333333334,4.381
2025-05-23 05:00:00,3.9493333333333336,5.3101666666666665,2.9418333333333333,2.4309999999999996,3.6198333333333332,3.9508333333333336
2025-05-23 06:00:00,4.350833333333333,5.651166666666667,3.261,2.5861666666666663,4.379333333333333,5.124833333333333
2025-05-23 07:00:00,4.527833333333334,5.822,3.317,2.8606666666666665,4.5248333333333335,5.785
2025-05-23 08:00:00,5.157166666666667,6.003,3.5105,3.1113333333333335,4.692166666666666,5.757833333333334
2025-05-23 09:00:00,4.690333333333333,6.352333333333333,3.4795000000000003,2.9339999999999997,4.540333333333334,5.213666666666667
2025-05-23 10:00:00,4.669666666666667,5.162999999999999,2.8871666666666664,2.671,4.322500000000001,5.0376666666666665
2025-05-23 11:00:00,5.1845,6.525833333333334,3.1375,2.6146666666666665,3.4741666666666666,4.225666666666666
2025-05-23 12:00:00,4.572166666666666,6.0455000000000005,3.3333333333333335,2.7819999999999996,4.701333333333333,4.2715000000000005
2025-05-23 13:00:00,3.9138333333333337,5.0040000000000004,2.5698333333333334,2.1331666666666664,3.9451666666666667,4.509833333333333
2025-05-23 14:00:00,3.0715,4.010833333333333,1.8256666666666665,1.269,2.6776666666666666,3.7066666666666666
2025-05-23 15:00:00,2.7371666666666665,3.334,1.3838333333333332,1.2035000000000002,2.9143333333333334,3.6540000000000004
2025-05-23 16:00:00,3.0893333333333337,3.939,2.117833333333333,1.335,3.8528333333333333,4.7396666666666665
2025-05-23 17:00:00,3.410166666666667,3.7843333333333335,2.1388333333333334,1.4938333333333333,3.4793333333333334,4.415
2025-05-23 18:00:00,3.0123333333333333,3.3755,2.053,1.3509666666666669,3.3321666666666667,4.100666666666666
2025-05-23 19:00:00,3.3848333333333334,3.6531666666666665,2.262,1.4183333333333332,3.321833333333333,4.059166666666667
2025-05-23 20:00:00,2.942333333333333,3.007833333333333,1.7026666666666666,1.3438833333333333,3.5521666666666665,4.261166666666666
2025-05-23 21:00:00,3.199,3.581166666666667,1.8155,1.3252666666666668,3.137,3.5676666666666668
2025-05-23 22:00:00,2.7635,3.396166666666667,1.829,1.2245,2.3123333333333336,2.972
2025-05-23 23:00:00,3.4313333333333333,3.4686666666666666,1.35,1.1124333333333332,2.606666666666667,3.2768333333333337
2025-05-24 00:00:00,2.8661666666666665,3.3355,1.7296666666666667,1.2688333333333333,2.705833333333333,3.6021666666666667
2025-05-24 01:00:00,3.3055000000000003,3.805,2.2001666666666666,1.6823333333333332,3.2098333333333335,4.190166666666666
2025-05-24 02:00:00,4.350666666666667,4.58,2.5319999999999996,2.376833333333333,3.433,5.069500000000001
2025-05-24 03:00:00,3.4309999999999996,3.3609999999999998,2.4196666666666666,2.0515,2.7003333333333335,3.234166666666667
2025-05-24 04:00:00,3.5478333333333336,2.934166666666667,1.9138333333333333,1.9183333333333332,2.7631666666666663,2.9193333333333333
2025-05-24 05:00:00,4.109,3.4203333333333332,2.6715,2.2348333333333334,3.4983333333333335,4.139833333333334
2025-05-24 06:00:00,4.6306666666666665,3.8954999999999997,2.5766666666666667,2.628333333333333,3.5506666666666664,4.202
2025-05-24 07:00:00,4.516,4.241666666666666,2.5875,2.5416666666666665,3.658,4.3919999999999995
2025-05-24 08:00:00,4.641166666666667,4.269666666666667,2.6905,2.6175,3.9410000000000003,5.162833333333333
2025-05-24 09:00:00,5.336333333333333,4.859,2.8223333333333334,2.4025000000000003,3.8361666666666663,5.149333333333333
2025-05-24 10:00:00,5.054833333333334,5.903666666666667,2.9125,2.476,3.908333333333333,4.770666666666667
2025-05-24 11:00:00,3.6966666666666668,4.1885,2.6228333333333333,2.0220000000000002,4.1465,5.667833333333333
2025-05-24 12:00:00,5.861833333333333,6.0415,3.3743333333333334,2.6605,4.607333333333333,6.008666666666667
2025-05-24 13:00:00,5.325833333333334,4.832333333333334,2.7003333333333335,2.4143333333333334,4.3835,5.493666666666667
2025-05-24 14:00:00,4.281499999999999,4.670833333333333,2.5378333333333334,2.098,2.968166666666667,4.241833333333333
2025-05-24 15:00:00,4.89,4.8646666666666665,2.4861666666666666,2.4623333333333335,3.205833333333333,4.372333333333333
2025-05-24 16:00:00,4.571833333333333,4.620500000000001,2.2336666666666667,2.3434999999999997,3.2018333333333335,3.969333333333333
2025-05-24 17:00:00,4.751833333333334,3.714833333333333,2.2946666666666666,2.2895,3.169166666666667,3.146166666666667
2025-05-24 18:00:00,4.081166666666666,3.0625,2.055333333333333,2.3505,3.2849999999999997,3.6926666666666668
2025-05-24 19:00:00,4.008166666666667,3.3025,1.7471666666666665,2.1563333333333334,3.2939999999999996,3.6734999999999998
2025-05-24 20:00:00,4.38,3.3885,1.7023333333333333,2.068833333333333,3.0236666666666663,3.6366666666666663
2025-05-24 21:00:00,4.333166666666667,3.4661666666666666,1.5551666666666668,1.9588333333333334,2.826833333333333,3.3355
2025-05-24 22:00:00,3.9463333333333335,3.5771666666666664,1.5859999999999999,1.781,2.5401666666666665,3.3658333333333332
2025-05-24 23:00:00,3.7401666666666666,3.380333333333333,1.3091666666666666,1.6468333333333334,2.5991666666666666,3.2518333333333334
2025-05-25 00:00:00,3.9603333333333333,3.552333333333334,1.419,1.7796666666666667,2.720666666666667,3.3238333333333334
2025-05-25 01:00:00,3.9645,3.897666666666667,1.332,1.704,2.7751666666666663,3.2786666666666666
2025-05-25 02:00:00,4.032,4.264,1.588,1.7073333333333334,2.5701666666666667,3.4655
2025-05-25 03:00:00,4.073333333333333,4.205,1.8895000000000002,1.8045,2.8301666666666665,3.877666666666667
2025-05-25 04:00:00,4.1979999999999995,4.4030000000000005,2.0173333333333336,1.9201666666666666,2.8695,3.9818333333333333
2025-05-25 05:00:00,4.780166666666667,4.563,2.4013333333333335,2.2063333333333333,2.9698333333333333,4.460666666666667
2025-05-25 06:00:00,4.331,3.8606666666666665,2.0738333333333334,2.007,2.9093333333333335,4.282666666666667
2025-05-25 07:00:00,4.1066666666666665,3.629166666666667,1.9868333333333332,2.005,2.691333333333333,4.006333333333333
2025-05-25 08:00:00,4.173166666666666,4.179166666666666,2.735666666666667,1.8923333333333334,3.5155000000000003,5.1085
2025-05-25 09:00:00,5.0095,5.032166666666667,2.4219999999999997,2.3348333333333335,3.5715,5.033666666666666
2025-05-25 10:00:00,3.559833333333333,4.848666666666667,2.3626666666666667,2.4645,3.4324999999999997,4.617
2025-05-25 11:00:00,3.4050000000000002,3.7790000000000004,2.0576666666666665,1.8476666666666666,2.7226666666666666,3.351
2025-05-25 12:00:00,4.3678333333333335,4.3116666666666665,2.027,1.5483333333333333,2.6228333333333333,3.2715
2025-05-25 13:00:00,2.9963333333333333,2.9305000000000003,1.40455,1.6700000000000002,3.3815000000000004,4.2115
2025-05-25 14:00:00,1.9463333333333332,3.0516666666666667,0.96505,0.7824666666666666,2.2338333333333336,2.6618333333333335
2025-05-25 15:00:00,2.5035000000000003,3.932666666666667,1.9106666666666667,1.6038333333333334,2.4099999999999997,3.106333333333333
2025-05-25 16:00:00,2.5084999999999997,3.3925,1.6775,1.4358333333333335,2.6666666666666665,3.7843333333333335
2025-05-25 17:00:00,2.2083333333333335,2.5511666666666666,1.3628333333333333,1.2118333333333333,2.7171666666666665,3.8111666666666664
2025-05-25 18:00:00,2.0846666666666667,2.3635,1.1324666666666667,0.8272166666666667,2.143333333333333,2.5355
2025-05-25 19:00:00,2.3561666666666667,2.7096666666666667,1.1503333333333332,0.7117333333333333,1.7918333333333334,2.1576666666666666
2025-05-25 20:00:00,2.6595,2.761,0.9876333333333334,0.86815,1.8473333333333335,2.7361666666666666
2025-05-25 21:00:00,2.406833333333333,2.2511666666666668,0.9395,0.8897999999999999,2.1508333333333334,2.7056666666666667
2025-05-25 22:00:00,2.364833333333334,2.4856666666666665,0.95885,0.74475,1.7771666666666666,2.2691666666666666
2025-05-25 23:00:00,2.405666666666667,2.7353333333333336,1.02395,0.86485,1.3576666666666666,2.0548333333333333
2025-05-26 00:00:00,2.7618333333333336,2.2435,1.5743333333333331,1.0477166666666666,1.7096666666666667,2.243333333333333
2025-05-26 01:00:00,2.9931666666666668,2.584,1.6563333333333332,1.5003333333333333,2.393333333333333,2.7573333333333334
2025-05-26 02:00:00,4.030666666666667,3.4018333333333337,2.3085,2.0871666666666666,2.5933333333333333,3.3525
2025-05-26 03:00:00,4.951833333333334,4.8755,3.0496666666666665,2.2826666666666666,4.124333333333333,4.7385
2025-05-26 04:00:00,4.971500000000001,4.589,2.7411666666666665,2.4823333333333335,3.680333333333333,4.615666666666667
2025-05-26 05:00:00,4.018,5.281166666666667,3.2311666666666667,2.6046666666666667,4.223166666666667,5.236000000000001
2025-05-26 06:00:00,1.2164833333333334,1.96715,2.9535,2.9795000000000003,4.039166666666667,5.1258333333333335
2025-05-26 07:00:00,2.7008333333333336,2.7171499999999997,1.7576666666666665,1.72335,3.9518333333333335,5.220666666666667
2025-05-26 08:00:00,2.2640000000000002,1.8045,0.501715,0.5447333333333333,1.7418333333333333,1.8556666666666668
2025-05-26 09:00:00,2.5858833333333333,3.09505,1.7315,1.7468666666666666,2.890333333333333,3.4153333333333333
2025-05-26 10:00:00,1.17845,1.02395,0.6001833333333334,0.6926333333333333,0.9617333333333333,1.5803333333333331
2025-05-26 11:00:00,2.3598333333333334,3.1395,1.4303166666666667,1.3228666666666666,2.0235,2.3375
2025-05-26 12:00:00,2.546,2.8216666666666668,0.9111333333333334,0.6635166666666666,1.8561666666666667,1.4823333333333333
2025-05-26 13:00:00,2.879833333333333,3.147,1.3293333333333335,0.8717166666666666,1.7608333333333335,2.0261666666666667
2025-05-26 14:00:00,1.55255,2.2660666666666667,0.9966333333333334,0.46186666666666665,0.7956,1.3559666666666668
2025-05-26 15:00:00,1.3935,1.2642,0.6704666666666667,0.5065500000000001,1.1664666666666668,0.7100166666666666
2025-05-26 16:00:00,1.927,2.194666666666667,1.1573333333333333,0.8537,1.5093333333333334,1.35725
2025-05-26 17:00:00,2.0686666666666667,2.2209999999999996,0.9542833333333334,0.9702000000000001,1.7888333333333333,2.461
2025-05-26 18:00:00,2.2929999999999997,2.121,0.9972833333333334,1.4669999999999999,1.6953333333333334,2.1265
2025-05-26 19:00:00,2.4755,2.293833333333333,1.2549166666666667,1.45,1.7956666666666667,2.5296666666666665
2025-05-26 20:00:00,2.5123333333333333,2.3921666666666668,1.2486666666666666,1.4066666666666667,1.9696666666666665,2.6574999999999998
2025-05-26 21:00:00,2.6893333333333334,2.0713333333333335,0.9604333333333333,1.3305,2.0855,2.5973333333333333
2025-05-26 22:00:00,2.6816666666666666,2.457666666666667,1.3043333333333333,1.3255000000000001,1.844,2.5533333333333332
2025-05-26 23:00:00,3.0308333333333333,2.7386666666666666,1.5396666666666665,1.6006666666666667,2.3756666666666666,3.0998333333333337
2025-05-27 00:00:00,5.107833333333334,4.9815,2.1035,2.0460000000000003,2.8588333333333336,3.96
2025-05-27 01:00:00,6.120833333333334,6.333333333333333,2.9243333333333337,2.765833333333333,3.8276666666666666,5.026166666666667
2025-05-27 02:00:00,6.5344999999999995,7.670833333333333,3.444666666666667,3.5785,4.473166666666667,6.1385
2025-05-27 03:00:00,6.221333333333333,6.128,3.6891666666666665,3.0461666666666667,5.397333333333333,6.4271666666666665
2025-05-27 04:00:00,6.253166666666667,6.873166666666666,3.4055000000000004,3.2051666666666665,5.004166666666666,6.713333333333334
2025-05-27 05:00:00,6.343500000000001,9.585,4.2335,3.4643333333333337,5.6545,7.7555
2025-05-27 06:00:00,5.0645,4.9543333333333335,2.955833333333333,2.454,4.3155,6.330333333333333
2025-05-27 07:00:00,5.442333333333334,5.483333333333333,2.7625,2.9015,4.540666666666667,6.088166666666667
2025-05-27 08:00:00,5.474333333333333,4.790166666666667,2.5298333333333334,2.771,3.7016666666666667,5.730333333333333
2025-05-27 09:00:00,4.6145000000000005,4.950833333333334,2.6456666666666666,2.689,3.916,5.253833333333334
2025-05-27 10:00:00,5.695333333333334,5.615333333333334,2.6985,2.428166666666667,3.629166666666667,5.152166666666667
2025-05-27 11:00:00,5.3933333333333335,5.2026666666666666,2.8474999999999997,2.2851666666666666,3.7633333333333336,4.8453333333333335
2025-05-27 12:00:00,4.6641666666666675,4.639333333333334,2.3745,2.434833333333333,3.3738333333333332,4.631833333333333
2025-05-27 13:00:00,4.2085,3.687,1.9288333333333334,1.635,2.2338333333333336,2.9045
2025-05-27 14:00:00,3.9761666666666664,3.7045000000000003,1.9668333333333332,1.682,2.3291666666666666,2.847
2025-05-27 15:00:00,3.0871666666666666,2.781833333333333,1.468,1.9415,2.6536666666666666,3.1693333333333333
2025-05-27 16:00:00,2.7468333333333335,2.583833333333333,1.7166666666666666,1.7435,2.6158333333333332,2.8246666666666664
2025-05-27 17:00:00,4.620333333333334,4.864833333333333,2.3658333333333332,2.8626666666666667,4.1985,4.726333333333333
2025-05-27 18:00:00,4.6466666666666665,4.758,2.438,2.264333333333333,3.4295,4.617666666666667
2025-05-27 19:00:00,3.260666666666667,3.0285,1.9435,1.7748333333333333,2.9026666666666667,3.9091666666666667
2025-05-27 20:00:00,3.9571666666666667,4.072333333333334,2.041166666666667,1.925,2.7003333333333335,3.8301666666666665
2025-05-27 21:00:00,4.373833333333334,3.8478333333333334,2.4440000000000004,2.0493333333333332,3.363,4.233
2025-05-27 22:00:00,3.7906666666666666,3.9743333333333335,2.4451666666666667,1.971,3.891,4.545333333333334
2025-05-27 23:00:00,3.866,3.9116666666666666,2.1138333333333335,1.787,2.9203333333333332,3.8973333333333335
2025-05-28 00:00:00,3.8045,4.098166666666667,1.9211666666666667,1.6206666666666665,3.025,4.8945
2025-05-28 01:00:00,3.3873333333333333,3.7965,1.9248333333333332,1.3936333333333333,2.5963333333333334,3.5715
2025-05-28 02:00:00,3.4796666666666667,4.353666666666667,2.2238333333333333,1.5923333333333332,3.5756666666666663,4.145333333333333
2025-05-28 03:00:00,3.7975,4.745833333333334,2.592833333333333,1.8621666666666667,4.000666666666667,5.317333333333334
2025-05-28 04:00:00,4.983833333333333,6.1915000000000004,2.678,2.1853333333333333,3.833666666666667,4.614833333333333
2025-05-28 05:00:00,5.248500000000001,6.689666666666667,3.422166666666667,2.801,5.5104999999999995,6.7203333333333335
2025-05-28 06:00:00,5.6978333333333335,8.068999999999999,3.6743333333333337,3.3561666666666667,6.175166666666667,7.305666666666666
2025-05-28 07:00:00,6.094333333333334,7.549166666666666,3.7045000000000003,3.811,6.498,7.898
2025-05-28 08:00:00,5.284833333333333,6.273499999999999,3.6161666666666665,3.4128333333333334,6.007833333333334,7.021166666666667
2025-05-28 09:00:00,2.420666666666667,4.800833333333333,3.3345,2.7801666666666667,5.570666666666667,7.421166666666666
2025-05-28 10:00:00,1.9926666666666668,1.8921666666666668,2.936,2.503333333333333,2.2453333333333334,3.614
2025-05-28 11:00:00,3.489,1.2284833333333334,2.9151666666666665,2.1133333333333333,1.7668333333333335,2.0171666666666668
2025-05-28 12:00:00,2.0075,1.0669333333333335,2.5959999999999996,1.7231666666666667,1.6788333333333334,2.1824999999999997
2025-05-28 13:00:00,1.0472333333333335,1.9608333333333334,2.026333333333333,1.7278333333333333,1.6001666666666665,2.231333333333333
2025-05-28 14:00:00,1.3257833333333333,2.5403333333333333,1.6206666666666665,1.4718333333333333,2.0340000000000003,2.797166666666667
2025-05-28 15:00:00,1.9111666666666667,3.9701666666666666,2.436,1.9265,3.0036666666666667,4.326499999999999
2025-05-28 16:00:00,1.9965000000000002,3.5846666666666667,1.8503333333333332,1.5673333333333335,2.8318333333333334,4.478
2025-05-28 17:00:00,2.0618333333333334,2.7371666666666665,1.4473333333333334,0.8477833333333333,2.414833333333333,3.352333333333333
2025-05-28 18:00:00,2.3089999999999997,2.7973333333333334,1.3711666666666666,0.8138166666666666,2.3281666666666667,2.9713333333333334
2025-05-28 19:00:00,2.138,3.027,1.3228333333333333,0.9033666666666667,2.204333333333333,3.15
2025-05-28 20:00:00,1.9528333333333334,2.891833333333333,1.3578333333333332,1.1600166666666667,2.6113333333333335,3.3266666666666667
2025-05-28 21:00:00,1.9278333333333333,2.4741666666666666,0.9858166666666667,0.9408666666666666,2.1021666666666667,2.823
2025-05-28 22:00:00,2.0216666666666665,2.367,1.2133,0.8611,2.2866666666666666,2.6158333333333332
2025-05-28 23:00:00,1.9654999999999998,2.6318333333333332,1.5245,0.9497,2.1713333333333336,2.4878333333333336
2025-05-29 00:00:00,2.0128333333333335,2.855,1.5445,1.0202333333333333,2.459,2.687
2025-05-29 01:00:00,2.2615,3.027333333333333,1.4315,1.5285000000000002,2.7093333333333334,3.6136666666666666
2025-05-29 02:00:00,1.6588333333333334,2.1515,1.5451666666666666,1.7115,2.1496666666666666,2.805833333333333
2025-05-29 03:00:00,1.6344999999999998,2.2481666666666666,1.3646833333333332,1.2387666666666666,1.9805,2.2613333333333334
2025-05-29 04:00:00,1.969,2.5828333333333333,1.5193333333333332,1.4101666666666666,2.0141666666666667,2.869666666666667
2025-05-29 05:00:00,3.1666666666666665,3.4016666666666664,2.0846666666666667,1.947833333333333,3.006333333333333,3.4998333333333336
2025-05-29 06:00:00,3.877666666666667,4.053833333333333,2.9638333333333335,1.8938333333333333,3.641,4.306333333333333
2025-05-29 07:00:00,4.124666666666666,4.3501666666666665,2.694166666666667,2.2246666666666663,3.531833333333333,3.805
2025-05-29 08:00:00,4.0895,3.981666666666667,2.8033333333333332,2.29,3.0853333333333333,4.499333333333333
2025-05-29 09:00:00,3.984166666666667,4.101833333333333,2.7546666666666666,2.1213333333333333,3.9575,4.260666666666667
2025-05-29 10:00:00,4.145166666666666,3.553,1.8561666666666667,1.4598333333333333,3.1161666666666665,4.335
2025-05-29 11:00:00,3.688,3.3235,1.9428333333333332,1.9743333333333333,2.9515000000000002,3.7496666666666667
2025-05-29 12:00:00,3.9891666666666667,3.298,1.7618333333333331,2.2396666666666665,2.8346666666666667,3.39
2025-05-29 13:00:00,3.89,3.280333333333333,1.9878333333333333,2.2935000000000003,3.3171666666666666,3.922166666666667
2025-05-29 14:00:00,3.710666666666667,2.944666666666667,1.9356666666666666,2.157166666666667,2.9036666666666666,3.3065
2025-05-29 15:00:00,3.6845,3.146,1.7246666666666668,2.195333333333333,3.027333333333333,3.3258333333333336
2025-05-29 16:00:00,3.9271666666666665,3.3768333333333334,1.7811666666666668,1.8896666666666666,2.7263333333333337,3.4568333333333334
2025-05-29 17:00:00,4.2764999999999995,4.091,2.2213333333333334,1.6633333333333333,2.4153333333333333,3.6101666666666663
2025-05-29 18:00:00,3.684166666666667,3.961,2.0328333333333335,1.4183333333333332,3.2248333333333337,4.422
2025-05-29 19:00:00,4.018,4.2085,2.0031666666666665,1.5345,3.5788333333333333,4.508333333333334
2025-05-29 20:00:00,3.9755,4.693333333333333,2.5476666666666667,1.7803333333333333,3.864333333333333,4.850499999999999
2025-05-29 21:00:00,4.337833333333333,4.52,2.516,1.8693333333333333,4.041333333333333,5.335166666666667
2025-05-29 22:00:00,3.9886666666666666,4.212833333333333,2.3345,1.7285,3.518333333333333,4.846333333333333
2025-05-29 23:00:00,3.452833333333333,3.6613333333333333,2.3883333333333336,1.4838333333333333,3.585166666666667,4.728
2025-05-30 00:00:00,4.086666666666667,4.316333333333334,2.6655,1.7964999999999998,3.602,5.113666666666666
2025-05-30 01:00:00,3.892333333333333,4.5296666666666665,2.682,1.9226666666666667,4.050166666666667,5.2195
2025-05-30 02:00:00,4.050666666666666,4.285333333333333,2.866,2.0453333333333332,3.638,5.168666666666667
2025-05-30 03:00:00,4.6419999999999995,5.088166666666667,3.058333333333333,2.0591666666666666,4.512333333333333,4.987666666666667
2025-05-30 04:00:00,4.514833333333333,4.8340000000000005,3.140333333333333,2.2796666666666665,4.456166666666666,5.6771666666666665
2025-05-30 05:00:00,4.7715000000000005,5.4435,3.3603333333333336,2.2811666666666666,5.044666666666667,6.5408333333333335
2025-05-30 06:00:00,5.6306666666666665,6.6545,4.276166666666667,3.1758333333333337,5.189333333333334,7.8275
2025-05-30 07:00:00,4.9158333333333335,6.107,4.083,2.766833333333333,5.371833333333333,6.667833333333333
2025-05-30 08:00:00,5.730833333333334,7.733333333333333,4.003833333333334,3.4931666666666668,5.7315,7.525666666666667
2025-05-30 09:00:00,5.952833333333333,7.781000000000001,3.8713333333333333,3.515333333333333,5.021833333333333,7.078
2025-05-30 10:00:00,4.977333333333333,5.847333333333333,3.1406666666666667,2.6866666666666665,4.845166666666667,6.280666666666666
2025-05-30 11:00:00,4.300166666666667,5.742,3.0488333333333335,2.7239999999999998,4.8838333333333335,6.070333333333334
2025-05-30 12:00:00,4.709333333333333,5.980833333333334,2.6753333333333336,2.8073333333333332,3.989333333333333,4.551333333333333
2025-05-30 13:00:00,3.5398333333333336,4.157,2.1216666666666666,1.8598333333333334,3.5511666666666666,3.6893333333333334
2025-05-30 14:00:00,3.2393333333333336,3.4031666666666665,1.5801666666666667,1.4343333333333335,2.8281666666666667,3.0781666666666667
2025-05-30 15:00:00,2.2851666666666666,2.5498333333333334,1.0065666666666666,0.9773833333333334,1.9593333333333334,2.6348333333333334
2025-05-30 16:00:00,1.677,1.6508333333333334,0.49885,0.49248333333333333,1.8208333333333333,2.417333333333333
2025-05-30 17:00:00,1.9571666666666665,2.140333333333333,0.7243499999999999,0.6705666666666666,1.8401666666666665,2.2001666666666666
2025-05-30 18:00:00,1.8496666666666668,2.1633333333333336,0.6319333333333332,0.6637500000000001,1.5,2.14
2025-05-30 19:00:00,1.8776666666666666,2.4366666666666665,0.79265,0.74895,1.768,2.119
2025-05-30 20:00:00,1.6293333333333335,2.2013333333333334,0.5517333333333333,0.6208833333333333,1.806,2.1704999999999997
2025-05-30 21:00:00,1.9708333333333334,2.1839999999999997,0.7639333333333334,0.5952333333333333,1.3855,2.364833333333333
2025-05-30 22:00:00,1.8013333333333332,2.4768333333333334,0.91305,0.9430166666666666,1.7563333333333333,2.2903333333333333
2025-05-30 23:00:00,1.739,2.117833333333333,1.3283333333333334,0.9760333333333333,1.6215000000000002,1.7758333333333334
2025-05-31 00:00:00,1.3746666666666667,1.677,1.04915,0.8021666666666667,1.5731666666666666,1.33595
2025-05-31 01:00:00,1.9526666666666666,1.6858333333333335,1.2148333333333334,0.9834166666666667,1.3698333333333332,1.5386666666666666
2025-05-31 02:00:00,2.258166666666667,2.229833333333333,1.5904999999999998,1.0682333333333331,1.7256666666666667,2.2366666666666664
2025-05-31 03:00:00,2.2550000000000003,2.5508333333333337,1.6638333333333333,1.3494833333333331,1.7821666666666665,2.5803333333333334
2025-05-31 04:00:00,2.291333333333333,2.747,1.8005,1.7321666666666669,1.995,2.4893333333333336
2025-05-31 05:00:00,2.355166666666667,2.7605,1.5741666666666667,1.5106666666666666,2.2501666666666664,3.0243333333333333
2025-05-31 06:00:00,2.2758333333333334,2.4658333333333333,1.7111666666666667,1.6143333333333334,2.1510000000000002,2.9915000000000003
2025-05-31 07:00:00,2.365666666666667,2.710166666666667,1.9945,1.4130166666666668,2.0631666666666666,3.0116666666666663
2025-05-31 08:00:00,2.5563333333333333,2.641833333333333,2.062666666666667,1.4698333333333333,2.18,3.0763333333333334
2025-05-31 09:00:00,1.4780000000000002,2.6385,1.813,1.3603999999999998,2.3925,2.5540000000000003
2025-05-31 10:00:00,1.1369,1.9421666666666666,1.332,0.9229,2.2026666666666666,1.6423166666666666
2025-05-31 11:00:00,1.18455,1.3536166666666667,0.8854166666666666,1.0280333333333334,1.4718166666666666,1.8223333333333334
2025-05-31 12:00:00,1.0158666666666667,0.4726666666666667,1.03345,0.699,1.0398166666666666,1.4879
2025-05-31 13:00:00,1.5985,1.4536333333333333,0.61685,0.46135000000000004,1.9460000000000002,2.140833333333333
2025-05-31 14:00:00,1.9485,1.8911666666666667,1.00975,0.5891000000000001,1.7186666666666668,2.4301666666666666
2025-05-31 15:00:00,2.0695,2.2511666666666668,0.8799166666666667,0.5974666666666667,1.5743333333333331,2.1288333333333336
2025-05-31 16:00:00,2.1873333333333336,2.2561666666666667,0.9255666666666666,0.24275666666666668,1.8968333333333334,2.3954999999999997
2025-05-31 17:00:00,2.5925000000000002,2.7631666666666663,0.8171,0.0,2.056,3.3361666666666663
2025-05-31 18:00:00,2.3895,2.8081666666666667,0.45206666666666667,0.0,2.1081666666666665,2.683333333333333
2025-05-31 19:00:00,2.3208333333333333,2.7768333333333337,0.46715,0.02406,2.253333333333333,3.7671666666666668
2025-05-31 20:00:00,1.6491666666666667,2.1963333333333335,0.362955,0.9380666666666666,1.5881666666666667,2.5223333333333335
2025-05-31 21:00:00,1.775,2.0636666666666668,0.45282666666666666,1.4091666666666667,1.6700000000000002,2.3261666666666665
2025-05-31 22:00:00,3.186,2.8365,1.4369666666666667,1.6606666666666667,2.5349999999999997,3.73
2025-05-31 23:00:00,2.4170000000000003,1.8619999999999999,0.9302499999999999,1.1400166666666667,1.8934666666666666,2.5364333333333335
2025-06-01 00:00:00,1.6218333333333335,1.5790499999999998,0.8706166666666667,1.00455,1.5748333333333333,2.0992
2025-06-01 01:00:00,2.452833333333333,1.7465000000000002,1.11635,1.3272166666666665,1.4685,2.2895
2025-06-01 02:00:00,1.8219999999999998,1.4364999999999999,0.7966,1.0014333333333334,1.6966666666666665,1.9571666666666665
2025-06-01 03:00:00,2.1121666666666665,1.8066666666666664,1.3188666666666669,1.9248333333333332,2.369666666666667,2.64
2025-06-01 04:00:00,3.2060000000000004,2.7843333333333335,2.0763333333333334,2.2944999999999998,3.0311666666666666,3.4226666666666667
2025-06-01 05:00:00,3.6365,3.7689999999999997,1.8875,1.6267,2.646,4.093166666666667
2025-06-01 06:00:00,3.8625,3.670166666666667,2.0385,1.1315166666666667,2.7373333333333334,3.6075
2025-06-01 07:00:00,3.185,3.8078333333333334,2.0566666666666666,1.7794999999999999,2.8865,2.9485
2025-06-01 08:00:00,4.345,4.0601666666666665,1.75355,1.5397666666666665,2.8805,3.9108333333333336
2025-06-01 09:00:00,4.997,5.969333333333333,3.2573333333333334,1.9670833333333335,3.8315,5.794666666666667
2025-06-01 10:00:00,5.691999999999999,7.872,4.0175,3.464,4.947,6.140166666666667
2025-06-01 11:00:00,5.648833333333333,8.9675,4.592333333333333,4.376,6.699833333333333,8.807833333333333
2025-06-01 12:00:00,4.0296666666666665,7.459333333333333,3.9371666666666667,3.5888333333333335,7.238166666666667,8.008000000000001
2025-06-01 13:00:00,4.285666666666667,4.244666666666666,2.7918333333333334,2.6185,4.815833333333333,5.7011666666666665
2025-06-01 14:00:00,3.621166666666667,4.2956666666666665,2.004166666666667,2.0893333333333333,4.7733333333333325,6.134666666666666
2025-06-01 15:00:00,2.8586666666666667,3.370166666666667,1.9793333333333332,1.7708333333333333,3.466,4.475833333333333
2025-06-01 16:00:00,1.8938333333333333,2.3808333333333334,0.9300666666666667,0.9376666666666666,2.0349999999999997,3.0896666666666666
2025-06-01 17:00:00,1.7781666666666667,2.108,0.68715,0.6503333333333334,1.9158333333333333,2.4465
2025-06-01 18:00:00,2.1943333333333332,2.569,0.6329166666666667,0.7100833333333333,1.5758333333333332,2.0596666666666668
2025-06-01 19:00:00,2.3104999999999998,2.5073333333333334,0.46675,0.64165,1.7143333333333333,2.5755
2025-06-01 20:00:00,2.3186666666666667,2.8765,0.5696833333333333,0.9085833333333333,1.7655,2.7085
2025-06-01 21:00:00,2.2773333333333334,2.955,0.7588166666666667,0.83365,1.3265,2.039
2025-06-01 22:00:00,2.3506666666666667,2.503333333333333,0.7522333333333333,0.8214333333333333,1.5776666666666666,2.4731666666666667
2025-06-01 23:00:00,2.8273333333333337,2.3546666666666667,0.9612999999999999,1.2765,1.6436666666666668,2.641833333333333
2025-06-02 00:00:00,3.1013333333333337,2.8064999999999998,1.1634,1.4428333333333334,1.5539999999999998,2.6103333333333336
2025-06-02 01:00:00,3.6595,3.478666666666667,1.8718333333333335,1.7723333333333333,2.3705,2.8168333333333333
2025-06-02 02:00:00,3.865333333333333,3.6573333333333333,1.9821666666666666,1.8885,2.928166666666667,3.6801666666666666
2025-06-02 03:00:00,4.850499999999999,4.5233333333333325,2.5566666666666666,2.153,3.5083333333333333,4.7625
2025-06-02 04:00:00,4.898166666666667,5.470666666666667,3.3926666666666665,2.9836666666666667,3.9575,5.688666666666666
2025-06-02 05:00:00,5.311833333333333,5.4558333333333335,3.8368333333333333,2.8271666666666664,4.3045,5.671666666666667
2025-06-02 06:00:00,4.365833333333333,6.580666666666667,3.5588333333333333,2.648,3.929333333333333,4.260666666666666
2025-06-02 07:00:00,4.721500000000001,6.5465,3.466333333333333,3.2105,5.804333333333333,7.053333333333333
2025-06-02 08:00:00,2.8848333333333334,4.233833333333333,1.9421666666666666,2.8198333333333334,5.474500000000001,7.886333333333334
2025-06-02 09:00:00,2.837,3.4386666666666668,1.5696666666666668,1.7088333333333334,3.5171666666666668,5.7415
2025-06-02 10:00:00,3.7209999999999996,4.324833333333333,2.5506666666666664,2.3915,3.259333333333333,3.6184999999999996
2025-06-02 11:00:00,4.110333333333333,4.3785,2.378333333333333,2.071,3.6468333333333334,3.671
2025-06-02 12:00:00,3.440833333333333,3.7584999999999997,2.029333333333333,1.4509,2.350216666666667,3.1441666666666666
2025-06-02 13:00:00,2.1853333333333333,2.783166666666667,1.4641666666666666,0.9082333333333333,1.6124166666666668,1.3888333333333334
2025-06-02 14:00:00,1.7590000000000001,2.3013333333333335,1.2170166666666666,0.4452,1.1208666666666667,1.4811666666666667
2025-06-02 15:00:00,2.1733333333333333,2.4829999999999997,1.27445,0.75825,1.4933333333333332,1.5530000000000002
2025-06-02 16:00:00,1.4173333333333333,1.7445,0.528,0.7733333333333333,0.9329000000000001,1.4981666666666666
2025-06-02 17:00:00,1.5028333333333335,1.7618333333333331,0.4507333333333333,0.5177833333333334,1.2858333333333334,1.8033333333333335
2025-06-02 18:00:00,1.7693333333333332,2.029166666666667,0.5565166666666667,0.6013666666666667,1.5961666666666665,1.6905
2025-06-02 19:00:00,1.7711666666666666,2.4048333333333334,0.5212833333333333,0.57955,1.492,1.5313333333333332
2025-06-02 20:00:00,1.1172333333333335,1.3960833333333333,0.10565,0.5237666666666667,0.9225666666666666,0.9580666666666667
2025-06-02 21:00:00,1.2935,1.329,0.16862333333333332,0.21012333333333333,0.7014833333333333,0.9107666666666667
2025-06-02 22:00:00,1.469,1.6046666666666667,0.12525666666666666,0.5146166666666666,0.9296000000000001,1.0400333333333334
2025-06-02 23:00:00,1.3281666666666667,0.9408666666666666,0.5029166666666667,0.74915,0.7321166666666666,0.5805833333333333
2025-06-03 00:00:00,1.8221666666666667,1.3413166666666667,0.6955333333333333,1.10735,1.2532666666666665,1.2917999999999998
2025-06-03 01:00:00,2.4003333333333337,1.9173333333333331,1.2863333333333336,1.7636666666666665,1.8054999999999999,1.681
2025-06-03 02:00:00,3.452833333333333,2.6906666666666665,1.9338333333333333,2.2786666666666666,2.6138333333333335,2.4236666666666666
2025-06-03 03:00:00,3.5166666666666666,3.335,2.1471666666666667,2.5298333333333334,2.75,2.6275
2025-06-03 04:00:00,3.9135,3.2355,2.0806666666666667,2.5616666666666665,3.1748333333333334,3.566333333333333
2025-06-03 05:00:00,4.913666666666667,5.028666666666667,2.663,2.572666666666667,3.783333333333333,4.923666666666667
2025-06-03 06:00:00,4.6465000000000005,5.511333333333334,2.8793333333333333,2.626833333333333,3.5906666666666665,4.872833333333333
2025-06-03 07:00:00,5.601333333333333,4.5729999999999995,2.8841666666666668,2.9585,4.076,4.672
2025-06-03 08:00:00,5.469166666666666,5.402833333333334,2.5973333333333333,2.798,4.113,5.0216666666666665
2025-06-03 09:00:00,4.384833333333333,3.854833333333333,2.0511666666666666,2.5454999999999997,3.7071666666666667,4.0705
2025-06-03 10:00:00,4.9345,4.004166666666666,2.3160000000000003,2.5805000000000002,3.4271666666666665,3.1866666666666665
2025-06-03 11:00:00,4.527666666666667,4.156000000000001,1.7395,1.9293333333333333,2.792333333333333,2.9680000000000004
2025-06-03 12:00:00,4.174,4.0328333333333335,1.6280000000000001,1.6093333333333333,2.1021666666666667,2.3645
2025-06-03 13:00:00,3.0281666666666665,3.226,1.449,1.1991166666666666,2.0541666666666667,2.415833333333333
2025-06-03 14:00:00,1.9161666666666666,1.9265,0.9237500000000001,0.7533666666666666,1.4755,2.2903333333333333
2025-06-03 15:00:00,2.133,2.2038333333333333,1.1604833333333333,1.0339166666666666,1.8781666666666665,2.5545
2025-06-03 16:00:00,2.1555000000000004,2.204333333333333,1.3315,1.7781666666666667,1.9326666666666665,2.3064999999999998
2025-06-03 17:00:00,2.112833333333333,2.3209999999999997,1.3598333333333334,1.719,1.8455000000000001,2.5496666666666665
2025-06-03 18:00:00,2.69,2.5301666666666667,1.182,1.4751666666666667,2.2348333333333334,3.0628333333333333
2025-06-03 19:00:00,2.8216666666666663,2.683333333333333,1.2561666666666667,1.472,1.9435,2.8066666666666666
2025-06-03 20:00:00,2.2843333333333335,2.471166666666667,1.1094499999999998,1.4235,1.7469999999999999,2.3655
2025-06-03 21:00:00,1.906,2.4356666666666666,0.6798,0.7994,1.4705333333333332,2.256333333333333
2025-06-03 22:00:00,1.3716166666666667,1.4941166666666668,0.7166333333333333,0.7181,1.08695,1.5594999999999999
2025-06-03 23:00:00,1.6576666666666666,1.8818333333333332,0.6796666666666666,0.6918333333333333,1.2783333333333333,1.825
2025-06-04 00:00:00,1.9675,2.1686666666666667,0.6725666666666666,0.8234,1.2462833333333334,1.6752333333333334
2025-06-04 01:00:00,2.075833333333333,1.4991666666666668,0.7764500000000001,1.06105,1.4403333333333335,1.4233333333333333
2025-06-04 02:00:00,2.5361666666666665,1.5208333333333333,1.13755,1.442,2.0533333333333332,2.165833333333333
2025-06-04 03:00:00,3.571833333333333,2.5436666666666667,1.6675,2.229,2.5364999999999998,2.42
2025-06-04 04:00:00,4.271,3.5735,2.3895,2.709166666666667,3.454833333333333,3.3408333333333333
2025-06-04 05:00:00,5.54,5.210333333333334,2.955,2.5388333333333337,3.7016666666666667,5.072
2025-06-04 06:00:00,6.453166666666666,8.244333333333334,3.5111666666666665,3.127666666666667,4.640166666666667,5.350833333333333
2025-06-04 07:00:00,6.711833333333333,6.732833333333334,3.2891666666666666,2.5439999999999996,4.217333333333333,5.728
2025-06-04 08:00:00,5.763,6.697666666666667,3.4908333333333332,2.8025,4.763333333333334,5.6851666666666665
2025-06-04 09:00:00,4.209,5.6659999999999995,3.1293333333333333,3.0565,4.948333333333333,6.4126666666666665
2025-06-04 10:00:00,4.2843333333333335,6.151,3.0228333333333333,3.053833333333333,4.775499999999999,5.774
2025-06-04 11:00:00,3.2323333333333335,3.9153333333333333,2.1473333333333335,2.5328333333333335,4.363666666666666,5.743333333333334
2025-06-04 12:00:00,2.3753333333333333,2.7915,1.3248333333333333,1.4875,2.6511666666666667,4.181666666666667
2025-06-04 13:00:00,1.6505666666666667,2.353833333333333,1.2416166666666666,1.1413,2.1751666666666667,2.5236666666666663
2025-06-04 14:00:00,0.7205666666666667,2.140833333333333,1.2477166666666666,1.4820333333333333,1.7991666666666668,2.365333333333333
2025-06-04 15:00:00,0.8027833333333334,1.6348333333333334,0.2715283333333333,0.6406,0.8126833333333334,1.7236666666666667
2025-06-04 16:00:00,0.5822333333333333,1.08175,0.12410833333333333,0.09002333333333333,0.32134,1.1524
2025-06-04 17:00:00,0.7785333333333334,0.3939066666666667,0.0,0.05548666666666667,0.49415000000000003,0.43040666666666666
2025-06-04 18:00:00,1.492,1.22915,0.6061083333333334,0.37370000000000003,1.0865333333333331,1.6666666666666667
2025-06-04 19:00:00,1.6424999999999998,1.6592666666666667,0.6003666666666666,0.4809233333333333,1.2429,2.2215
2025-06-04 20:00:00,1.792,1.9661666666666666,0.8197333333333333,0.7096,1.2734666666666667,2.2751666666666663
2025-06-04 21:00:00,2.2336666666666667,2.1198333333333332,0.5955666666666667,0.9143833333333333,1.2711666666666666,2.069
2025-06-04 22:00:00,2.135166666666667,2.1028333333333333,0.8731833333333333,1.182,1.4523333333333333,2.329
2025-06-04 23:00:00,1.9626666666666668,1.8456666666666666,0.9782833333333334,1.222,1.5363333333333336,2.0548333333333333
2025-06-05 00:00:00,1.8054999999999999,1.5246666666666668,1.0341,1.2102499999999998,1.8125,2.0981666666666667
2025-06-05 01:00:00,2.8735,2.273,1.0799166666666666,1.4476666666666667,1.9553333333333334,2.1045
2025-06-05 02:00:00,4.287833333333333,3.8615,1.9264833333333333,1.6301666666666668,2.395,2.6614999999999998
2025-06-05 03:00:00,4.771833333333333,4.882000000000001,3.1493333333333333,2.2263333333333337,3.3106666666666666,4.910333333333333
2025-06-05 04:00:00,5.453833333333334,4.928666666666667,3.0256666666666665,2.8123333333333336,3.9156666666666666,4.787000000000001
2025-06-05 05:00:00,4.975666666666667,4.907333333333333,2.8051666666666666,2.8375,3.9775,5.161333333333333
2025-06-05 06:00:00,4.477666666666667,4.478833333333333,2.6646666666666667,2.2886666666666664,3.126,4.521166666666667
2025-06-05 07:00:00,4.4055,4.627166666666667,2.2233333333333336,2.696166666666667,3.7546666666666666,3.98
2025-06-05 08:00:00,4.0605,3.6391666666666667,2.680833333333333,2.826,3.247666666666667,2.644833333333333
2025-06-05 09:00:00,3.9135,3.980166666666667,2.3618333333333337,2.4538333333333333,3.6708333333333334,3.658333333333333
2025-06-05 10:00:00,3.7925,3.6106666666666665,1.9510666666666665,1.6248666666666667,2.8753333333333333,5.249833333333333
2025-06-05 11:00:00,1.9703333333333333,1.5986666666666667,0.9290333333333333,0.7072666666666667,1.9893333333333334,2.6725
2025-06-05 12:00:00,2.9069999999999996,2.9194999999999998,1.1522333333333334,1.2068166666666669,3.0901666666666667,4.204833333333333
2025-06-05 13:00:00,3.2046666666666668,3.378833333333333,1.5183333333333333,1.4921666666666666,2.367833333333333,3.7476666666666665
2025-06-05 14:00:00,2.6558333333333333,2.499,0.9997833333333334,1.1105333333333334,2.211,2.5098333333333334
2025-06-05 15:00:00,2.799,2.266833333333333,1.0783166666666666,1.0086666666666668,2.280333333333333,2.838
2025-06-05 16:00:00,1.9726666666666666,2.1835,0.9132833333333333,0.9969,1.8221666666666667,2.1595
2025-06-05 17:00:00,2.4736666666666665,2.3801666666666668,1.0033333333333334,1.4556666666666667,2.2030000000000003,2.6824999999999997
2025-06-05 18:00:00,2.621666666666667,2.3606666666666665,1.0035333333333334,1.1110499999999999,2.353333333333333,2.7516666666666665
2025-06-05 19:00:00,2.3893333333333335,2.5900000000000003,1.2345000000000002,1.7976666666666667,2.1738333333333335,2.4993333333333334
2025-06-05 20:00:00,2.7843333333333335,2.8146666666666667,1.6253333333333333,1.98,2.627666666666667,3.0930000000000004
2025-06-05 21:00:00,3.2743333333333333,2.9485,1.826,2.2543333333333333,2.9555,3.2520000000000002
2025-06-05 22:00:00,3.618666666666667,3.4815,2.189333333333333,2.5170000000000003,3.4596666666666667,3.8618333333333337
2025-06-05 23:00:00,4.573666666666667,3.973,2.2439999999999998,2.5758333333333336,3.81,4.472833333333333
2025-06-06 00:00:00,5.222333333333333,4.7085,2.614,2.8365,3.9716666666666667,5.119
2025-06-06 01:00:00,5.8468333333333335,5.453166666666666,3.1936666666666667,2.8395,4.340333333333334,6.1575
2025-06-06 02:00:00,5.738666666666666,6.288166666666667,3.4991666666666665,2.6948333333333334,5.043,7.166333333333333
2025-06-06 03:00:00,6.760166666666667,9.397166666666667,4.118333333333333,3.0933333333333333,5.525,8.044666666666666
2025-06-06 04:00:00,6.123,7.525833333333334,3.8376666666666663,3.2718333333333334,6.482,8.701500000000001
2025-06-06 05:00:00,7.536666666666666,14.726833333333333,4.955,3.216333333333333,5.8985,8.0185
2025-06-06 06:00:00,6.777,10.886833333333334,4.043833333333334,2.735,3.9111666666666665,5.324666666666667
2025-06-06 07:00:00,6.1605,12.879833333333332,3.9955,2.7248333333333337,4.806,7.610166666666667
2025-06-06 08:00:00,6.649333333333333,5.478666666666667,3.7478333333333333,2.432,4.139166666666666,5.529833333333333
2025-06-06 09:00:00,6.043333333333334,6.266166666666667,3.2828333333333335,2.2016666666666667,3.5985,5.490333333333334
2025-06-06 10:00:00,4.951,5.122833333333333,2.8165,2.1231666666666666,4.304333333333333,4.718999999999999
2025-06-06 11:00:00,4.1535,3.752333333333333,2.4935,2.0643333333333334,2.57,3.9761666666666664
2025-06-06 12:00:00,4.55,4.054166666666666,2.329333333333333,1.4586833333333333,2.943,4.399500000000001
2025-06-06 13:00:00,3.7706666666666666,3.402,1.7985,1.0081499999999999,2.7525,4.146833333333333
2025-06-06 14:00:00,4.005160075362542,3.515907869992611,1.8418805790868946,1.6707034771128302,3.5063697282115753,4.09481218898068
2025-06-06 15:00:00,4.022166666666667,4.022833333333334,2.070333333333333,1.5011666666666665,2.290833333333333,3.7508333333333335
2025-06-06 16:00:00,3.7819999999999996,3.470666666666667,1.7948333333333333,1.1512666666666667,1.9858333333333331,3.2266666666666666
2025-06-06 17:00:00,3.1751666666666667,3.0166666666666666,1.5725,0.8923833333333333,1.7876666666666667,3.2826666666666666
2025-06-06 18:00:00,2.6645,2.8368333333333333,1.5005,1.0099833333333332,1.6508333333333334,2.658666666666667
2025-06-06 19:00:00,2.3168333333333333,2.564,0.9360333333333333,0.8327166666666667,1.7628333333333333,2.252333333333333
2025-06-06 20:00:00,2.3133333333333335,2.3546666666666667,0.77365,0.7886500000000001,1.6326666666666665,2.5486666666666666
2025-06-06 21:00:00,1.861,1.826,0.7082999999999999,0.96645,1.7053333333333334,2.3125
2025-06-06 22:00:00,1.6226666666666667,1.1798333333333335,0.5240166666666667,0.8949,1.2686666666666668,1.6148333333333333
2025-06-06 23:00:00,1.6635,1.2042666666666666,0.7248333333333333,1.1977166666666668,1.4666666666666666,1.87
2025-06-07 00:00:00,2.0193333333333334,1.6985,0.90935,1.3103333333333333,1.4283333333333335,1.8178333333333332
2025-06-07 01:00:00,2.7198333333333333,1.6658333333333333,1.142,1.6025,1.5638333333333334,2.1679999999999997
2025-06-07 02:00:00,3.1608333333333336,2.7961666666666667,1.0940166666666669,1.537,1.9708333333333334,2.5736666666666665
2025-06-07 03:00:00,4.121166666666666,4.080166666666667,2.2191666666666667,1.7985,3.2776666666666667,4.6659999999999995
2025-06-07 04:00:00,4.297666666666667,4.078833333333333,2.3115,1.937,2.465333333333333,3.5123333333333333
2025-06-07 05:00:00,4.304333333333333,3.9339999999999997,2.429666666666667,1.5238333333333334,3.1085,4.295166666666666
2025-06-07 06:00:00,4.129333333333333,3.4076666666666666,2.1978333333333335,2.2395,3.2685000000000004,4.080333333333333
2025-06-07 07:00:00,4.349833333333334,4.2105,2.5540000000000003,1.9411666666666667,3.1300000000000003,3.8288333333333333
2025-06-07 08:00:00,4.275666666666667,4.402333333333333,2.5555000000000003,1.7943333333333333,3.0556666666666668,3.9516666666666667
2025-06-07 09:00:00,3.0388333333333333,3.083666666666667,1.9198333333333333,1.9678333333333333,2.8013333333333335,3.895166666666667
2025-06-07 10:00:00,2.8366666666666664,3.146333333333333,2.0340000000000003,1.5491666666666668,2.7944999999999998,4.084
2025-06-07 11:00:00,2.9145,3.6065,1.7736666666666667,1.1957833333333334,2.7503333333333333,3.6146666666666665
2025-06-07 12:00:00,2.2503333333333333,2.7756666666666665,1.3430666666666666,1.0262666666666667,2.3825,2.615666666666667
2025-06-07 13:00:00,1.2924499999999999,1.843,0.8762000000000001,0.9394166666666667,1.6531500000000001,1.4701666666666668
2025-06-07 14:00:00,1.18955,2.18,1.2595666666666667,1.1990333333333332,2.5256666666666665,2.8976666666666664
2025-06-07 15:00:00,1.6496666666666668,2.126333333333333,1.0111,1.0120166666666668,1.692,3.1406666666666667
2025-06-07 16:00:00,2.3626666666666667,2.5933333333333333,0.9743666666666667,0.9140166666666667,1.6846666666666665,2.5785
2025-06-07 17:00:00,2.6395,2.7241666666666666,1.0133833333333333,1.00925,1.4025,2.3016666666666667
2025-06-07 18:00:00,2.6403333333333334,2.7135000000000002,0.8329166666666666,1.0468,1.49,2.446166666666667
2025-06-07 19:00:00,2.2255,2.2105,0.7962666666666667,1.0668833333333334,1.3873333333333333,2.1875
2025-06-07 20:00:00,2.1173333333333333,1.7256666666666665,0.9811333333333334,1.0416333333333332,1.2442166666666667,1.8419999999999999
2025-06-07 21:00:00,2.2605,2.4343333333333335,1.2265000000000001,0.8897833333333334,1.7835,2.3606666666666665
2025-06-07 22:00:00,1.9066666666666667,2.0775,0.9602,0.8004333333333332,1.5795,2.0766666666666667
2025-06-07 23:00:00,1.9533333333333334,2.3736666666666664,1.1673333333333333,1.0539166666666666,1.4308333333333332,1.7723333333333333
2025-06-08 00:00:00,1.9996666666666667,1.983,0.9198166666666666,0.8419833333333333,1.2933333333333332,1.6063333333333332
2025-06-08 01:00:00,1.3453333333333333,1.5993333333333333,1.0810833333333332,0.9854,1.5225,1.8053333333333332
2025-06-08 02:00:00,1.4395,1.5876666666666668,0.84385,1.0647666666666666,1.8065,2.0036666666666667
2025-06-08 03:00:00,1.9276666666666666,2.440833333333333,1.9271666666666667,1.8036666666666668,2.1896666666666667,3.2718333333333334
2025-06-08 04:00:00,4.145333333333333,3.702833333333333,2.384333333333333,2.2386666666666666,3.8113333333333332,5.3135
2025-06-08 05:00:00,3.2386666666666666,3.3543333333333334,2.0906666666666665,1.8893333333333333,3.5515,4.543666666666667
2025-06-08 06:00:00,2.6921666666666666,5.2895,3.4763333333333337,2.869333333333333,5.1466666666666665,6.180166666666667
2025-06-08 07:00:00,4.5344999999999995,6.760833333333333,3.181,3.1113333333333335,5.751666666666667,7.864
2025-06-08 08:00:00,5.525,6.882833333333334,3.3335,3.0865,5.444999999999999,6.844833333333333
2025-06-08 09:00:00,5.460333333333334,6.763,3.8175000000000003,3.5693333333333332,6.438000000000001,7.253666666666666
2025-06-08 10:00:00,5.511833333333333,6.893166666666667,3.6845,3.3681666666666668,5.245,6.267833333333333
2025-06-08 11:00:00,4.453166666666666,5.952333333333333,2.9508333333333336,2.8401666666666667,4.971166666666666,6.487666666666667
2025-06-08 12:00:00,4.466833333333333,5.247166666666667,2.7308333333333334,2.3521666666666667,4.792333333333334,6.683000000000001
2025-06-08 13:00:00,4.305499999999999,5.186000000000001,2.606666666666667,2.1856666666666666,4.869,5.837833333333333
2025-06-08 14:00:00,3.3811666666666667,4.421333333333334,2.4155,1.8686666666666667,3.676,4.972166666666666
2025-06-08 15:00:00,2.865666666666667,3.2616666666666663,1.5375,1.0030166666666667,3.1305,3.939833333333333
2025-06-08 16:00:00,3.188,3.603,1.9518333333333333,1.2468333333333335,3.391,4.548333333333333
2025-06-08 17:00:00,3.8223333333333334,3.7635,2.3883333333333336,1.7531666666666665,4.061166666666667,5.386166666666667
2025-06-08 18:00:00,3.3155,4.065833333333333,2.4065,1.5661666666666667,3.5985,4.998500000000001
2025-06-08 19:00:00,2.7991666666666664,3.544166666666667,1.8615,1.562,3.2343333333333333,4.3821666666666665
2025-06-08 20:00:00,3.545,3.8303333333333334,2.1281666666666665,1.712,3.4218333333333333,5.0825
2025-06-08 21:00:00,2.9673333333333334,3.314,1.7766666666666666,1.2058,3.2063333333333333,4.424166666666666
2025-06-08 22:00:00,3.1703333333333332,3.614833333333333,2.021166666666667,1.4186666666666667,3.092833333333333,4.747833333333333
2025-06-08 23:00:00,3.220833333333333,3.4486666666666665,1.9561666666666668,1.2908333333333333,3.3713333333333333,4.4030000000000005
2025-06-09 00:00:00,3.064833333333333,3.3579999999999997,1.8820000000000001,1.3811666666666667,2.9731666666666663,3.7063333333333333
2025-06-09 01:00:00,3.4829999999999997,3.934833333333333,2.5018333333333334,1.4061666666666668,3.306833333333333,3.7584999999999997
2025-06-09 02:00:00,3.6621666666666663,3.992166666666667,2.3651666666666666,1.5441666666666667,3.783666666666667,4.293166666666666
2025-06-09 03:00:00,3.7416666666666667,4.8455,2.6723333333333334,2.1814999999999998,4.0395,4.667166666666668
2025-06-09 04:00:00,4.429,5.114999999999999,2.823,2.263,4.0765,4.859333333333334
2025-06-09 05:00:00,4.303666666666667,4.664666666666666,2.8128333333333333,2.4661666666666666,4.245333333333333,5.025
2025-06-09 06:00:00,4.229,5.091333333333334,3.1454999999999997,2.4726666666666666,4.442666666666667,5.6354999999999995
2025-06-09 07:00:00,4.789833333333333,5.4671666666666665,3.2848333333333333,2.6126666666666667,4.515,5.7205
2025-06-09 08:00:00,3.798,4.691666666666666,2.739,1.8456666666666666,3.94,4.410166666666667
2025-06-09 09:00:00,4.4093333333333335,4.237666666666667,2.8943333333333334,2.2718333333333334,3.6456666666666666,4.276833333333333
2025-06-09 10:00:00,3.165,3.42,2.1453333333333333,1.6544999999999999,3.2145,3.5453333333333332
2025-06-09 11:00:00,2.613,2.5771666666666664,1.6238333333333335,1.2608333333333335,2.2053333333333334,2.834166666666667
2025-06-09 12:00:00,2.7535000000000003,2.6805000000000003,1.428,1.1501166666666667,2.6531666666666665,3.7656666666666667
2025-06-09 13:00:00,2.24,1.9693333333333334,1.0269333333333333,1.2545333333333335,1.5347166666666667,2.674
2025-06-09 14:00:00,2.3901666666666666,2.240333333333333,1.1539,0.9647000000000001,1.5776666666666666,2.0353333333333334
2025-06-09 15:00:00,2.513,2.1041666666666665,0.9810833333333334,0.58855,1.102,1.4466666666666665
2025-06-09 16:00:00,2.3631666666666664,1.8251666666666666,0.6826500000000001,0.9477166666666667,1.4598333333333333,2.0358333333333336
2025-06-09 17:00:00,2.022666666666667,1.7369999999999999,0.7280333333333334,0.89415,1.6616666666666666,2.412
2025-06-09 18:00:00,2.096,1.3791666666666667,0.9070666666666667,1.0669499999999998,1.5596666666666665,2.154333333333333
2025-06-09 19:00:00,1.8675,1.7658333333333334,0.9398166666666667,1.1033666666666666,1.5906666666666667,1.9588333333333334
2025-06-09 20:00:00,2.5334999999999996,1.9996666666666667,0.91725,1.2033333333333334,1.7945,2.2053333333333334
2025-06-09 21:00:00,2.394833333333333,1.7175,1.1368333333333334,1.3521666666666665,1.5596666666666665,2.2323333333333335
2025-06-09 22:00:00,2.5923333333333334,2.095,0.9266333333333333,1.0269166666666667,1.555,2.132833333333333
2025-06-09 23:00:00,1.9511666666666665,1.8293333333333335,0.8347833333333334,0.8662500000000001,1.7965000000000002,2.217
2025-06-10 00:00:00,1.3235,1.3795,0.7980333333333333,0.9438,1.3558333333333332,1.5725000000000002
2025-06-10 01:00:00,1.867,1.9591666666666667,1.1215666666666666,1.5376666666666667,1.6291666666666667,2.07
2025-06-10 02:00:00,2.3168333333333333,2.2083333333333335,1.2613333333333334,1.6176666666666668,2.117833333333333,2.454833333333333
2025-06-10 03:00:00,2.8511666666666664,2.644833333333333,1.3768333333333334,1.8403333333333334,2.4295,2.93
2025-06-10 04:00:00,3.5851666666666664,3.4853333333333336,1.8623333333333332,1.7031666666666667,2.818833333333333,3.6521666666666666
2025-06-10 05:00:00,3.692833333333333,3.3635,1.8321666666666667,1.6145,2.6831666666666667,3.7445
2025-06-10 06:00:00,4.543333333333334,4.318666666666667,2.4511666666666665,1.9748333333333332,4.236666666666666,5.245166666666666
2025-06-10 07:00:00,4.749666666666667,4.755833333333333,2.415,2.309833333333333,4.462666666666666,5.5145
2025-06-10 08:00:00,4.656499999999999,4.6241666666666665,2.4135,2.2558333333333334,3.290833333333333,4.517833333333333
2025-06-10 09:00:00,5.36,4.954833333333334,2.931833333333333,2.443166666666667,4.1321666666666665,5.251333333333333
2025-06-10 10:00:00,5.412833333333333,5.388000000000001,3.1563333333333334,2.489,4.480166666666666,5.830166666666667
2025-06-10 11:00:00,4.653333333333333,4.876166666666666,2.6064999999999996,2.0315,3.734,4.781000000000001
2025-06-10 12:00:00,4.551333333333333,5.192166666666666,2.9074999999999998,2.529166666666667,4.1081666666666665,4.974333333333333
2025-06-10 13:00:00,4.920166666666666,6.492166666666667,3.1578333333333335,2.3511666666666664,5.202333333333333,6.8854999999999995
2025-06-10 14:00:00,4.7825,6.0696666666666665,2.9986666666666664,2.4530000000000003,4.9525,6.6691666666666665
2025-06-10 15:00:00,4.3635,7.876333333333333,3.8015,3.728833333333333,6.061833333333333,7.743666666666667
2025-06-10 16:00:00,3.694166666666667,5.5775,2.8253333333333335,2.8365,4.7645,6.3933333333333335
2025-06-10 17:00:00,4.496666666666667,5.519166666666666,2.7209999999999996,2.3838333333333335,4.428166666666667,6.073166666666666
2025-06-10 18:00:00,3.6726666666666667,5.252166666666667,2.5328333333333335,2.314,3.8834999999999997,4.841333333333334
2025-06-10 19:00:00,3.520166666666667,4.390833333333333,1.9718333333333333,1.8103333333333333,3.419166666666667,4.1465
2025-06-10 20:00:00,3.288,4.562666666666667,1.9051666666666667,1.7346666666666666,3.2760000000000002,4.089666666666667
2025-06-10 21:00:00,3.077,4.779,1.8653333333333333,1.849,3.4021666666666666,4.3655
2025-06-10 22:00:00,3.299,3.4941666666666666,1.988,1.4036666666666666,3.2285,3.7765
2025-06-10 23:00:00,2.8313333333333333,3.4803333333333333,1.7653333333333334,1.6961666666666666,3.1686666666666667,3.795
2025-06-11 00:00:00,2.8153333333333332,4.0185,2.395166666666667,2.3726666666666665,3.994333333333333,5.224833333333334
2025-06-11 01:00:00,2.79,4.3854999999999995,3.0241666666666664,2.945333333333333,4.547833333333333,5.8534999999999995
2025-06-11 02:00:00,3.9363333333333332,5.934333333333333,3.3430000000000004,3.117833333333333,4.975666666666667,6.152666666666667
2025-06-11 03:00:00,4.022,5.6066666666666665,3.3745,2.844333333333333,5.300166666666667,6.425666666666667
2025-06-11 04:00:00,3.3531666666666666,5.641166666666667,3.0181666666666667,2.9675000000000002,5.320333333333334,6.301333333333333
2025-06-11 05:00:00,3.870833333333333,5.990666666666667,3.2013333333333334,2.927833333333333,5.009833333333334,6.276666666666667
2025-06-11 06:00:00,4.759666666666666,6.073333333333333,3.5253333333333337,3.2728333333333333,5.658666666666666,6.753
2025-06-11 07:00:00,4.772833333333334,5.647166666666666,3.301,3.2344999999999997,5.729666666666666,6.618833333333333
2025-06-11 08:00:00,4.374666666666667,5.5565,3.393666666666667,3.0641666666666665,4.946666666666667,6.5095
2025-06-11 09:00:00,4.06,5.120166666666666,3.1173333333333333,2.5756666666666663,4.551833333333334,5.989999999999999
2025-06-11 10:00:00,3.709,4.665666666666667,2.752666666666667,2.452,3.973,4.824
2025-06-11 11:00:00,4.434,5.251666666666667,2.7396666666666665,2.4204999999999997,4.340833333333333,5.195833333333334
2025-06-11 12:00:00,3.5693333333333332,4.076666666666666,2.594333333333333,2.1513333333333335,3.5578333333333334,4.6905
2025-06-11 13:00:00,2.098,2.866333333333333,1.4998333333333334,1.5971666666666666,2.3729999999999998,3.054666666666667
2025-06-11 14:00:00,2.5258333333333334,2.978833333333333,1.3805,1.0461666666666667,2.4483333333333333,3.0503333333333336
2025-06-11 15:00:00,1.7039666666666666,2.9125,1.0800666666666667,0.9674999999999999,2.3474999999999997,2.8033333333333332
2025-06-11 16:00:00,0.3101966666666666,0.6601,0.3432066666666667,0.23527333333333333,1.0679166666666666,2.237
2025-06-11 17:00:00,0.29499000000000003,0.81935,0.0,0.0,0.31915666666666664,0.7120833333333334
2025-06-11 18:00:00,0.0,0.22853333333333334,0.0,0.0,0.3187933333333334,0.025023333333333335
2025-06-11 19:00:00,0.6888866666666666,0.06545666666666666,0.0,0.0,0.4674,0.6450899999999999
2025-06-11 20:00:00,1.3291499999999998,1.143,0.0,0.0,0.6281833333333334,1.8031666666666666
2025-06-11 21:00:00,1.613,2.7876666666666665,0.13194333333333333,0.011256666666666667,1.8175333333333334,3.1145
2025-06-11 22:00:00,1.9565,2.7143333333333333,0.56945,0.2903333333333333,2.0081666666666664,3.1358333333333333
2025-06-11 23:00:00,2.2303333333333333,2.5140000000000002,0.4530333333333333,0.03720666666666667,1.7209999999999999,2.6199999999999997
2025-06-12 00:00:00,2.3528333333333333,2.2005,0.7365499999999999,0.5946333333333332,1.6878333333333333,2.7356666666666665
2025-06-12 01:00:00,2.4228333333333336,2.4376666666666664,1.2012333333333334,0.9544666666666667,2.752333333333333,2.935166666666667
2025-06-12 02:00:00,2.2861666666666665,2.6,1.7473333333333334,1.4587,2.3978333333333333,2.459166666666667
2025-06-12 03:00:00,2.390333333333333,2.4466666666666668,1.79,1.6378333333333333,2.3505,2.3368333333333333
2025-06-12 04:00:00,2.6185,2.6015,1.6268333333333334,1.2663333333333333,2.5343333333333335,2.7761666666666667
2025-06-12 05:00:00,3.556,2.7171666666666665,1.9838333333333333,1.7266666666666666,2.912,3.8641666666666667
2025-06-12 06:00:00,3.5606666666666666,3.2241666666666666,2.158,1.8025,3.494333333333333,3.6755
2025-06-12 07:00:00,4.3100000000000005,3.3275,2.222666666666667,1.9854999999999998,3.707666666666667,4.889333333333334
2025-06-12 08:00:00,4.308333333333334,3.4185000000000003,2.6473333333333335,1.7615,3.6824999999999997,4.516
2025-06-12 09:00:00,4.244166666666667,4.045833333333333,2.7064999999999997,1.8315,3.693833333333333,4.766333333333334
2025-06-12 10:00:00,4.371666666666667,3.961,2.5275000000000003,1.8105,4.0695,3.9746666666666663
2025-06-12 11:00:00,4.183,4.686000000000001,2.2920000000000003,1.7941666666666665,4.521166666666667,4.711333333333333
2025-06-12 12:00:00,3.8435,4.058333333333334,2.0791666666666666,1.6235,4.366833333333333,5.0465
2025-06-12 13:00:00,3.1188333333333333,3.3176666666666668,1.3805,1.3185,3.2056666666666667,3.9811666666666667
2025-06-12 14:00:00,2.9141666666666666,3.7355,1.1109666666666667,0.84955,3.4541666666666666,4.26
2025-06-12 15:00:00,3.6109999999999998,4.034166666666667,1.2989833333333334,1.1594166666666665,4.0895,4.935666666666666
2025-06-12 16:00:00,4.0755,4.024333333333334,1.5531666666666666,1.6159999999999999,4.1555,5.277833333333334
2025-06-12 17:00:00,4.136,4.765833333333333,2.3743333333333334,1.6833333333333333,4.334833333333333,5.480166666666666
2025-06-12 18:00:00,3.0345,4.266166666666667,2.5498333333333334,1.663,3.5383333333333336,5.014166666666667
2025-06-12 19:00:00,2.594,3.8573333333333335,2.1603333333333334,1.3526666666666667,3.253833333333333,5.006
2025-06-12 20:00:00,2.5105,3.6405000000000003,2.1704999999999997,1.4423333333333335,3.0189999999999997,4.5865
2025-06-12 21:00:00,3.013,3.5716666666666668,2.1861666666666664,1.306,3.0148333333333333,4.493833333333333
2025-06-12 22:00:00,3.366333333333333,4.114333333333333,2.6801666666666666,1.7213333333333334,3.495833333333333,5.120666666666667
2025-06-12 23:00:00,3.3638333333333335,3.6963333333333335,2.6933333333333334,1.9346666666666665,3.4008333333333334,4.9535
2025-06-13 00:00:00,3.3205,3.8168333333333333,2.6435000000000004,1.8908333333333334,3.8921666666666668,4.978166666666667
2025-06-13 01:00:00,3.6483333333333334,4.058166666666667,3.205,2.226,3.8845,5.248
2025-06-13 02:00:00,3.3496666666666663,4.6685,3.3233333333333333,2.3726666666666665,4.195833333333334,5.5545
2025-06-13 03:00:00,3.722166666666667,5.171333333333333,3.4006666666666665,2.2096666666666667,4.452833333333333,5.044666666666667
2025-06-13 04:00:00,3.8954999999999997,4.962000000000001,3.378333333333333,2.331166666666667,4.166,5.027833333333334
2025-06-13 05:00:00,4.035666666666667,4.835333333333334,3.308666666666667,2.4546666666666668,4.474666666666667,5.5575
2025-06-13 06:00:00,4.231,4.704833333333334,3.127666666666667,2.465333333333333,4.180166666666667,4.9865
2025-06-13 07:00:00,3.7948333333333335,4.633,2.8946666666666667,2.265833333333333,4.393166666666667,4.927333333333333
2025-06-13 08:00:00,3.996166666666667,3.991333333333333,2.7335,2.0031666666666665,4.148166666666667,5.011
2025-06-13 09:00:00,3.393333333333333,3.6775,2.6128333333333336,1.6861666666666666,3.6785,4.507666666666666
2025-06-13 10:00:00,3.4125,3.882833333333333,2.603,1.7536666666666667,3.6521666666666666,4.0488333333333335
2025-06-13 11:00:00,3.090333333333333,4.182,2.406,1.6646666666666665,3.2528333333333332,4.217333333333333
2025-06-13 12:00:00,3.124,3.603,2.3328333333333333,1.371,3.190833333333333,4.089666666666667
2025-06-13 13:00:00,2.7095,3.5311666666666666,1.723833333333333,0.96875,2.7808333333333333,3.7623333333333333
2025-06-13 14:00:00,2.5113333333333334,2.966333333333333,0.8317,0.6372,2.3329999999999997,3.501
2025-06-13 15:00:00,2.719333333333333,2.8496666666666663,1.1260666666666665,0.4659333333333333,2.460166666666667,3.2378333333333336
2025-06-13 16:00:00,3.1573333333333333,3.430333333333333,1.0889166666666665,0.5539666666666666,2.945333333333333,3.8765
2025-06-13 17:00:00,3.203333333333333,3.2855,0.9074666666666666,0.6211,3.0235,4.118166666666666
2025-06-13 18:00:00,3.4505,3.61,1.0949833333333332,0.5877,3.0476666666666663,4.357166666666667
2025-06-13 19:00:00,3.1111666666666666,3.2150000000000003,0.8106166666666667,0.7396666666666667,3.0835,4.3358333333333325
2025-06-13 20:00:00,2.943833333333333,3.155333333333333,0.7417833333333334,0.6710333333333334,2.8823333333333334,4.059
2025-06-13 21:00:00,3.1653333333333333,3.1791666666666667,1.4084833333333333,1.2879833333333333,3.5348333333333333,4.952
2025-06-13 22:00:00,2.5926666666666667,3.9078333333333335,2.041,1.3793333333333335,3.1286666666666667,4.095833333333333
2025-06-13 23:00:00,3.0105,4.014,2.1246666666666667,1.3831666666666667,3.1516666666666664,4.812833333333333
2025-06-14 00:00:00,3.4406666666666665,4.398,2.496,2.1441666666666666,3.5621666666666667,5.428
2025-06-14 01:00:00,3.6510000000000002,4.348166666666667,3.033333333333333,2.2386666666666666,4.059833333333334,5.354666666666668
2025-06-14 02:00:00,3.5645000000000002,4.8325,3.0401666666666665,2.2116666666666664,4.394166666666666,5.352
2025-06-14 03:00:00,3.714833333333333,4.436000000000001,3.4338333333333333,2.7013333333333334,4.0835,5.558833333333334
2025-06-14 04:00:00,4.112166666666666,4.7796666666666665,3.3853333333333335,2.8608333333333333,4.4085,5.0065
2025-06-14 05:00:00,4.783666666666666,5.481833333333333,3.6428333333333334,3.0775,4.767166666666666,5.531499999999999
2025-06-14 06:00:00,4.420166666666666,5.223666666666667,3.6959999999999997,2.7,4.5095,5.617500000000001
2025-06-14 07:00:00,4.2095,4.6985,3.6641666666666666,2.9093333333333335,4.664666666666666,5.598166666666667
2025-06-14 08:00:00,4.119833333333333,4.655333333333333,3.956,3.1270000000000002,4.535,5.072333333333333
2025-06-14 09:00:00,3.366333333333333,3.319666666666667,3.0185000000000004,2.21,3.476833333333333,4.176333333333333
2025-06-14 10:00:00,3.2748333333333335,3.4095,2.5091666666666668,1.6635,3.3280000000000003,3.771666666666667
2025-06-14 11:00:00,2.5938333333333334,2.8546666666666667,2.0686666666666667,1.2786666666666666,2.672166666666667,2.9215
2025-06-14 12:00:00,2.0848333333333335,2.4908333333333332,1.6818333333333333,0.9954999999999999,2.4991666666666665,3.3198333333333334
2025-06-14 13:00:00,1.7371666666666667,1.8856666666666666,0.7513166666666666,0.5137166666666667,2.116,3.1563333333333334
2025-06-14 14:00:00,2.1168333333333336,2.4105,0.09252333333333333,0.18848,2.0955,3.3561666666666667
2025-06-14 15:00:00,2.1526666666666667,2.5515,0.02564,0.6676,2.228333333333333,3.6628333333333334
2025-06-14 16:00:00,1.6906666666666665,2.254833333333333,0.7302,1.1398000000000001,2.196166666666667,3.0481666666666665
2025-06-14 17:00:00,2.258666666666667,2.7015000000000002,1.5348333333333335,1.8211666666666666,2.2491666666666665,3.005333333333333
2025-06-14 18:00:00,2.7151666666666667,2.3954999999999997,1.1892333333333334,1.52235,1.5963333333333334,2.3733333333333335
2025-06-14 19:00:00,3.3518333333333334,3.3074999999999997,1.0604833333333332,0.81225,1.5321666666666667,1.8298333333333332
2025-06-14 20:00:00,2.643666666666667,3.4495,1.731,1.1506666666666667,2.2062166666666667,2.378333333333333
2025-06-14 21:00:00,0.8758166666666667,1.3438333333333332,1.0221500000000001,1.0808666666666666,0.7711666666666667,1.2689833333333334
2025-06-14 22:00:00,0.9409500000000001,1.1619833333333331,0.7371166666666666,0.420215,1.1700666666666668,1.4538333333333333
2025-06-14 23:00:00,1.4351666666666667,1.8656666666666666,1.0289166666666667,0.5379666666666666,1.1920499999999998,1.3610833333333334
2025-06-15 00:00:00,0.7514666666666667,1.1503833333333333,0.5739,0.67945,0.8223333333333334,1.1075666666666666
2025-06-15 01:00:00,1.63235,1.8455000000000001,1.4796666666666667,0.9974500000000001,1.3950333333333333,1.7818
2025-06-15 02:00:00,2.7718333333333334,3.569666666666667,2.278833333333333,1.6724999999999999,2.3314999999999997,2.7853333333333334
2025-06-15 03:00:00,3.1578333333333335,4.1625,2.6824999999999997,2.317333333333333,3.3444999999999996,3.6603333333333334
2025-06-15 04:00:00,2.7060000000000004,3.8868333333333336,2.0105,2.1506666666666665,3.6801666666666666,3.8586666666666667
2025-06-15 05:00:00,4.024333333333334,5.586833333333333,2.8781666666666665,2.694666666666667,4.233,5.127666666666667
2025-06-15 06:00:00,5.6345,6.950333333333333,3.35,3.2143333333333333,5.8421666666666665,6.775
2025-06-15 07:00:00,2.9633333333333334,4.526166666666667,2.3985,2.5801666666666665,4.501666666666667,5.1495
2025-06-15 08:00:00,1.7885,2.464,0.7868833333333334,1.0046000000000002,1.7483333333333335,2.3408333333333333
2025-06-15 09:00:00,1.78,2.056833333333333,0.8138833333333333,0.7165333333333332,1.5598333333333334,1.7326666666666666
2025-06-15 10:00:00,1.8161666666666667,2.1301666666666668,1.1686666666666667,0.55355,1.7068333333333332,2.17
2025-06-15 11:00:00,2.2685,2.352,1.261,0.9006333333333333,1.8476666666666666,1.9421666666666666
2025-06-15 12:00:00,2.570333333333333,2.654333333333333,1.3051666666666668,0.7763166666666667,1.7068333333333332,2.171666666666667
2025-06-15 13:00:00,2.768666666666667,4.125,1.9283333333333335,1.6302833333333333,2.9114999999999998,2.6858333333333335
2025-06-15 14:00:00,3.3616666666666664,4.233666666666667,2.2753333333333337,1.7885,3.685166666666667,4.507666666666666
2025-06-15 15:00:00,3.4618333333333333,4.847833333333333,2.2961666666666667,1.8915,3.8135,4.905666666666666
2025-06-15 16:00:00,3.277,4.124833333333333,1.9071666666666665,1.6601666666666666,3.396,4.5645
2025-06-15 17:00:00,3.087,4.147833333333334,1.9701666666666666,1.6566666666666667,3.152333333333333,4.314666666666667
2025-06-15 18:00:00,2.386,3.0516666666666667,1.5393333333333332,1.5843333333333334,2.8113333333333332,4.144166666666667
2025-06-15 19:00:00,2.4198333333333335,3.4728333333333334,1.5585,1.472,3.3466666666666667,4.625666666666667
2025-06-15 20:00:00,3.0358333333333336,3.9383333333333335,1.781,1.7085000000000001,3.579,4.514333333333334
2025-06-15 21:00:00,3.1093333333333333,4.4943333333333335,2.216333333333333,1.9821666666666669,3.7641666666666667,4.6875
2025-06-15 22:00:00,3.4985,3.7445,1.7296666666666667,1.5395,3.4518333333333335,4.611666666666666
2025-06-15 23:00:00,3.576,5.066,2.309166666666667,1.9849999999999999,3.8941666666666666,4.8285
2025-06-16 00:00:00,3.2550000000000003,4.9479999999999995,2.452,2.4781666666666666,4.336666666666667,5.559666666666667
2025-06-16 01:00:00,3.7255,4.9656666666666665,2.5818333333333334,2.2988333333333335,4.558166666666667,5.740833333333333
2025-06-16 02:00:00,2.7439999999999998,5.0023333333333335,2.6278333333333332,2.4048333333333334,4.152833333333333,5.710166666666667
2025-06-16 03:00:00,2.9766666666666666,4.209666666666667,3.203333333333333,2.4746666666666663,3.4116666666666666,5.843166666666666
2025-06-16 04:00:00,3.5551666666666666,5.092833333333333,2.607666666666667,2.1283333333333334,4.438833333333333,5.295833333333333
2025-06-16 05:00:00,4.257499999999999,5.704833333333334,3.160166666666667,2.6921666666666666,4.533666666666666,5.596500000000001
2025-06-16 06:00:00,4.978833333333333,6.878333333333333,3.6733333333333333,3.0301666666666667,5.124833333333333,6.4375
2025-06-16 07:00:00,4.552499999999999,5.991333333333333,3.2435,3.2513333333333336,4.437166666666667,5.700333333333333
2025-06-16 08:00:00,4.216666666666667,5.702833333333333,3.168,2.9061666666666666,4.184166666666667,4.840166666666667
2025-06-16 09:00:00,4.971666666666667,5.7725,3.135666666666667,2.9939999999999998,5.141333333333334,6.340833333333333
2025-06-16 10:00:00,4.844166666666666,6.479166666666667,3.283,3.4848333333333334,5.2685,6.534000000000001
2025-06-16 11:00:00,4.4425,5.705,3.0905,2.7145,6.031000000000001,6.477666666666667
2025-06-16 12:00:00,4.031166666666667,5.0855,2.6503333333333337,2.383666666666667,5.047,5.2025
2025-06-16 13:00:00,4.36,5.273833333333333,2.5265,2.195333333333333,4.0568333333333335,5.030333333333333
2025-06-16 14:00:00,3.6355,3.8406666666666665,2.1198333333333332,1.6073333333333333,3.6266666666666665,4.819500000000001
2025-06-16 15:00:00,2.5271666666666666,2.886,1.4780000000000002,1.4748333333333332,3.1185,4.721333333333333
2025-06-16 16:00:00,2.1033333333333335,2.3465,1.0419666666666667,0.8904666666666666,2.3751666666666664,3.1883333333333335
2025-06-16 17:00:00,2.1268333333333334,3.178,1.576,0.9836666666666667,1.911333333333333,2.944666666666667
2025-06-16 18:00:00,1.829,2.6666666666666665,1.3215000000000001,0.9670833333333333,2.1708333333333334,3.149
2025-06-16 19:00:00,2.1216666666666666,3.7011666666666665,1.6890500000000002,1.5870666666666666,2.8145000000000002,3.2503333333333333
2025-06-16 20:00:00,1.69225,2.7516666666666665,1.6023333333333334,1.6828333333333334,2.4275,3.6621666666666663
2025-06-16 21:00:00,1.3299999999999998,1.9513333333333334,0.8068666666666666,1.29275,2.4218333333333333,3.2861666666666665
2025-06-16 22:00:00,1.3716666666666666,1.9405,0.54265,0.87655,1.7656666666666667,2.436166666666667
2025-06-16 23:00:00,1.3996666666666668,1.8245,0.7996666666666666,0.6222666666666666,1.3590000000000002,1.4501666666666668
2025-06-17 00:00:00,1.9493333333333334,2.477333333333333,1.3033333333333335,1.12975,1.9525000000000001,2.4703333333333335
2025-06-17 01:00:00,2.1936666666666667,2.5686666666666667,1.5651666666666666,1.1853333333333333,1.869,2.0473333333333334
2025-06-17 02:00:00,1.9155000000000002,2.0726666666666667,1.4116666666666666,1.2176666666666667,1.4598333333333333,2.023333333333333
2025-06-17 03:00:00,2.673,2.593166666666667,1.7888333333333333,1.4828333333333332,2.0003333333333333,2.6675
2025-06-17 04:00:00,2.6383333333333336,3.0163333333333333,1.9751666666666667,1.6851666666666667,2.491833333333333,3.1405000000000003
2025-06-17 05:00:00,3.178833333333333,3.496666666666667,1.9388333333333334,1.7738333333333334,2.8314999999999997,3.3768333333333334
2025-06-17 06:00:00,3.7725,4.206666666666667,2.228333333333333,1.938,3.134,3.6413333333333333
2025-06-17 07:00:00,3.6356666666666664,4.376,2.317833333333333,2.1,3.4871666666666665,4.0729999999999995
2025-06-17 08:00:00,3.3036666666666665,3.873166666666667,2.6069999999999998,2.244333333333333,3.2511666666666668,3.9298333333333333
2025-06-17 09:00:00,3.0885000000000002,3.542333333333333,2.1296666666666666,2.0506666666666664,3.1145,3.9040000000000004
2025-06-17 10:00:00,3.0156666666666667,3.3453333333333335,1.802,1.8496666666666668,2.8699999999999997,3.853833333333333
2025-06-17 11:00:00,2.319666666666667,3.3703333333333334,1.5998333333333332,1.8145,2.4939999999999998,2.6258333333333335
2025-06-17 12:00:00,1.8861666666666668,2.5761666666666665,1.2305,1.2803333333333333,2.2213333333333334,2.7969999999999997
2025-06-17 13:00:00,1.6328333333333334,2.2138333333333335,0.7768166666666667,0.6877,1.6851666666666667,2.2201666666666666
2025-06-17 14:00:00,1.8183333333333331,2.865333333333333,0.7885666666666666,0.39666666666666667,1.4901666666666666,2.0726666666666667
2025-06-17 15:00:00,2.5536666666666665,3.559166666666667,1.4959333333333333,1.37155,2.811,3.9955
2025-06-17 16:00:00,1.977,2.6896666666666667,1.1292499999999999,1.1450333333333333,2.055833333333333,3.5225
2025-06-17 17:00:00,2.011833333333333,2.6473333333333335,0.9342,0.8402499999999999,2.0551666666666666,2.8011666666666666
2025-06-17 18:00:00,2.1163333333333334,2.2405,0.8780333333333333,0.8296833333333333,1.8445,2.306166666666667
2025-06-17 19:00:00,1.9395,2.315166666666667,0.7423833333333333,0.60975,1.9308333333333332,2.7918333333333334
2025-06-17 20:00:00,2.0311666666666666,2.2916666666666665,0.7584333333333333,0.6881333333333333,2.0604999999999998,2.523
2025-06-17 21:00:00,2.2936666666666667,2.365,0.7867,0.8162666666666667,1.9308333333333332,2.6545
2025-06-17 22:00:00,2.1631666666666667,2.722,0.8228833333333333,0.7553833333333333,1.9336666666666666,2.409666666666667
2025-06-17 23:00:00,2.1123333333333334,2.741833333333333,1.0936333333333332,1.0225833333333332,2.0463333333333336,2.6180000000000003
2025-06-18 00:00:00,2.4930000000000003,3.193166666666667,1.6375,1.7778333333333334,2.7243333333333335,3.6225
2025-06-18 01:00:00,2.6868333333333334,3.841833333333333,2.0705,2.231333333333333,3.431833333333333,4.228166666666667
2025-06-18 02:00:00,2.6845,3.868,2.2096666666666662,2.0723333333333334,2.9911666666666665,3.9108333333333336
2025-06-18 03:00:00,3.1683333333333334,4.011833333333334,2.329333333333333,1.7736666666666667,3.1704999999999997,3.9825
2025-06-18 04:00:00,3.562,3.9098333333333333,2.4495,2.326,3.582333333333333,4.463833333333333
2025-06-18 05:00:00,4.0015,4.571666666666667,2.8976666666666664,2.6111666666666666,3.95,4.633333333333334
2025-06-18 06:00:00,3.9211666666666667,4.686999999999999,2.6371666666666664,2.683,4.274166666666667,4.968
2025-06-18 07:00:00,3.7608333333333333,5.516666666666667,2.9059999999999997,2.798,4.37,5.255166666666667
2025-06-18 08:00:00,4.760666666666666,5.4615,2.9978333333333333,2.8738333333333332,4.173666666666667,5.323166666666666
2025-06-18 09:00:00,4.7435,5.407666666666667,3.2975,3.0454999999999997,4.0865,5.590333333333334
2025-06-18 10:00:00,3.5641666666666665,6.593166666666666,3.2085,2.9811666666666667,4.1258333333333335,5.976333333333333
2025-06-18 11:00:00,4.283333333333333,5.741166666666667,3.212,3.2011666666666665,5.302666666666667,6.123833333333334
2025-06-18 12:00:00,3.9905,5.459333333333333,3.146,2.5709999999999997,4.493666666666667,6.566166666666666
2025-06-18 13:00:00,4.062,4.724500000000001,3.0051666666666668,2.7518333333333334,4.8405000000000005,5.9608333333333325
2025-06-18 14:00:00,3.4018333333333333,4.620166666666666,2.1458333333333335,1.9598333333333333,4.0495,5.302499999999999
2025-06-18 15:00:00,3.2925,4.405,2.068833333333333,1.9061666666666668,3.5098333333333334,4.784833333333333
2025-06-18 16:00:00,2.353333333333333,3.6713333333333336,1.4344999999999999,1.4478333333333333,3.146,4.700833333333334
2025-06-18 17:00:00,2.2381666666666664,3.4403333333333332,1.2993333333333335,1.13375,2.916166666666667,3.829
2025-06-18 18:00:00,2.1465,3.7231666666666667,1.2711666666666666,1.1096166666666667,2.289833333333333,3.7408333333333332
2025-06-18 19:00:00,2.049166666666667,3.625,1.3686666666666667,1.02465,2.457,3.5060000000000002
2025-06-18 20:00:00,1.775,3.6565,1.1616666666666666,1.18735,2.5635,3.3748333333333336
2025-06-18 21:00:00,1.9816666666666667,2.9671666666666665,1.1571666666666665,0.9503333333333334,2.0541666666666667,3.3751666666666664
2025-06-18 22:00:00,1.6298333333333335,2.994,1.3275000000000001,0.8129000000000001,2.041,2.7801666666666667
2025-06-18 23:00:00,1.8718333333333335,2.7478333333333333,1.4138333333333333,1.1891166666666666,2.585166666666667,3.120166666666667
2025-06-19 00:00:00,2.0665,3.9998333333333336,2.4815,2.4245,2.8578333333333332,4.5735
2025-06-19 01:00:00,1.84,4.232,3.064,2.4521666666666664,3.3733333333333335,4.309166666666667
2025-06-19 02:00:00,1.8371666666666668,3.2723333333333335,3.251,2.5116666666666663,3.239833333333333,4.3405000000000005
2025-06-19 03:00:00,2.277333333333333,4.699833333333333,3.218166666666667,2.744333333333333,3.3623333333333334,4.489
2025-06-19 04:00:00,2.7848333333333333,4.262333333333333,3.6016666666666666,3.011,4.432,6.0165
2025-06-19 05:00:00,2.7984999999999998,5.401666666666667,3.444166666666667,3.141833333333333,4.905666666666666,6.040166666666667
2025-06-19 06:00:00,3.8376666666666663,5.430000000000001,3.5319999999999996,3.4001666666666663,5.175,6.099
2025-06-19 07:00:00,3.7808333333333333,5.672,3.690833333333333,3.2670000000000003,4.647166666666666,6.880166666666667
2025-06-19 08:00:00,2.9238333333333335,5.829166666666667,3.751833333333333,3.4741666666666666,4.447500000000001,6.9915
2025-06-19 09:00:00,3.3048333333333333,6.102,3.2464999999999997,3.1736666666666666,4.506333333333333,6.299166666666666
2025-06-19 10:00:00,2.953333333333333,6.056,3.296666666666667,3.0875,4.7941666666666665,5.796666666666667
2025-06-19 11:00:00,3.3541666666666665,5.486833333333333,3.3365,2.878,4.6425,5.291333333333333
2025-06-19 12:00:00,2.7195000000000005,4.961666666666667,2.7861666666666665,2.5821666666666667,4.3966666666666665,4.6273333333333335
2025-06-19 13:00:00,2.192333333333333,3.1245,2.9858333333333333,2.6668333333333334,3.7678333333333334,4.678833333333333
2025-06-19 14:00:00,1.4295,3.574,2.0978333333333334,1.9914999999999998,3.066333333333333,4.313999999999999
2025-06-19 15:00:00,1.3701666666666665,3.3455,1.2595666666666667,1.2089833333333333,2.5676666666666668,3.3838333333333335
2025-06-19 16:00:00,1.1917166666666668,2.9084999999999996,1.1016833333333333,1.1269500000000001,2.365333333333333,3.827833333333333
2025-06-19 17:00:00,1.7093333333333334,3.329833333333333,0.9983833333333333,1.2458333333333333,2.5755,3.9451666666666667
2025-06-19 18:00:00,1.7556666666666667,3.2310000000000003,0.8461166666666667,0.8507166666666667,2.0065,3.1608333333333336
2025-06-19 19:00:00,1.5315,2.295666666666667,0.7299833333333333,0.8240833333333334,2.3395,3.0596666666666668
2025-06-19 20:00:00,1.5336666666666665,2.885166666666667,0.5709166666666667,0.6037666666666667,2.2131666666666665,3.2448333333333332
2025-06-19 21:00:00,1.3673333333333335,2.5236666666666663,0.7022833333333334,0.50395,1.9716666666666667,3.168
2025-06-19 22:00:00,1.2644,2.3568333333333333,0.5608666666666667,0.42081666666666667,1.6216666666666666,3.0125
2025-06-19 23:00:00,1.0005833333333334,1.5414999999999999,0.6185833333333334,0.33449,1.3216666666666665,1.8933333333333333
2025-06-20 00:00:00,1.1671833333333335,1.8263333333333334,0.9542333333333333,1.0350833333333334,1.4663333333333335,1.9236666666666666
2025-06-20 01:00:00,1.20645,2.013333333333333,2.053166666666667,1.6341666666666665,1.4315,2.12
2025-06-20 02:00:00,1.8265,1.9846666666666666,1.7658333333333334,1.7846666666666666,2.3331666666666666,1.9985
2025-06-20 03:00:00,1.6145,1.7002,1.8479999999999999,1.8088333333333333,1.718,2.6286666666666667
2025-06-20 04:00:00,1.9976666666666667,1.7343833333333334,1.6895,1.7343333333333333,2.3618333333333337,2.7383333333333337
2025-06-20 05:00:00,1.9601666666666666,1.6611666666666667,2.0603333333333333,1.8195000000000001,2.338,2.4383333333333335
2025-06-20 06:00:00,1.6516666666666666,1.9435,1.9261666666666666,1.8836666666666666,2.2786666666666666,2.777833333333333
2025-06-20 07:00:00,1.9163333333333334,1.4931666666666668,2.087833333333333,1.7043333333333335,1.7753333333333332,2.2961666666666667
2025-06-20 08:00:00,1.5348333333333335,1.8090000000000002,1.7783333333333333,1.4143333333333332,1.9316666666666669,2.6191666666666666
2025-06-20 09:00:00,1.5586666666666666,2.107,1.6971666666666667,1.469,1.9621666666666668,2.099666666666667
2025-06-20 10:00:00,1.7431666666666668,1.5516,1.6695,1.4405000000000001,1.8401666666666665,1.8163333333333334
2025-06-20 11:00:00,1.8938333333333333,1.2587166666666667,1.5518333333333334,1.2794999999999999,1.2402666666666666,1.7723333333333333
2025-06-20 12:00:00,1.6135,1.4842666666666666,1.3888333333333334,1.0455999999999999,1.1503,2.1776666666666666
2025-06-20 13:00:00,1.6219999999999999,2.297166666666667,1.2491666666666668,0.7174333333333334,1.5691166666666667,1.8664999999999998
2025-06-20 14:00:00,1.0222666666666667,1.9671666666666667,0.7003333333333334,0.5041833333333333,1.3949833333333332,1.8551666666666666
2025-06-20 15:00:00,0.5835166666666667,1.7983333333333333,0.53505,0.5246666666666667,1.0112999999999999,2.7408333333333332
2025-06-20 16:00:00,0.7068333333333333,1.3884833333333333,0.03972333333333333,0.09252333333333333,0.23417333333333332,1.1537666666666666
2025-06-20 17:00:00,0.40162333333333333,0.5343333333333333,0.0,0.0,0.21941666666666665,0.5073666666666666
2025-06-20 18:00:00,1.3536666666666666,1.3869833333333332,0.0,0.0,0.8586666666666667,1.3262666666666665
2025-06-20 19:00:00,1.1984833333333333,1.3128333333333333,0.0,0.0,0.9992166666666668,1.4686333333333332
2025-06-20 20:00:00,1.1067666666666667,1.2803333333333333,0.0,0.0,1.0845166666666666,1.8748333333333334
2025-06-20 21:00:00,1.1269333333333333,1.4015,0.0,0.26549,1.1527833333333333,1.7096666666666667
2025-06-20 22:00:00,1.5331666666666666,1.4766833333333333,0.0,0.32031,1.2530000000000001,1.7428333333333332
2025-06-20 23:00:00,1.5751666666666668,1.0650333333333333,0.10565666666666666,0.5216166666666667,0.9531833333333334,1.546
2025-06-21 00:00:00,1.2163333333333335,1.2408,0.27402333333333334,0.5449,0.7592166666666667,1.1412666666666667
2025-06-21 01:00:00,1.1961666666666666,1.2381666666666666,0.12542333333333333,0.8849666666666667,1.0938833333333333,1.4421666666666666
2025-06-21 02:00:00,1.5426666666666666,1.2258833333333332,0.7462,0.9305,1.4147,1.6726666666666667
2025-06-21 03:00:00,2.6598333333333333,2.3698333333333332,1.6580000000000001,1.4423333333333332,1.82,2.3216666666666668
2025-06-21 04:00:00,1.9328333333333334,2.2975,1.4278333333333333,1.2756666666666667,1.8846666666666667,2.1058333333333334
2025-06-21 05:00:00,2.0628333333333333,2.1628333333333334,1.36225,1.46,2.2278333333333333,1.8173333333333332
2025-06-21 06:00:00,1.885,2.0826666666666664,1.2361666666666666,1.2469999999999999,1.7945,1.5571666666666668
2025-06-21 07:00:00,2.0153333333333334,2.428833333333333,1.4968333333333335,1.0862166666666666,1.8423333333333334,1.877
2025-06-21 08:00:00,1.7493333333333332,1.9778333333333333,1.6116666666666668,1.1248166666666668,2.0493333333333332,1.9125
2025-06-21 09:00:00,1.956,1.7788333333333335,1.1168333333333333,1.1379833333333333,1.5343333333333333,2.2030000000000003
2025-06-21 10:00:00,1.7365,1.8408333333333333,1.2978999999999998,0.9822500000000001,1.5815,1.9281666666666666
2025-06-21 11:00:00,1.3248833333333332,1.32745,0.8448333333333333,0.9221833333333334,1.2510833333333333,1.1098999999999999
2025-06-21 12:00:00,1.3478333333333334,1.2412666666666667,0.6148333333333333,0.5415333333333333,0.8752,0.7683333333333333
2025-06-21 13:00:00,1.0508,0.8400666666666666,0.4445,0.19592333333333334,0.51959,0.38943999999999995
2025-06-21 14:00:00,0.9509666666666666,1.2384333333333333,0.14798,0.12844333333333333,1.08045,0.016243333333333335
2025-06-21 15:00:00,1.3755,1.6159999999999999,0.03752333333333333,0.058256666666666665,1.474,2.2493
2025-06-21 16:00:00,1.1567,1.588,0.0,0.35426,1.25025,1.8555
2025-06-21 17:00:00,1.5963333333333334,2.3848333333333334,0.0,0.15036333333333335,1.8798333333333335,2.4371666666666667
2025-06-21 18:00:00,1.6543333333333334,2.6271666666666667,0.0,0.3691666666666667,1.6866666666666668,1.9505000000000001
2025-06-21 19:00:00,1.9483333333333335,2.6703333333333332,0.0,0.6747,1.7256666666666667,2.4981666666666666
2025-06-21 20:00:00,1.4891666666666667,2.1741666666666664,0.0,0.7349666666666667,1.5026666666666666,2.8228333333333335
2025-06-21 21:00:00,1.879,2.1753333333333336,0.0,0.8486666666666667,1.7985,2.918833333333333
2025-06-21 22:00:00,2.2646666666666664,2.1625,0.0,0.8568833333333334,1.6075000000000002,2.9253333333333336
2025-06-21 23:00:00,2.3301666666666665,2.1614999999999998,0.14148333333333335,1.0142666666666666,1.8566666666666665,2.818166666666667
2025-06-22 00:00:00,1.9733333333333334,1.6498333333333333,0.7030666666666666,1.3595000000000002,1.6073333333333333,1.944
2025-06-22 01:00:00,2.0586666666666664,1.7683333333333333,1.0728166666666668,1.8666666666666667,1.7305,1.5416666666666667
2025-06-22 02:00:00,2.0245,1.9968333333333335,1.2378666666666667,1.8438333333333332,2.098666666666667,1.8599999999999999
2025-06-22 03:00:00,2.4189999999999996,2.1645,1.556,1.9971666666666665,2.0936666666666666,2.097
2025-06-22 04:00:00,3.3505,2.8065,1.8455000000000001,2.2423333333333333,2.5446666666666666,2.7518333333333334
2025-06-22 05:00:00,3.492,3.1813333333333333,2.292333333333333,2.8606666666666665,3.1758333333333337,3.0069999999999997
2025-06-22 06:00:00,3.8973333333333335,3.2776666666666667,2.1621666666666663,2.182666666666667,2.929333333333333,3.7093333333333334
2025-06-22 07:00:00,3.826833333333333,3.7663333333333333,2.068833333333333,2.0911666666666666,2.9843333333333333,3.9934999999999996
2025-06-22 08:00:00,3.7253333333333334,3.7688333333333333,2.0595,1.5963333333333334,2.9266666666666667,3.8819999999999997
2025-06-22 09:00:00,3.2685000000000004,3.436,1.5901666666666665,1.07725,2.4618333333333333,3.245166666666667
2025-06-22 10:00:00,2.096,2.056833333333333,0.9403333333333334,1.3768333333333334,2.291,2.8531666666666666
2025-06-22 11:00:00,2.0613333333333332,2.179666666666667,0.47426666666666667,0.9002,1.9785,2.5008333333333335
2025-06-22 12:00:00,2.3921666666666668,3.1790000000000003,1.3848999999999998,1.1658166666666667,2.4314999999999998,2.3093333333333335
2025-06-22 13:00:00,2.1138333333333335,1.6508666666666665,0.7650833333333333,0.35080666666666666,1.4178333333333335,2.13
2025-06-22 14:00:00,2.6496666666666666,2.796666666666667,0.9063266666666667,0.6826566666666667,1.9908333333333335,3.1925000000000003
2025-06-22 15:00:00,2.3175000000000003,4.684833333333333,2.0271666666666666,1.9648333333333334,3.0751666666666666,4.913666666666667
2025-06-22 16:00:00,1.3961666666666666,1.5658333333333334,1.0408833333333334,0.8811333333333333,0.9352166666666667,2.0872
2025-06-22 17:00:00,1.6163333333333334,2.031833333333333,0.8402499999999999,0.6914166666666667,1.4986833333333331,2.3106666666666666
2025-06-22 18:00:00,2.166166666666667,2.6873333333333336,1.2816,0.7884,2.1315,2.469666666666667
2025-06-22 19:00:00,2.146,2.4193333333333333,1.2198166666666665,0.8134333333333333,2.1614999999999998,2.502666666666667
2025-06-22 20:00:00,2.4743333333333335,2.1646666666666667,0.7042,0.8705166666666667,1.5275,2.0705
2025-06-22 21:00:00,2.7841666666666667,2.8623333333333334,1.0327166666666667,0.9496,1.7208333333333334,1.9328333333333334
2025-06-22 22:00:00,3.6305,3.4253333333333336,1.7654999999999998,1.2779500000000001,2.0591666666666666,3.4713333333333334
2025-06-22 23:00:00,4.090333333333334,3.959166666666667,2.245166666666667,1.5479999999999998,3.2468333333333335,3.8661666666666665
2025-06-23 00:00:00,4.677666666666667,4.014666666666667,2.6396666666666664,2.0575,3.9433333333333334,5.1645
2025-06-23 01:00:00,5.2795,5.071,3.1495,2.6694999999999998,4.7125,5.989333333333334
2025-06-23 02:00:00,6.114,5.735,3.1214999999999997,2.6678333333333333,5.2266666666666675,6.849166666666666
2025-06-23 03:00:00,7.0305,8.132333333333333,3.6835,3.1270000000000002,5.872166666666667,7.124333333333333
2025-06-23 04:00:00,7.729,19.040000000000003,4.116666666666666,3.5358333333333336,6.147,7.7318333333333324
2025-06-23 05:00:00,6.164833333333333,13.758833333333333,4.141,3.814,6.875666666666667,8.934833333333334
2025-06-23 06:00:00,4.092833333333333,4.613166666666667,2.7498333333333336,1.9121666666666668,4.1930000000000005,6.251833333333334
2025-06-23 07:00:00,5.4205000000000005,9.884333333333332,2.871166666666667,2.0513333333333335,5.022333333333333,5.786333333333333
2025-06-23 08:00:00,4.949666666666667,6.619,2.9563333333333333,2.891833333333333,5.095166666666667,7.032333333333333
2025-06-23 09:00:00,6.186999999999999,8.514666666666667,3.3893333333333335,2.7948333333333335,5.378166666666667,6.836
2025-06-23 10:00:00,7.2125,14.250833333333333,3.564833333333333,2.9626666666666663,5.800666666666667,6.8695
2025-06-23 11:00:00,7.093833333333333,10.963333333333333,4.157333333333333,3.5746666666666664,6.041833333333333,7.1385
2025-06-23 12:00:00,7.7571666666666665,14.213,4.652,3.7666666666666666,6.455166666666667,8.989
2025-06-23 13:00:00,5.842333333333333,8.946166666666667,4.075333333333334,3.1756666666666664,4.86,5.792333333333334
2025-06-23 14:00:00,4.704666666666666,5.842,3.0896666666666666,2.7231666666666667,4.869,6.961
2025-06-23 15:00:00,5.056,5.9285,3.3316666666666666,2.3436666666666666,4.612833333333333,6.941999999999999
2025-06-23 16:00:00,4.285666666666667,4.168166666666667,2.629,1.549,4.0815,6.1386666666666665
2025-06-23 17:00:00,3.9324999999999997,4.565666666666667,3.0896666666666666,1.9406666666666665,4.478833333333333,6.576499999999999
2025-06-23 18:00:00,3.258,4.284666666666666,2.8718333333333335,1.7603333333333333,4.3495,6.004499999999999
2025-06-23 19:00:00,4.310333333333333,4.7203333333333335,2.7688333333333333,1.8075,4.498666666666667,6.737666666666667
2025-06-23 20:00:00,4.930666666666666,5.116666666666666,3.0008333333333335,2.0706666666666664,4.8925,5.994666666666666
2025-06-23 21:00:00,5.380333333333334,6.003666666666667,3.329333333333333,2.3378333333333337,5.2523333333333335,6.539333333333333
2025-06-23 22:00:00,5.144666666666667,5.5635,3.228333333333333,2.228833333333333,4.790333333333334,6.175333333333333
2025-06-23 23:00:00,4.699833333333333,5.343833333333333,3.414833333333333,2.145,5.021833333333333,5.868833333333333
2025-06-24 00:00:00,5.1435,5.522166666666666,3.6301666666666668,2.120833333333333,5.174833333333334,6.321666666666667
2025-06-24 01:00:00,5.418166666666666,6.864999999999999,3.9315,2.6058333333333334,5.011166666666667,6.353
2025-06-24 02:00:00,6.3245000000000005,11.025333333333332,4.059833333333334,2.6318333333333332,5.4365,8.028333333333332
2025-06-24 03:00:00,5.0409999999999995,6.6255,3.670166666666667,2.4513333333333334,5.825833333333334,8.171333333333333
2025-06-24 04:00:00,6.084333333333333,10.006499999999999,4.068,3.0290000000000004,6.094333333333334,8.556333333333333
2025-06-24 05:00:00,5.834333333333333,9.141666666666667,4.247833333333333,3.1865,6.171166666666666,8.467666666666666
2025-06-24 06:00:00,5.875166666666667,7.474833333333334,4.009333333333333,3.1771666666666665,5.554166666666666,7.791666666666667
2025-06-24 07:00:00,5.218500000000001,5.808833333333333,3.798,2.789,6.031000000000001,7.771166666666667
2025-06-24 08:00:00,5.374333333333333,5.991666666666666,3.902,2.742,5.4495000000000005,7.613833333333333
2025-06-24 09:00:00,4.817833333333334,5.633166666666667,3.4219999999999997,2.3216666666666668,5.0024999999999995,6.995833333333334
2025-06-24 10:00:00,5.0925,5.608333333333333,3.3291666666666666,2.478333333333333,4.168833333333334,5.802333333333333
2025-06-24 11:00:00,3.865,4.0969999999999995,2.234,1.6415,3.5388333333333333,5.4431666666666665
2025-06-24 12:00:00,5.669,5.492333333333334,3.095833333333333,2.43,4.5575,6.993833333333333
2025-06-24 13:00:00,5.293833333333334,5.3605,2.9198333333333335,2.5506666666666664,4.372333333333333,5.671666666666667
2025-06-24 14:00:00,5.465166666666667,6.8774999999999995,3.480166666666667,2.5488333333333335,5.141666666666667,6.961333333333333
2025-06-24 15:00:00,5.2155000000000005,5.817333333333334,3.245166666666667,2.2271666666666667,4.9105,6.381333333333333
2025-06-24 16:00:00,5.6795,7.473166666666667,3.343166666666667,2.4058333333333333,4.907166666666667,6.604666666666666
2025-06-24 17:00:00,5.138333333333334,7.176166666666666,3.702833333333333,2.478666666666667,5.037833333333333,7.195333333333334
2025-06-24 18:00:00,4.857,4.911166666666667,3.091333333333333,2.0976666666666666,4.756666666666666,6.3105
2025-06-24 19:00:00,4.066333333333334,4.593999999999999,2.872333333333333,2.0805,3.8329999999999997,5.2775
2025-06-24 20:00:00,3.6599999999999997,3.9314999999999998,2.158333333333333,1.491,3.5355,5.085166666666667
2025-06-24 21:00:00,3.5075,3.9709999999999996,2.3498333333333337,1.6203333333333334,3.178833333333333,4.6146666666666665
2025-06-24 22:00:00,3.4275,4.3453333333333335,2.7063333333333333,1.7748333333333333,3.5115,5.114333333333334
2025-06-24 23:00:00,4.108,4.802666666666667,3.1501666666666663,2.1196666666666664,4.0023333333333335,5.4045
2025-06-25 00:00:00,4.746333333333333,5.207666666666666,3.4501666666666666,2.4410000000000003,4.757666666666666,5.890666666666666
2025-06-25 01:00:00,5.3135,5.7203333333333335,3.5856666666666666,2.6626666666666665,5.0841666666666665,6.803333333333333
2025-06-25 02:00:00,4.195833333333334,6.003,3.2741666666666664,2.757833333333333,6.2055,7.778666666666667
2025-06-25 03:00:00,5.636166666666667,6.338833333333333,3.612,3.602333333333333,5.719166666666666,7.471500000000001
2025-06-25 04:00:00,5.660833333333333,6.9975000000000005,3.548,3.6138333333333335,6.2284999999999995,7.04
2025-06-25 05:00:00,6.8389999999999995,9.137333333333334,3.8468333333333335,3.3946666666666667,6.793833333333334,7.2428333333333335
2025-06-25 06:00:00,7.346166666666666,8.6285,4.1055,3.946833333333333,5.504666666666666,7.229
2025-06-25 07:00:00,6.518,7.759,3.9833333333333334,3.509666666666667,5.732333333333333,6.865666666666667
2025-06-25 08:00:00,5.925,6.879833333333334,3.9211666666666667,3.703333333333333,5.5035,6.7395000000000005
2025-06-25 09:00:00,5.5455000000000005,6.6255,3.490333333333333,3.296666666666667,5.345166666666667,6.5456666666666665
2025-06-25 10:00:00,5.327666666666667,6.393833333333333,3.5075,3.2535000000000003,4.8925,5.657
2025-06-25 11:00:00,4.262,6.369,3.166166666666667,3.08,4.577833333333333,5.1353333333333335
2025-06-25 12:00:00,3.9878333333333336,5.000333333333333,2.5991666666666666,2.8628333333333336,4.1875,4.977
2025-06-25 13:00:00,2.9243333333333337,3.703333333333333,1.9746666666666668,1.8106666666666666,3.751,5.041333333333333
2025-06-25 14:00:00,1.3081500000000001,2.3310000000000004,1.34925,1.1009666666666669,2.359,2.722166666666667
2025-06-25 15:00:00,0.414715,1.4210833333333333,0.5536666666666666,0.24305666666666664,1.2169333333333334,2.5356666666666663
2025-06-25 16:00:00,0.6488833333333334,1.3513333333333333,0.20752333333333334,0.0,0.6320666666666667,1.8185
2025-06-25 17:00:00,0.7852216666666667,1.00155,0.0,0.0,0.5247499999999999,1.4049666666666667
2025-06-25 18:00:00,0.40218333333333334,0.49613999999999997,0.0,0.0,0.22823166666666667,0.3998933333333333
2025-06-25 19:00:00,0.5251333333333333,0.45688999999999996,0.0,0.0,0.5933166666666666,0.36340500000000003
2025-06-25 20:00:00,0.7434,1.0687166666666668,0.0,0.14669,0.9056666666666667,0.7595166666666666
2025-06-25 21:00:00,1.1560666666666668,1.5866666666666667,0.022916666666666665,0.17855333333333334,1.3505833333333332,1.5450000000000002
2025-06-25 22:00:00,1.489,2.4596666666666667,0.3097333333333333,0.33998333333333336,1.5638333333333334,2.435166666666667
2025-06-25 23:00:00,1.5873333333333333,2.326,0.04031,0.7273499999999999,1.4413333333333334,2.321833333333333
2025-06-26 00:00:00,1.5611666666666666,1.6601666666666666,0.6939333333333334,1.0064666666666666,1.6393333333333333,2.4616666666666664
2025-06-26 01:00:00,1.8835000000000002,1.8456666666666666,1.1972666666666667,1.3746833333333333,1.8501666666666667,1.913
2025-06-26 02:00:00,2.6016666666666666,3.072666666666667,1.4374333333333333,1.0999,2.9285,3.807
2025-06-26 03:00:00,2.0655,2.5148333333333333,1.3855499999999998,1.2559166666666668,2.4506666666666663,2.945333333333333
2025-06-26 04:00:00,2.3871666666666664,2.8275,1.7303333333333333,1.5033333333333334,2.591666666666667,2.6988333333333334
2025-06-26 05:00:00,2.527,2.341,1.7013333333333334,1.6388333333333334,2.133,2.2655000000000003
2025-06-26 06:00:00,2.7425,2.7834999999999996,1.6306666666666667,1.9228333333333334,1.9301666666666668,1.9203333333333332
2025-06-26 07:00:00,2.9971666666666668,2.8560000000000003,1.8906666666666667,2.0261666666666667,2.653,2.853
2025-06-26 08:00:00,4.7675,4.336666666666667,2.219333333333333,2.1675,3.8361666666666663,4.187666666666667
2025-06-26 09:00:00,4.636333333333334,5.048666666666667,3.1881666666666666,2.4724999999999997,4.2195,5.8685
2025-06-26 10:00:00,4.711,5.049333333333333,2.793,2.0580000000000003,4.491,5.949666666666667
2025-06-26 11:00:00,4.802666666666667,5.855833333333334,3.6073333333333335,2.6738333333333335,4.962999999999999,6.137333333333333
2025-06-26 12:00:00,4.8774999999999995,6.777166666666667,3.1790000000000003,2.8055000000000003,5.647,7.809333333333333
2025-06-26 13:00:00,2.752666666666667,3.5465,1.5486666666666666,1.5274166666666666,3.1468333333333334,4.3595
2025-06-26 14:00:00,4.6754999999999995,5.112,2.2391666666666667,1.7503333333333333,4.0225,5.735
2025-06-26 15:00:00,3.7396666666666665,4.544833333333333,2.6270000000000002,1.9538333333333333,4.307333333333333,5.898
2025-06-26 16:00:00,2.5555000000000003,3.3059999999999996,1.5905,1.1884000000000001,2.7228333333333334,3.586
2025-06-26 17:00:00,3.3938333333333333,3.4526666666666666,1.8401666666666665,1.1327666666666665,3.3555,3.83
2025-06-26 18:00:00,2.5228333333333333,2.4015,1.3505,0.9617666666666668,2.0669999999999997,2.6875
2025-06-26 19:00:00,3.537,3.4113333333333333,1.5461666666666667,1.2246833333333333,2.7625,4.809833333333333
2025-06-26 20:00:00,3.968166666666667,4.1755,2.063,1.5491666666666668,3.690166666666667,5.344833333333333
2025-06-26 21:00:00,3.7096666666666667,4.307666666666666,2.4131666666666667,1.661,4.012166666666666,5.472833333333333
2025-06-26 22:00:00,5.062166666666667,5.704666666666666,3.2351666666666667,2.2258333333333336,4.912333333333334,6.459666666666666
2025-06-26 23:00:00,4.359833333333333,4.602833333333334,3.182666666666667,2.037666666666667,4.323833333333334,6.271
2025-06-27 00:00:00,4.821,5.5335,3.0425,2.4170000000000003,5.171833333333334,6.865833333333333
2025-06-27 01:00:00,4.8629999999999995,6.274,3.0725,2.6310000000000002,5.554666666666666,6.976166666666667
2025-06-27 02:00:00,3.7319999999999998,4.8255,2.202,2.106666666666667,4.033666666666667,5.711833333333333
2025-06-27 03:00:00,3.545166666666667,4.354333333333333,1.949,1.7281666666666666,3.4851666666666667,4.999666666666667
2025-06-27 04:00:00,3.520166666666667,4.490833333333333,2.318833333333333,1.9478333333333333,4.038833333333334,5.3695
2025-06-27 05:00:00,4.704666666666666,4.724166666666666,2.605,2.0761666666666665,3.8125,5.367
2025-06-27 06:00:00,4.8308333333333335,5.0595,2.9116666666666666,2.4426666666666668,4.465833333333333,5.396833333333333
2025-06-27 07:00:00,5.842,5.679666666666666,2.9685,2.202833333333333,4.0248333333333335,5.2935
2025-06-27 08:00:00,5.389166666666667,6.688166666666667,3.564333333333333,3.4015,5.086333333333333,5.600666666666667
2025-06-27 09:00:00,5.580166666666667,6.342333333333333,3.6903333333333332,3.0646666666666667,4.251833333333334,6.074166666666667
2025-06-27 10:00:00,5.1575,7.009833333333333,3.717,3.136,4.552666666666667,5.568333333333333
2025-06-27 11:00:00,4.7733333333333325,5.206666666666666,2.567333333333333,2.7790000000000004,4.493166666666666,4.54
2025-06-27 12:00:00,3.271333333333333,3.8873333333333333,2.3036666666666665,2.1903333333333332,3.1725,3.445666666666667
2025-06-27 13:00:00,2.8103333333333333,2.8946666666666667,1.6115,1.2323666666666666,3.2243333333333335,4.480833333333334
2025-06-27 14:00:00,1.7486666666666666,2.3601666666666667,1.1575166666666665,0.7423666666666667,2.9735,3.4971666666666668
2025-06-27 15:00:00,2.0021666666666667,2.5378333333333334,1.16965,0.8020499999999999,2.396,3.0949999999999998
2025-06-27 16:00:00,2.457666666666667,2.433333333333333,1.0007,0.7401833333333333,1.85,2.7661666666666664
2025-06-27 17:00:00,2.6454999999999997,2.6771666666666665,1.1282166666666666,0.8915000000000001,1.7081666666666666,2.779166666666667
2025-06-27 18:00:00,3.0898333333333334,2.927,1.5796666666666668,0.9924333333333333,1.7815,2.8256666666666663
2025-06-27 19:00:00,3.5046666666666666,3.3366666666666664,1.7068333333333332,1.2805,1.9311666666666667,3.316333333333333
2025-06-27 20:00:00,3.280333333333333,3.1123333333333334,1.4766666666666666,1.1214000000000002,2.022666666666667,3.1334999999999997
2025-06-27 21:00:00,3.3865,3.3018333333333336,1.2314166666666668,1.0452666666666668,2.0325,2.8873333333333333
2025-06-27 22:00:00,3.2996666666666665,3.2453333333333334,1.19015,1.3291833333333334,1.8156666666666665,2.603
2025-06-27 23:00:00,3.232666666666667,3.0203333333333333,1.7215,1.4803333333333335,2.0075,2.6268333333333334
2025-06-28 00:00:00,3.7531666666666665,3.1305,1.9755,1.7743333333333335,1.7131666666666665,2.3746666666666667
2025-06-28 01:00:00,4.0761666666666665,3.778,2.2763333333333335,2.0781666666666667,3.0386666666666664,3.5486666666666666
2025-06-28 02:00:00,4.562166666666667,5.049333333333333,2.9088333333333334,2.01,3.5604999999999998,4.909666666666666
2025-06-28 03:00:00,4.278333333333333,4.479,2.7448333333333332,2.076,3.9791666666666665,5.0343333333333335
2025-06-28 04:00:00,4.588833333333333,4.9863333333333335,2.8168333333333333,2.0738333333333334,3.5358333333333336,5.015666666666666
2025-06-28 05:00:00,4.878,5.323833333333334,3.2834999999999996,2.6108333333333333,4.058,5.290666666666667
2025-06-28 06:00:00,4.393,5.207666666666666,3.348,2.457666666666667,4.532,5.659166666666667
2025-06-28 07:00:00,4.637166666666667,5.995500000000001,2.891833333333333,2.5290000000000004,4.497333333333333,5.203
2025-06-28 08:00:00,3.5944999999999996,4.7165,2.830833333333333,2.568,4.615666666666667,5.580666666666667
2025-06-28 09:00:00,3.658166666666667,4.261833333333334,2.4985,2.1995,4.2123333333333335,5.393833333333333
2025-06-28 10:00:00,3.8033333333333332,4.503833333333334,2.663,2.069,4.518,6.912833333333333
2025-06-28 11:00:00,3.9088333333333334,4.703666666666667,2.697666666666667,2.433333333333333,5.002,6.227833333333334
2025-06-28 12:00:00,4.288833333333333,4.741333333333333,2.329,2.085166666666667,3.8275,4.386333333333334
2025-06-28 13:00:00,2.9551666666666665,4.5865,2.271333333333333,2.1188333333333333,3.0356666666666667,4.221166666666667
2025-06-28 14:00:00,2.307,3.0218333333333334,1.8025,1.3795,2.9811666666666667,4.672333333333333
2025-06-28 15:00:00,2.3953333333333333,2.6390000000000002,1.2770000000000001,0.8913333333333334,2.522,3.771
2025-06-28 16:00:00,2.9688333333333334,2.913,1.5118333333333331,0.8918666666666667,2.5628333333333333,3.4506666666666663
2025-06-28 17:00:00,3.0716666666666668,3.4338333333333333,1.7033333333333334,1.3683333333333332,3.1438333333333333,3.944666666666667
2025-06-28 18:00:00,3.039833333333333,3.367,1.9286666666666668,1.4913333333333334,3.2426666666666666,4.155666666666667
2025-06-28 19:00:00,2.9625,3.2680000000000002,1.7688333333333333,1.2178333333333333,3.0025,3.7449999999999997
2025-06-28 20:00:00,3.0906666666666665,3.3616666666666664,1.6775,1.2763333333333333,3.4810000000000003,4.056666666666667
2025-06-28 21:00:00,3.3625,4.026166666666667,1.9588333333333334,1.5313333333333332,3.4198333333333335,3.934166666666667
2025-06-28 22:00:00,3.1828333333333334,3.9511666666666665,2.0786666666666664,1.3150000000000002,3.192,3.8126666666666664
2025-06-28 23:00:00,3.272,3.7746666666666666,1.9461666666666666,1.5186666666666668,2.9828333333333332,4.3165000000000004
2025-06-29 00:00:00,3.355,4.089666666666667,2.1341666666666668,2.0051666666666668,3.3026666666666666,4.5595
2025-06-29 01:00:00,3.6766666666666667,4.429666666666666,2.3381666666666665,1.9881666666666669,2.8833333333333333,4.473333333333333
2025-06-29 02:00:00,3.7021666666666664,4.631,2.3738333333333332,2.475,3.8611666666666666,4.827166666666667
2025-06-29 03:00:00,4.386166666666667,5.182333333333333,2.882166666666667,2.408666666666667,4.521,5.827166666666667
2025-06-29 04:00:00,5.4591666666666665,6.150833333333334,3.193833333333333,3.1963333333333335,5.551666666666667,6.192833333333334
2025-06-29 05:00:00,4.859333333333334,6.5391666666666675,3.4553333333333334,3.6503333333333337,6.1770000000000005,7.1465000000000005
2025-06-29 06:00:00,5.472666666666667,6.600499999999999,3.8833333333333333,3.6595,6.323333333333333,8.144166666666667
2025-06-29 07:00:00,5.891333333333334,7.107666666666666,3.6671666666666667,3.5050000000000003,6.11,7.875
2025-06-29 08:00:00,5.0906666666666665,7.635000000000001,3.8488333333333333,3.5948333333333333,6.2275,8.061166666666667
2025-06-29 09:00:00,5.658666666666666,7.326666666666667,3.9361666666666664,3.584,5.846,7.5785
2025-06-29 10:00:00,4.21,7.246166666666666,3.8125,3.4563333333333333,6.238666666666666,7.5713333333333335
2025-06-29 11:00:00,4.256166666666667,6.606833333333333,3.9566666666666666,3.6893333333333334,5.932166666666666,7.324833333333333
2025-06-29 12:00:00,4.611166666666667,5.774666666666667,2.8306666666666667,2.621,5.675166666666667,7.127833333333333
2025-06-29 13:00:00,3.0891666666666664,4.461833333333333,2.659666666666667,2.1738333333333335,4.658833333333334,6.2780000000000005
2025-06-29 14:00:00,2.6778333333333335,4.341333333333334,1.9146666666666665,1.8563333333333332,3.4641666666666664,5.032
2025-06-29 15:00:00,2.0328333333333335,3.529166666666667,1.6635,1.5446666666666669,3.0193333333333334,4.460333333333334
