Time,Wind M9,Wind M29,Wind M54,Wind M78
2025-04-02 17:00:00,0.7634266666666666,2.2158333333333333,0.6648833333333334,1.6461666666666666
2025-04-02 18:00:00,0.66585,1.7758833333333333,0.20233333333333334,1.8041666666666667
2025-04-02 19:00:00,1.67045,0.8858833333333334,0.4384133333333333,0.9559666666666667
2025-04-02 20:00:00,0.8889666666666667,0.7473,0.05,1.5243333333333333
2025-04-02 21:00:00,0.4892333333333333,0.34725333333333336,0.0,0.4526833333333334
2025-04-02 22:00:00,0.60575,1.3940666666666668,0.0,1.0909
2025-04-02 23:00:00,0.59155,1.0317333333333334,0.0,0.8771666666666668
2025-04-03 00:00:00,0.33876666666666666,0.9558166666666668,0.0,1.2120166666666667
2025-04-03 01:00:00,0.3081416666666667,0.4000766666666667,0.03791666666666667,0.96505
2025-04-03 02:00:00,0.91255,0.24465,0.41628333333333334,0.37864166666666665
2025-04-03 03:00:00,2.3280000000000003,0.8392166666666667,0.8507666666666667,0.45111666666666667
2025-04-03 04:00:00,3.2388333333333335,1.92445,2.0104833333333336,1.16415
2025-04-03 05:00:00,3.7355,2.6025,2.7785,1.6051666666666666
2025-04-03 06:00:00,4.908333333333333,2.9739999999999998,3.4709999999999996,3.5876666666666663
2025-04-03 07:00:00,4.139666666666667,3.3971666666666667,2.3495,3.8643333333333336
2025-04-03 08:00:00,3.808666666666667,2.933,2.8876666666666666,3.4411666666666667
2025-04-03 09:00:00,3.1311666666666667,2.8905000000000003,3.2146666666666666,3.5141666666666667
2025-04-03 10:00:00,3.5025,4.025666666666667,3.687,3.5828333333333333
2025-04-03 11:00:00,3.1361666666666665,3.0221666666666667,3.2438333333333333,3.1286666666666667
2025-04-03 12:00:00,2.3541666666666665,1.9396666666666667,1.1073666666666668,1.4583333333333333
2025-04-03 13:00:00,2.268333333333333,1.682,0.4500033333333333,0.7007
2025-04-03 14:00:00,1.32615,2.3994166666666668,0.6835666666666668,0.9786833333333332
2025-04-03 15:00:00,0.7160333333333334,2.267933333333333,1.2936833333333333,1.916
2025-04-03 16:00:00,0.7716333333333334,0.4423666666666667,0.41623333333333334,2.3160000000000003
2025-04-03 17:00:00,0.7071833333333333,0.64185,0.010943333333333333,2.4146666666666667
2025-04-03 18:00:00,0.5680333333333334,0.6076833333333334,0.5894499999999999,1.6023333333333334
2025-04-03 19:00:00,0.14053333333333334,0.26355,0.213025,2.4546666666666668
2025-04-03 20:00:00,0.41353333333333336,0.5994666666666666,0.0,2.3235
2025-04-03 21:00:00,0.5475833333333334,0.43277,0.0,2.131333333333333
2025-04-03 22:00:00,0.46175000000000005,0.46613333333333334,0.0,1.2217333333333333
2025-04-03 23:00:00,0.48555,0.126925,0.0,1.8175
2025-04-04 00:00:00,0.4768166666666666,0.5165333333333334,0.0,1.3331666666666666
2025-04-04 01:00:00,0.0,0.23121,0.18239999999999998,1.2525000000000002
2025-04-04 02:00:00,0.31739333333333336,0.23853666666666667,0.34014333333333335,1.3015
2025-04-04 03:00:00,1.1386666666666665,0.9074666666666666,0.5409333333333334,0.8209
2025-04-04 04:00:00,1.6371666666666667,0.7778166666666666,0.5837166666666668,0.7543833333333333
2025-04-04 05:00:00,1.7510000000000001,0.54085,1.5839500000000002,1.1501
2025-04-04 06:00:00,1.6266666666666665,1.0469166666666667,0.9704999999999999,1.0289
2025-04-04 07:00:00,1.5301666666666667,1.0994166666666667,0.9700166666666666,1.3371833333333332
2025-04-04 08:00:00,1.6575,0.9805333333333334,0.9677333333333333,1.5493333333333332
2025-04-04 09:00:00,2.1746666666666665,1.18805,1.0768666666666666,1.2821666666666665
2025-04-04 10:00:00,2.0981666666666667,0.86515,1.3394166666666665,1.3629833333333332
2025-04-04 11:00:00,2.207333333333333,2.4618333333333333,1.8326166666666666,2.3522499999999997
2025-04-04 12:00:00,1.2172666666666667,0.7226666666666667,2.5016666666666665,3.1608333333333336
2025-04-04 13:00:00,0.41786666666666666,0.3325166666666667,2.2105,2.182
2025-04-04 14:00:00,0.60765,0.0,0.22165333333333334,0.9768166666666667
2025-04-04 15:00:00,0.5546833333333333,0.6118166666666667,0.32325,1.29955
2025-04-04 16:00:00,0.5258666666666667,1.12745,0.48996999999999996,1.1863333333333335
2025-04-04 17:00:00,0.6777666666666666,1.3116666666666668,0.08333333333333333,1.2625
2025-04-04 18:00:00,0.5418833333333333,0.8847666666666666,0.0,1.022
2025-04-04 19:00:00,0.6248333333333334,0.5641333333333333,0.5430966666666667,0.8265499999999999
2025-04-04 20:00:00,0.2702666666666667,0.5841833333333334,0.3686666666666667,0.7792166666666667
2025-04-04 21:00:00,0.4211266666666667,0.634,0.05325,0.8111999999999999
2025-04-04 22:00:00,0.7761666666666667,0.64355,0.7707333333333334,0.4587333333333333
2025-04-04 23:00:00,1.2716166666666666,0.43478333333333335,1.4558666666666666,0.50797
2025-04-05 00:00:00,1.2943166666666668,0.030525000000000004,1.6168833333333335,1.3504833333333333
2025-04-05 01:00:00,3.2468333333333335,0.9802833333333333,1.4749,2.237
2025-04-05 02:00:00,2.864,0.9951333333333333,1.7854999999999999,2.4251666666666667
2025-04-05 03:00:00,4.431,1.1807,2.584,2.6478333333333333
2025-04-05 04:00:00,3.8160000000000003,1.2686,2.018,3.0768333333333335
2025-04-05 05:00:00,5.296833333333334,1.8191666666666668,1.9423333333333335,3.7176666666666667
2025-04-05 06:00:00,5.248333333333333,2.0766666666666667,2.530333333333333,3.5473333333333334
2025-04-05 07:00:00,5.354833333333334,2.871666666666667,2.738,4.122333333333334
2025-04-05 08:00:00,5.903833333333334,3.0065,2.2205,5.257499999999999
2025-04-05 09:00:00,5.6979999999999995,3.333833333333333,2.246666666666667,4.556166666666667
2025-04-05 10:00:00,6.0215000000000005,4.1964999999999995,2.170166666666667,4.382000000000001
2025-04-05 11:00:00,5.599666666666667,3.4361666666666664,2.437,4.070666666666667
2025-04-05 12:00:00,5.958,2.4301666666666666,1.2600333333333333,3.557166666666667
2025-04-05 13:00:00,5.938000000000001,1.0551833333333334,0.9698666666666667,5.096
2025-04-05 14:00:00,6.1321666666666665,0.8754000000000001,1.1351499999999999,5.7145
2025-04-05 15:00:00,6.413666666666667,1.1221833333333333,1.0474333333333334,5.243333333333334
2025-04-05 16:00:00,4.487666666666667,0.6892499999999999,0.8029666666666666,4.286833333333333
2025-04-05 17:00:00,3.6001666666666665,0.8996,0.8927999999999999,3.0136666666666665
2025-04-05 18:00:00,3.0566666666666666,0.7929333333333334,0.7595,2.568166666666667
2025-04-05 19:00:00,3.446833333333333,1.3704333333333334,1.6516666666666666,3.1628333333333334
2025-04-05 20:00:00,3.5641666666666665,1.2897333333333334,1.5168333333333333,2.961
2025-04-05 21:00:00,2.8573333333333335,1.0311333333333335,1.5823333333333334,3.0813333333333333
2025-04-05 22:00:00,2.6013333333333337,1.8013333333333332,2.6748333333333334,3.0468333333333333
2025-04-05 23:00:00,2.8400000000000003,1.719,2.6561666666666666,3.716666666666667
2025-04-06 00:00:00,3.2680000000000002,1.6913333333333334,2.5171666666666668,3.5911666666666666
2025-04-06 01:00:00,4.4478333333333335,2.2981666666666665,1.6602,3.113833333333333
2025-04-06 02:00:00,4.754333333333333,1.6356666666666666,1.5388333333333333,3.420166666666667
2025-04-06 03:00:00,5.034166666666667,1.6362666666666668,2.6991666666666663,4.1515
2025-04-06 04:00:00,5.365666666666667,2.6973333333333334,2.7765,4.1025
2025-04-06 05:00:00,5.1625,2.9245,2.4151666666666665,4.1505
2025-04-06 06:00:00,4.571,3.696166666666667,2.441333333333333,3.8288333333333333
2025-04-06 07:00:00,4.4031666666666665,5.3148333333333335,2.6015,4.250333333333334
2025-04-06 08:00:00,4.7565,4.940333333333333,4.030333333333333,3.9213333333333336
2025-04-06 09:00:00,4.807166666666666,3.7445,3.3503333333333334,3.977333333333333
2025-04-06 10:00:00,4.52,4.089333333333333,3.069166666666667,4.872833333333333
2025-04-06 11:00:00,4.061833333333333,2.281833333333333,2.4126666666666665,4.921
2025-04-06 12:00:00,3.6616666666666666,2.5646666666666667,2.3459999999999996,3.9151666666666665
2025-04-06 13:00:00,3.6621666666666663,1.3130333333333333,1.2591666666666665,3.2388333333333335
2025-04-06 14:00:00,2.8353333333333333,1.6163333333333334,1.3451666666666666,3.7568333333333332
2025-04-06 15:00:00,1.7761666666666664,0.7104583333333333,1.6603333333333334,3.1845
2025-04-06 16:00:00,0.86915,1.01505,1.8955,3.1584999999999996
2025-04-06 17:00:00,0.8792833333333333,1.2785,1.5546,2.174
2025-04-06 18:00:00,1.1220333333333334,1.0773833333333334,0.88725,1.0365833333333334
2025-04-06 19:00:00,1.4888333333333332,1.2761166666666668,1.6220166666666667,1.1824333333333332
2025-04-06 20:00:00,1.7123333333333333,0.8398666666666668,1.39905,0.7164
2025-04-06 21:00:00,1.7193333333333334,0.7136666666666667,1.5646666666666667,1.0084333333333333
2025-04-06 22:00:00,1.8546666666666667,1.0738166666666666,1.1892666666666665,0.9039666666666667
2025-04-06 23:00:00,1.8136666666666665,1.5983333333333334,2.6591666666666667,1.5533333333333335
2025-04-07 00:00:00,1.998,2.4175,3.5140000000000002,2.355
2025-04-07 01:00:00,2.3003333333333336,2.8306666666666667,3.9541666666666666,4.063166666666667
2025-04-07 02:00:00,2.3881666666666663,2.5856666666666666,3.3365,3.5011666666666668
2025-04-07 03:00:00,2.067333333333333,2.3186666666666667,2.6546666666666665,3.6996666666666664
2025-04-07 04:00:00,2.6094999999999997,3.116833333333333,2.7123333333333335,3.6786666666666665
2025-04-07 05:00:00,2.9145,3.6515,3.5548333333333333,4.152833333333333
2025-04-07 06:00:00,3.2849999999999997,3.8501666666666665,3.9226666666666667,4.1385
2025-04-07 07:00:00,2.9955,3.9255,3.5974999999999997,4.018666666666666
2025-04-07 08:00:00,2.758166666666667,3.616333333333333,3.2595,2.966833333333333
2025-04-07 09:00:00,3.3021666666666665,3.641,3.4346666666666668,3.3885
2025-04-07 10:00:00,3.4048333333333334,4.303833333333333,3.709166666666667,3.6411666666666664
2025-04-07 11:00:00,1.793,2.1558333333333333,2.556166666666667,2.518
2025-04-07 12:00:00,1.4998333333333334,1.7110333333333334,2.2819999999999996,1.7235
2025-04-07 13:00:00,1.3003333333333333,0.9812666666666666,0.7913333333333333,0.41180000000000005
2025-04-07 14:00:00,1.4995,0.79377,1.8622833333333333,0.0
2025-04-07 15:00:00,1.7203333333333333,1.2929,1.6391666666666667,0.14008666666666666
2025-04-07 16:00:00,1.4291666666666667,0.30101666666666665,1.9603333333333333,0.7568833333333332
2025-04-07 17:00:00,1.8921666666666668,0.5691,1.8073333333333332,0.7849166666666666
2025-04-07 18:00:00,1.3157333333333334,0.13804999999999998,1.5281166666666666,1.0996166666666667
2025-04-07 19:00:00,0.9595833333333333,0.8355433333333334,1.4529833333333333,0.20448333333333332
2025-04-07 20:00:00,0.8820833333333333,0.7263000000000001,1.8963333333333334,0.22736
2025-04-07 21:00:00,1.1469166666666666,0.8064333333333332,2.8194999999999997,1.4486333333333334
2025-04-07 22:00:00,0.8903833333333334,0.30596666666666666,2.6595,2.8115
2025-04-07 23:00:00,1.1197000000000001,0.24212666666666666,2.27,2.3385000000000002
2025-04-08 00:00:00,1.5148000000000001,0.6534666666666666,2.0793333333333335,1.7122666666666668
2025-04-08 01:00:00,1.38205,0.250425,1.5111666666666668,1.1878166666666667
2025-04-08 02:00:00,3.1026666666666665,1.1840666666666666,1.6445,2.1823333333333332
2025-04-08 03:00:00,3.2441666666666666,1.5810166666666667,1.33965,2.484
2025-04-08 04:00:00,3.1903333333333332,1.8382833333333333,2.038,2.292666666666667
2025-04-08 05:00:00,3.0653333333333337,1.8836666666666666,2.4138333333333337,2.7118333333333333
2025-04-08 06:00:00,3.3508333333333336,1.7066666666666668,2.0145,3.2359999999999998
2025-04-08 07:00:00,3.3465,1.7770833333333333,2.3796666666666666,2.891
2025-04-08 08:00:00,3.5468333333333333,2.40285,2.335,2.823166666666667
2025-04-08 09:00:00,3.791166666666667,1.66715,1.5315,2.6885
2025-04-08 10:00:00,3.0148333333333333,2.088,1.5131666666666668,2.566666666666667
2025-04-08 11:00:00,3.0615,1.269,1.3155166666666667,2.4895
2025-04-08 12:00:00,2.315833333333333,0.42691666666666667,0.32875000000000004,3.295666666666667
2025-04-08 13:00:00,0.55035,0.0,1.7178333333333333,2.024166666666667
2025-04-08 14:00:00,0.15333333333333335,0.22085333333333335,1.7280000000000002,2.117
2025-04-08 15:00:00,0.144425,0.35256000000000004,1.5925833333333332,1.8611666666666666
2025-04-08 16:00:00,0.5559,0.51625,0.5450366666666666,1.2728833333333334
2025-04-08 17:00:00,0.14983333333333335,0.7120833333333334,0.5881666666666666,1.1092333333333333
2025-04-08 18:00:00,0.26214333333333334,0.9182666666666666,0.00625,1.372
2025-04-08 19:00:00,0.14107666666666668,0.5545000000000001,0.3350033333333334,1.9849999999999999
2025-04-08 20:00:00,0.6052,0.74335,0.3467333333333333,2.0478333333333336
2025-04-08 21:00:00,0.4970466666666667,0.9796999999999999,0.0,1.9
2025-04-08 22:00:00,0.7417166666666667,0.8608833333333333,0.4400833333333333,1.8051666666666668
2025-04-08 23:00:00,0.23671666666666666,0.9349666666666666,0.45498666666666665,1.9526666666666666
2025-04-09 00:00:00,0.78115,1.04215,0.2472,2.1321666666666665
2025-04-09 01:00:00,1.026,0.8109333333333333,0.3752166666666667,1.832
2025-04-09 02:00:00,1.8535,1.7724166666666668,0.5226666666666666,1.4226833333333333
2025-04-09 03:00:00,1.9244999999999999,2.5461666666666667,1.4642000000000002,0.7973
2025-04-09 04:00:00,1.7233333333333334,2.4495,2.0233333333333334,1.3820000000000001
2025-04-09 05:00:00,1.5213833333333333,1.7023333333333333,2.4170000000000003,1.9306666666666668
2025-04-09 06:00:00,2.0869,2.503,2.5661666666666667,2.3305000000000002
2025-04-09 07:00:00,2.7456666666666667,3.2165000000000004,3.103666666666667,3.274
2025-04-09 08:00:00,2.9768333333333334,4.2695,3.9791666666666665,3.945666666666667
2025-04-09 09:00:00,2.914,3.8545000000000003,3.42,4.124333333333333
2025-04-09 10:00:00,2.7693333333333334,3.8395,3.265333333333333,4.421666666666667
2025-04-09 11:00:00,2.462,3.6911666666666667,3.3728333333333333,3.568166666666667
2025-04-09 12:00:00,1.972,2.6668333333333334,3.0206666666666666,3.0716666666666668
2025-04-09 13:00:00,1.8599999999999999,2.8396666666666666,2.3921666666666668,2.6608333333333336
2025-04-09 14:00:00,1.8285000000000002,2.9,2.176,1.8636666666666666
2025-04-09 15:00:00,2.0271666666666666,1.8225,2.4631666666666665,1.4876666666666667
2025-04-09 16:00:00,2.2745,3.3825,3.188833333333333,2.1363333333333334
2025-04-09 17:00:00,2.5243333333333333,3.455,3.644833333333333,3.3553333333333333
2025-04-09 18:00:00,3.1983333333333333,3.6356666666666664,3.6325,4.3
2025-04-09 19:00:00,4.334333333333333,4.5601666666666665,3.7921666666666667,4.88
2025-04-09 20:00:00,3.605166666666667,5.218999999999999,4.1193333333333335,5.025333333333333
2025-04-09 21:00:00,3.4006666666666665,4.865666666666667,4.732666666666666,5.146166666666667
2025-04-09 22:00:00,3.2479999999999998,4.491833333333333,4.356333333333334,4.3385
2025-04-09 23:00:00,2.9871666666666665,4.3886666666666665,4.314166666666667,4.776166666666667
2025-04-10 00:00:00,2.7199999999999998,4.089833333333333,3.7693333333333334,4.604
2025-04-10 01:00:00,2.4415,3.6501666666666663,2.8481666666666663,4.0681666666666665
2025-04-10 02:00:00,3.3463333333333334,4.0,3.4888333333333335,3.756666666666667
2025-04-10 03:00:00,3.5963333333333334,4.589166666666667,3.9415,4.1706666666666665
2025-04-10 04:00:00,3.6838333333333333,4.794666666666667,4.716666666666667,5.6401666666666666
2025-04-10 05:00:00,3.6998333333333333,5.258,4.706166666666666,5.425333333333333
2025-04-10 06:00:00,4.34,5.1898333333333335,4.821833333333333,5.110666666666666
2025-04-10 07:00:00,4.1498333333333335,5.687666666666667,5.077166666666667,5.379833333333334
2025-04-10 08:00:00,3.8503333333333334,5.039666666666666,4.933666666666666,6.025666666666667
2025-04-10 09:00:00,3.4575,5.2235000000000005,4.466666666666667,5.394833333333334
2025-04-10 10:00:00,3.541166666666667,5.7385,4.791833333333333,5.456
2025-04-10 11:00:00,3.0496666666666665,4.806333333333333,4.202,5.552666666666667
2025-04-10 12:00:00,2.2736666666666663,2.9151666666666665,2.699,3.927
2025-04-10 13:00:00,1.9753333333333332,2.220666666666667,2.4491666666666663,2.0918833333333335
2025-04-10 14:00:00,2.6978333333333335,2.0313333333333334,1.7648333333333333,0.32131666666666664
2025-04-10 15:00:00,3.2598333333333334,2.2015000000000002,1.573,0.29736666666666667
2025-04-10 16:00:00,3.8526666666666665,3.207,3.7646666666666664,3.0177
2025-04-10 17:00:00,3.1975,3.5791666666666666,3.7916666666666665,4.031499999999999
2025-04-10 18:00:00,3.8795,3.7075,3.9618333333333333,3.1248333333333336
2025-04-10 19:00:00,3.979833333333333,3.3771666666666667,5.268833333333333,2.667333333333333
2025-04-10 20:00:00,4.9465,3.8800000000000003,4.8325,3.882833333333333
2025-04-10 21:00:00,4.8715,4.630166666666667,4.8125,3.2689999999999997
2025-04-10 22:00:00,4.631666666666666,4.482666666666666,4.991833333333333,3.0276666666666667
2025-04-10 23:00:00,4.5155,5.034000000000001,4.081666666666667,4.344833333333333
2025-04-11 00:00:00,5.783166666666667,6.699166666666667,6.728833333333333,6.994666666666666
2025-04-11 01:00:00,4.478,6.344333333333334,6.218500000000001,6.826666666666667
2025-04-11 02:00:00,3.8569999999999998,5.069999999999999,5.312,6.123666666666667
2025-04-11 03:00:00,3.5641666666666665,4.629833333333334,5.7925,6.608666666666666
2025-04-11 04:00:00,3.907166666666667,5.368833333333333,5.557666666666666,5.532166666666667
2025-04-11 05:00:00,4.348,5.8261666666666665,6.039333333333333,6.2379999999999995
2025-04-11 06:00:00,4.7828333333333335,5.691166666666667,6.086,6.0975
2025-04-11 07:00:00,4.4395,6.2885,5.846500000000001,6.271
2025-04-11 08:00:00,4.7895,6.673166666666666,5.718333333333334,6.338666666666667
2025-04-11 09:00:00,4.483333333333333,6.41,5.363833333333333,6.5225
2025-04-11 10:00:00,3.941666666666667,4.6855,3.5326666666666666,4.561333333333334
2025-04-11 11:00:00,2.005,1.6792333333333334,1.8876666666666668,2.1958333333333333
2025-04-11 12:00:00,1.0453000000000001,0.54815,0.87165,0.94125
2025-04-11 13:00:00,1.7485,1.0670499999999998,0.9163166666666667,0.42345
2025-04-11 14:00:00,2.5051666666666668,1.9331666666666665,1.898,0.3797666666666667
2025-04-11 15:00:00,1.6577333333333333,1.7673333333333332,1.7650000000000001,1.0337666666666667
2025-04-11 16:00:00,1.9989999999999999,1.8501666666666665,2.2736666666666663,1.0375333333333334
2025-04-11 17:00:00,2.085166666666667,0.8098,1.7165,1.0298333333333334
2025-04-11 18:00:00,1.6400000000000001,0.9536666666666667,1.4008333333333334,0.9949333333333333
2025-04-11 19:00:00,1.3576666666666666,0.8430666666666667,1.1467500000000002,0.6407833333333334
2025-04-11 20:00:00,1.2748333333333333,0.7846333333333334,2.12865,1.0826833333333332
2025-04-11 21:00:00,1.3046833333333334,0.7593,0.65375,1.6606666666666667
2025-04-11 22:00:00,1.38315,1.2682666666666667,0.5881166666666666,1.1669166666666666
2025-04-11 23:00:00,1.4511666666666667,1.13035,0.9724,0.89485
2025-04-12 00:00:00,2.4968333333333335,1.473833333333333,0.6358666666666667,1.0581666666666667
2025-04-12 01:00:00,2.4810000000000003,1.8673333333333335,1.2610166666666667,0.8606666666666667
2025-04-12 02:00:00,3.1871666666666667,2.275,2.4013333333333335,1.0971499999999998
2025-04-12 03:00:00,2.9716666666666667,2.496166666666667,2.5995,1.7196666666666665
2025-04-12 04:00:00,3.2325,2.433333333333333,2.3958333333333335,2.4473333333333334
2025-04-12 05:00:00,3.3513333333333333,2.522666666666667,2.2968333333333333,1.7306666666666668
2025-04-12 06:00:00,2.6918333333333333,2.2953333333333332,1.6496333333333333,1.7413333333333334
2025-04-12 07:00:00,1.7642833333333334,1.4921666666666666,1.4444166666666667,1.5588333333333333
2025-04-12 08:00:00,1.7974999999999999,1.4172333333333333,1.1278499999999998,1.4765000000000001
2025-04-12 09:00:00,1.4961666666666666,1.0130000000000001,0.9403833333333333,1.2574166666666666
2025-04-12 10:00:00,1.1856499999999999,1.4575,0.9729500000000001,2.192833333333333
2025-04-12 11:00:00,1.4776500000000001,2.810166666666667,2.07,3.2525
2025-04-12 12:00:00,1.9491666666666667,2.5131666666666663,2.181833333333333,3.092
2025-04-12 13:00:00,1.9658333333333333,2.6473333333333335,1.7553333333333332,2.5136666666666665
2025-04-12 14:00:00,1.9549999999999998,3.3941666666666666,2.179666666666667,2.3531666666666666
2025-04-12 15:00:00,2.4026666666666667,4.024166666666667,2.598,1.8405
2025-04-12 16:00:00,2.569666666666667,4.114833333333333,2.969333333333333,2.801
2025-04-12 17:00:00,3.271666666666667,4.292833333333333,3.230166666666667,2.1488333333333336
2025-04-12 18:00:00,3.4571666666666667,4.262,2.7186666666666666,3.0986666666666665
2025-04-12 19:00:00,3.8285,4.105333333333333,3.3489999999999998,3.336
2025-04-12 20:00:00,3.7150000000000003,3.5301666666666667,3.067333333333333,3.3183333333333334
2025-04-12 21:00:00,2.6921666666666666,3.4733333333333336,2.3505,3.926
2025-04-12 22:00:00,3.961,3.870833333333333,2.3535,4.471
2025-04-12 23:00:00,4.552333333333333,4.344666666666667,2.2431666666666668,4.530833333333334
2025-04-13 00:00:00,4.919,5.387333333333333,2.029166666666667,4.456666666666666
2025-04-13 01:00:00,4.928333333333333,5.4126666666666665,3.0436666666666667,4.648
2025-04-13 02:00:00,5.024166666666667,6.026666666666667,3.6633333333333336,5.115333333333334
2025-04-13 03:00:00,4.803833333333333,5.365833333333333,3.3611666666666666,5.166166666666667
2025-04-13 04:00:00,4.307166666666666,5.115166666666667,3.402833333333333,4.743666666666667
2025-04-13 05:00:00,4.028833333333333,5.038666666666667,2.604833333333333,4.1245
2025-04-13 06:00:00,4.0328333333333335,4.450833333333334,2.7275,3.8631666666666664
2025-04-13 07:00:00,3.6633333333333336,4.199333333333334,2.515,3.0611666666666664
2025-04-13 08:00:00,3.2253333333333334,4.479333333333333,3.3856666666666664,4.8100000000000005
2025-04-13 09:00:00,3.296666666666667,4.607666666666666,3.4949999999999997,4.362333333333334
2025-04-13 10:00:00,3.232666666666667,3.8345,2.9513333333333334,1.3375166666666667
2025-04-13 11:00:00,4.050333333333334,3.6,3.336,1.1469333333333334
2025-04-13 12:00:00,2.615,2.1358333333333333,1.7818333333333334,1.8715000000000002
2025-04-13 13:00:00,2.5736666666666665,2.138,0.78405,1.7801666666666667
2025-04-13 14:00:00,2.9726666666666666,2.709166666666667,0.7329333333333333,1.7775
2025-04-13 15:00:00,2.443,2.032166666666667,0.17698333333333333,1.8045
2025-04-13 16:00:00,2.2243333333333335,2.010666666666667,1.1327166666666666,0.8011333333333333
2025-04-13 17:00:00,2.3455,1.2625666666666668,1.2494166666666666,0.86645
2025-04-13 18:00:00,1.9246666666666667,1.2047666666666668,0.6526666666666666,1.0685333333333333
2025-04-13 19:00:00,1.8635,1.4427333333333332,1.1124333333333332,1.4333333333333333
2025-04-13 20:00:00,1.7998333333333332,1.6798333333333335,0.7778166666666666,1.7245
2025-04-13 21:00:00,2.39,1.5356666666666667,0.5349333333333334,1.886
2025-04-13 22:00:00,2.0593333333333335,1.8196666666666668,0.0,1.8286666666666667
2025-04-13 23:00:00,2.0865,1.9018333333333333,0.0,1.7045
2025-04-14 00:00:00,2.3875,1.5801666666666667,0.16,1.803
2025-04-14 01:00:00,2.556833333333333,1.8341666666666667,0.10395,1.6355
2025-04-14 02:00:00,3.0311666666666666,2.1606666666666663,1.2090833333333333,1.20085
2025-04-14 03:00:00,2.259666666666667,2.2158333333333333,1.5073333333333332,0.80135
2025-04-14 04:00:00,2.356034482758621,1.9084482758620689,1.6270689655172415,1.1840172413793104
2025-04-14 05:00:00,2.2915,1.9323333333333332,1.8151666666666666,1.5395
2025-04-14 06:00:00,2.2576666666666667,1.5505,1.7816666666666667,2.4945
2025-04-14 07:00:00,2.0498333333333334,1.7286666666666666,1.4256666666666669,2.322666666666667
2025-04-14 08:00:00,1.9435,2.291,1.7203333333333333,2.277
2025-04-14 09:00:00,1.8736666666666666,1.819,0.8878833333333332,1.2216166666666666
2025-04-14 10:00:00,1.5605,0.9166500000000001,0.7281,1.01545
2025-04-14 11:00:00,1.893,1.0236500000000002,1.2775833333333333,1.6811166666666668
2025-04-14 12:00:00,1.7721666666666667,2.098933333333333,1.666,1.6418333333333335
2025-04-14 13:00:00,0.9644999999999999,3.3088333333333333,1.7185,1.9986666666666666
2025-04-14 14:00:00,0.8457333333333333,3.4645,1.9229999999999998,2.298
2025-04-14 15:00:00,1.2101,4.694333333333334,1.37605,1.3325500000000001
2025-04-14 16:00:00,0.8489666666666668,4.079,2.838,1.8783333333333334
2025-04-14 17:00:00,1.6769,3.5848333333333335,2.9616666666666664,2.755333333333333
2025-04-14 18:00:00,1.1291833333333334,3.4226666666666667,3.6621666666666663,3.6633333333333336
2025-04-14 19:00:00,0.96515,3.7385,3.1633333333333336,3.710166666666667
2025-04-14 20:00:00,0.9582166666666667,4.0565,2.3863333333333334,3.904166666666667
2025-04-14 21:00:00,0.9224,4.037,3.6665,3.3988333333333336
2025-04-14 22:00:00,1.2342833333333334,3.353,3.2925,2.0751666666666666
2025-04-14 23:00:00,1.2681,4.114,3.2813333333333334,2.6911666666666667
2025-04-15 00:00:00,1.2423,4.3933333333333335,2.7375,2.6786666666666665
2025-04-15 01:00:00,1.9443333333333332,4.117500000000001,3.957,3.5776666666666666
2025-04-15 02:00:00,1.3488333333333336,4.467833333333333,4.4014999999999995,5.152666666666667
2025-04-15 03:00:00,1.405,4.213666666666667,5.3565,6.117666666666667
2025-04-15 04:00:00,1.4521666666666666,4.6855,5.138,6.639166666666667
2025-04-15 05:00:00,1.6408333333333334,4.482833333333334,4.8155,6.148166666666667
2025-04-15 06:00:00,1.6673333333333331,4.867,4.5685,5.603666666666667
2025-04-15 07:00:00,1.3988333333333334,5.288833333333333,5.226166666666667,6.1615
2025-04-15 08:00:00,1.3406666666666667,4.9511666666666665,6.543166666666666,7.582333333333334
2025-04-15 09:00:00,1.352,5.5905000000000005,5.893166666666667,6.815833333333333
2025-04-15 10:00:00,2.6395,4.423,5.148,5.761333333333334
2025-04-15 11:00:00,2.0865,3.7383333333333337,4.692166666666666,5.320166666666666
2025-04-15 12:00:00,1.5738333333333334,3.5155000000000003,3.616333333333333,4.801833333333334
2025-04-15 13:00:00,1.5870666666666666,3.1681666666666666,2.888,3.9733333333333336
2025-04-15 14:00:00,3.083833333333333,3.5551666666666666,2.820333333333333,3.6998333333333333
2025-04-15 15:00:00,3.573,4.560833333333333,2.8483333333333336,3.2023333333333333
2025-04-15 16:00:00,3.6158333333333332,4.015333333333333,2.1061666666666667,3.204333333333333
2025-04-15 17:00:00,3.7998333333333334,4.272,1.8826666666666665,2.7141666666666664
2025-04-15 18:00:00,4.324166666666667,4.194166666666667,1.2647333333333333,2.932666666666667
2025-04-15 19:00:00,3.7561666666666667,2.9095,1.2186166666666667,2.5425
2025-04-15 20:00:00,3.6753333333333336,3.1618333333333335,0.9814166666666666,2.5128333333333335
2025-04-15 21:00:00,3.216666666666667,3.4108333333333336,0.4329,2.090333333333333
2025-04-15 22:00:00,3.128333333333333,2.9688333333333334,0.2567933333333333,1.7505
2025-04-15 23:00:00,2.733166666666667,2.5126666666666666,0.28118,1.7985
2025-04-16 00:00:00,2.568166666666667,2.4301666666666666,0.40764666666666666,1.9086666666666665
2025-04-16 01:00:00,2.2093333333333334,2.3608333333333333,0.267125,1.9731666666666667
2025-04-16 02:00:00,2.288,2.5475,1.5353666666666668,2.6921666666666666
2025-04-16 03:00:00,1.9465,2.454833333333333,2.2051666666666665,3.2948333333333335
2025-04-16 04:00:00,1.8784999999999998,3.2063333333333333,3.1835,3.152833333333333
2025-04-16 05:00:00,2.801,3.5698333333333334,3.308333333333333,3.5551666666666666
2025-04-16 06:00:00,2.0435,3.0271666666666666,4.103833333333333,4.270833333333333
2025-04-16 07:00:00,2.018,3.2896666666666667,3.9368333333333334,4.374
2025-04-16 08:00:00,1.5736666666666668,3.3930000000000002,4.300666666666667,5.402333333333333
2025-04-16 09:00:00,2.071833333333333,4.680666666666666,4.5705,6.394
2025-04-16 10:00:00,2.2953333333333332,3.8995,4.616833333333333,5.894333333333334
2025-04-16 11:00:00,2.33,3.9518333333333335,4.155333333333333,5.424833333333334
2025-04-16 12:00:00,1.27715,4.2635,4.424333333333333,5.245500000000001
2025-04-16 13:00:00,0.8788,2.7325,3.2603333333333335,3.7491666666666665
2025-04-16 14:00:00,0.59315,3.436,2.8141666666666665,1.6213333333333333
2025-04-16 15:00:00,1.2498166666666668,4.7251666666666665,2.1425,1.8359999999999999
2025-04-16 16:00:00,1.7988333333333333,4.343500000000001,3.229833333333333,2.5926666666666667
2025-04-16 17:00:00,2.4705,5.328,2.9981666666666666,4.295833333333333
2025-04-16 18:00:00,3.5140000000000002,5.357333333333333,3.7003333333333335,4.726166666666667
2025-04-16 19:00:00,3.4735,5.369666666666666,3.0521666666666665,4.179333333333333
2025-04-16 20:00:00,3.3598333333333334,5.748666666666667,3.1311666666666667,4.428
2025-04-16 21:00:00,2.784666666666667,5.1195,2.613,3.551
2025-04-16 22:00:00,2.8493333333333335,5.581,3.521,3.8388333333333335
2025-04-16 23:00:00,2.244333333333333,4.6178333333333335,4.799333333333333,3.5146666666666664
2025-04-17 00:00:00,3.133,4.642666666666667,4.671833333333334,4.027
2025-04-17 01:00:00,4.0135,4.917166666666666,3.992166666666667,4.789666666666666
2025-04-17 02:00:00,4.9075,5.8468333333333335,5.2363333333333335,5.86
2025-04-17 03:00:00,4.0263333333333335,5.412333333333334,4.5056666666666665,4.256666666666667
2025-04-17 04:00:00,3.6645,5.6615,3.7233333333333336,4.8998333333333335
2025-04-17 05:00:00,4.863833333333333,5.8181666666666665,4.369,6.204833333333334
2025-04-17 06:00:00,5.519833333333334,5.385833333333333,3.8646666666666665,6.6418333333333335
2025-04-17 07:00:00,4.606166666666667,6.0216666666666665,5.091166666666666,7.426833333333334
2025-04-17 08:00:00,4.275833333333334,6.129166666666666,5.0235,7.138
2025-04-17 09:00:00,5.0495,6.654833333333333,4.064333333333333,7.713833333333333
2025-04-17 10:00:00,4.559833333333333,5.283833333333333,5.624,7.373500000000001
2025-04-17 11:00:00,4.8455,5.780166666666667,5.61,5.703666666666667
2025-04-17 12:00:00,4.482666666666666,5.4031666666666665,4.344166666666666,4.274166666666667
2025-04-17 13:00:00,3.627666666666667,5.292166666666666,4.440333333333333,3.431166666666667
2025-04-17 14:00:00,4.1615,5.098,4.896833333333333,4.566833333333333
2025-04-17 15:00:00,3.7198333333333333,4.921333333333333,4.219333333333333,4.620166666666666
2025-04-17 16:00:00,3.9661666666666666,3.8838333333333335,3.5863333333333336,4.478166666666667
2025-04-17 17:00:00,3.555833333333333,3.904333333333333,1.63045,3.7800000000000002
2025-04-17 18:00:00,2.504833333333333,3.8356666666666666,2.581166666666667,4.176666666666667
2025-04-17 19:00:00,3.109166666666667,3.416166666666667,2.9579999999999997,3.5405
2025-04-17 20:00:00,2.3945,3.0865,3.0286666666666666,3.4306666666666668
2025-04-17 21:00:00,2.114333333333333,2.6206666666666667,3.1123333333333334,3.515
2025-04-17 22:00:00,2.7471666666666668,2.9705,3.1746666666666665,3.2078333333333333
2025-04-17 23:00:00,2.8104999999999998,2.6421666666666668,2.9566666666666666,3.420666666666667
2025-04-18 00:00:00,2.3385000000000002,3.0556666666666668,3.1985,4.352833333333334
2025-04-18 01:00:00,2.6376666666666666,3.1123333333333334,2.507166666666667,3.146666666666667
2025-04-18 02:00:00,2.7036666666666664,3.604,3.5821666666666667,3.2986666666666666
2025-04-18 03:00:00,1.9813333333333332,2.3658333333333332,2.2691666666666666,3.1073333333333335
2025-04-18 04:00:00,1.7128333333333332,2.2305,2.5268333333333337,3.1266666666666665
2025-04-18 05:00:00,1.9748333333333332,3.165833333333333,3.249,3.1813333333333333
2025-04-18 06:00:00,2.5636666666666668,3.511,3.634666666666667,3.7536666666666667
2025-04-18 07:00:00,2.4963333333333333,3.4541666666666666,3.726,4.222833333333333
2025-04-18 08:00:00,2.933,3.8775,3.856666666666667,4.597666666666667
2025-04-18 09:00:00,3.101,3.835166666666667,3.7173333333333334,4.053833333333333
2025-04-18 10:00:00,2.635666666666667,3.195,3.7613333333333334,3.9626666666666663
2025-04-18 11:00:00,2.7495,3.069666666666667,3.3051666666666666,3.088
2025-04-18 12:00:00,2.5193333333333334,2.597,2.872,2.795666666666667
2025-04-18 13:00:00,2.6503333333333337,2.390833333333333,2.79,1.8498333333333332
2025-04-18 14:00:00,2.612,2.130666666666667,3.2,1.3541666666666667
2025-04-18 15:00:00,3.1708333333333334,2.375,3.1248333333333336,0.8106833333333333
2025-04-18 16:00:00,3.3881666666666663,2.553833333333333,2.8013333333333335,0.6082333333333333
2025-04-18 17:00:00,3.3266666666666667,2.2475,2.4818333333333333,0.48696666666666666
2025-04-18 18:00:00,3.2623333333333333,2.2626666666666666,2.130333333333333,0.4542
2025-04-18 19:00:00,3.0045,2.0168333333333335,2.1438333333333333,0.0
2025-04-18 20:00:00,2.646,1.9888333333333332,2.144,0.61785
2025-04-18 21:00:00,2.1513333333333335,1.9693333333333334,2.4016666666666664,1.1839000000000002
2025-04-18 22:00:00,2.2481666666666666,2.0701666666666667,1.8833333333333333,0.7922333333333333
2025-04-18 23:00:00,2.129,1.557,1.6195,0.22355333333333333
2025-04-19 00:00:00,2.493333333333333,1.6465,1.4488333333333334,0.8243666666666667
2025-04-19 01:00:00,2.3920000000000003,1.762,1.6993333333333331,0.47596666666666665
2025-04-19 02:00:00,2.182166666666667,2.2946666666666666,1.8901666666666666,0.7294266666666667
2025-04-19 03:00:00,2.4643333333333337,2.135,2.048766666666667,2.0735
2025-04-19 04:00:00,1.7763333333333333,1.46255,1.2473999999999998,1.948
2025-04-19 05:00:00,1.1952666666666665,0.2564666666666667,0.7684833333333334,1.3543333333333334
2025-04-19 06:00:00,0.57215,0.327725,1.1811166666666668,1.3878333333333333
2025-04-19 07:00:00,0.5115866666666666,0.8259666666666666,0.7877333333333334,1.0532333333333335
2025-04-19 08:00:00,1.6376666666666668,1.5621666666666667,1.30615,1.6095
2025-04-19 09:00:00,1.4461666666666666,1.2964666666666667,0.9981333333333333,0.5651833333333334
2025-04-19 10:00:00,1.1802166666666667,0.6989666666666667,0.8803333333333333,0.7682166666666667
2025-04-19 11:00:00,0.6025666666666666,0.5674833333333333,1.0913166666666667,0.7245333333333334
2025-04-19 12:00:00,0.34833333333333333,0.7414333333333333,0.9323666666666667,1.0372999999999999
2025-04-19 13:00:00,0.16,0.9863166666666667,0.8311333333333334,1.6375
2025-04-19 14:00:00,0.0,1.4523666666666666,0.54695,1.02775
2025-04-19 15:00:00,0.36898333333333333,1.0975166666666667,0.27055833333333335,1.4851666666666667
2025-04-19 16:00:00,0.24616666666666667,1.4929,0.4924,1.9476666666666667
2025-04-19 17:00:00,0.0,1.3023,0.3984,2.0035
2025-04-19 18:00:00,0.0,0.8932333333333333,0.12531666666666666,1.6078333333333332
2025-04-19 19:00:00,0.0,0.7595333333333334,0.21464166666666668,1.2549
2025-04-19 20:00:00,0.0,0.6097333333333333,0.18964333333333333,1.0611666666666666
2025-04-19 21:00:00,0.0,0.7565666666666666,0.027083333333333334,0.8887
2025-04-19 22:00:00,0.24677666666666667,0.4484,0.4250666666666667,1.07595
2025-04-19 23:00:00,0.9658833333333334,1.1723166666666667,0.05366666666666667,1.1335000000000002
2025-04-20 00:00:00,1.8033333333333335,2.2363333333333335,0.2633933333333333,1.0353333333333332
2025-04-20 01:00:00,2.748666666666667,2.7385,0.19666666666666668,0.486025
2025-04-20 02:00:00,3.001,2.578333333333333,0.5530766666666668,0.16284166666666666
2025-04-20 03:00:00,2.1041666666666665,1.8955,0.6219333333333333,0.8308666666666666
2025-04-20 04:00:00,2.2455,2.0538333333333334,0.8841333333333333,0.8624166666666666
2025-04-20 05:00:00,2.353666666666667,1.9948333333333332,1.0766333333333333,1.0747
2025-04-20 06:00:00,1.849,1.4636666666666664,1.1002666666666667,0.8167500000000001
2025-04-20 07:00:00,2.0298333333333334,1.24265,1.2552999999999999,0.9703166666666667
2025-04-20 08:00:00,1.9201666666666666,1.3228499999999999,1.3609333333333333,1.0320166666666666
2025-04-20 09:00:00,1.3778333333333335,1.0255666666666667,0.6117666666666667,1.0040333333333333
2025-04-20 10:00:00,0.6619833333333334,0.4804833333333333,0.008119999999999999,1.1312666666666666
2025-04-20 11:00:00,1.2481833333333334,1.1208833333333332,2.68085,2.7156666666666665
2025-04-20 12:00:00,1.0651833333333334,0.64295,0.6835333333333333,0.9254666666666667
2025-04-20 13:00:00,0.12936666666666669,2.1607333333333334,0.230475,0.22448333333333334
2025-04-20 14:00:00,0.11941666666666667,2.8381666666666665,0.50975,0.5833499999999999
2025-04-20 15:00:00,0.42245000000000005,2.0338333333333334,0.4536833333333333,1.6771666666666667
2025-04-20 16:00:00,0.29842,2.1155,0.47861666666666663,2.2696666666666667
2025-04-20 17:00:00,1.2074166666666666,2.494666666666667,1.8175,2.681166666666667
2025-04-20 18:00:00,3.4313333333333333,3.4525,2.1168333333333336,1.9848999999999999
2025-04-20 19:00:00,3.924,3.1991666666666663,3.0633333333333335,4.911
2025-04-20 20:00:00,3.794166666666667,3.2303333333333333,3.6718333333333333,3.9286666666666665
2025-04-20 21:00:00,1.7951666666666666,1.9085,1.2027666666666665,0.8379666666666666
2025-04-20 22:00:00,0.9380833333333333,0.7879,0.46026,0.6963
2025-04-20 23:00:00,0.8283166666666666,0.9268666666666667,1.0848833333333334,0.6014333333333333
2025-04-21 00:00:00,0.97415,1.0848833333333334,1.12605,0.18916666666666665
2025-04-21 01:00:00,0.99785,0.5305333333333333,1.0420833333333333,0.4322
2025-04-21 02:00:00,1.9111,1.86875,2.509666666666667,0.8423666666666667
2025-04-21 03:00:00,2.307,3.2986666666666666,3.037,1.6058999999999999
2025-04-21 04:00:00,2.729,3.8436666666666666,3.1771666666666665,2.74
2025-04-21 05:00:00,2.6651666666666665,3.3201666666666667,2.420166666666667,2.378833333333333
2025-04-21 06:00:00,2.271166666666667,2.3866666666666663,2.032166666666667,1.3155000000000001
2025-04-21 07:00:00,2.3193333333333332,3.0751666666666666,1.7074500000000001,1.16705
2025-04-21 08:00:00,2.230166666666667,2.1809999999999996,1.91335,1.4576
2025-04-21 09:00:00,2.0031666666666665,2.4371666666666667,2.5300000000000002,2.8819999999999997
2025-04-21 10:00:00,1.6188333333333333,1.3635,1.1071333333333333,1.8105
2025-04-21 11:00:00,1.02275,1.23515,0.8393333333333334,1.6738333333333335
2025-04-21 12:00:00,0.6207499999999999,0.8439833333333333,0.6135,0.09971666666666668
2025-04-21 13:00:00,0.361,0.7383666666666666,0.23944333333333334,0.70245
2025-04-21 14:00:00,0.6324500000000001,0.45843333333333336,0.30155,1.2635333333333334
2025-04-21 15:00:00,0.9914833333333333,0.5825833333333333,0.0,1.6651666666666667
2025-04-21 16:00:00,1.2908499999999998,1.08835,0.237175,1.9578333333333333
2025-04-21 17:00:00,0.6728500000000001,1.2875333333333332,0.09605333333333334,2.148
2025-04-21 18:00:00,0.6476666666666666,1.55375,0.69895,2.246666666666667
2025-04-21 19:00:00,1.1715833333333334,1.55555,0.40663333333333335,2.1148333333333333
2025-04-21 20:00:00,1.2424166666666667,1.4538333333333333,0.16,1.8635
2025-04-21 21:00:00,2.6965,1.4993333333333332,0.0,1.9156666666666666
2025-04-21 22:00:00,3.5604999999999998,1.7015,0.0,1.5623333333333334
2025-04-21 23:00:00,3.9633333333333334,1.7645000000000002,0.05,1.582
2025-04-22 00:00:00,3.1948333333333334,1.4226666666666667,0.5469666666666666,1.1696666666666666
2025-04-22 01:00:00,3.3463333333333334,2.107,2.5301666666666667,0.8961833333333333
2025-04-22 02:00:00,2.9535,2.6555000000000004,3.482666666666667,1.7748666666666668
2025-04-22 03:00:00,2.5865,3.234166666666667,2.3408333333333333,2.5260000000000002
2025-04-22 04:00:00,3.3141666666666665,3.0315,3.0236666666666663,1.9633333333333334
2025-04-22 05:00:00,2.8991666666666664,2.8876666666666666,3.019,2.6745
2025-04-22 06:00:00,2.8160000000000003,3.6911666666666667,3.2479999999999998,3.409
2025-04-22 07:00:00,2.914833333333333,3.567833333333333,3.4623333333333335,2.949
2025-04-22 08:00:00,3.0708333333333333,3.1035,3.353833333333333,2.7150000000000003
2025-04-22 09:00:00,3.0595,3.0203333333333333,3.1926666666666668,3.0556666666666668
2025-04-22 10:00:00,2.6421666666666668,3.2731666666666666,2.629,2.5693333333333332
2025-04-22 11:00:00,2.029,2.5378333333333334,1.7593333333333334,2.158166666666667
2025-04-22 12:00:00,1.3289666666666666,1.4989999999999999,1.1686166666666666,1.9248333333333332
2025-04-22 13:00:00,0.8309833333333334,1.1253166666666667,0.8700166666666667,1.1636
2025-04-22 14:00:00,0.9991166666666668,1.1306166666666668,1.5487166666666667,1.0145
2025-04-22 15:00:00,0.6029833333333333,0.00625,0.13253333333333334,1.0690833333333332
2025-04-22 16:00:00,0.07833333333333334,0.63786,0.18672666666666665,1.5655000000000001
2025-04-22 17:00:00,1.0887833333333332,1.2979166666666666,0.0,1.9063333333333332
2025-04-22 18:00:00,1.1570333333333334,1.2882500000000001,0.0,1.7021666666666666
2025-04-22 19:00:00,0.6980500000000001,0.6135666666666667,0.21505833333333332,1.4526666666666666
2025-04-22 20:00:00,0.19665333333333332,0.194275,0.0,1.0824500000000001
2025-04-22 21:00:00,0.5603166666666667,0.95655,0.0,1.5726666666666667
2025-04-22 22:00:00,0.511,0.7143666666666667,0.24059333333333335,1.542
2025-04-22 23:00:00,0.34009999999999996,0.41463333333333335,0.47959999999999997,1.7873333333333332
2025-04-23 00:00:00,0.16875,0.223055,0.00781,1.7396666666666667
2025-04-23 01:00:00,0.02866,0.6986383333333334,0.4593166666666667,1.3711166666666665
2025-04-23 02:00:00,1.0980666666666667,1.0083833333333334,0.11563333333333332,0.5156166666666667
2025-04-23 03:00:00,1.09875,1.0809,0.8676833333333334,1.2321666666666669
2025-04-23 04:00:00,1.6406666666666667,0.8986999999999999,1.1567666666666667,1.26715
2025-04-23 05:00:00,2.307,1.1921666666666666,1.0264833333333334,1.4214
2025-04-23 06:00:00,1.8861666666666668,1.3102166666666666,0.9942166666666666,2.1088333333333336
2025-04-23 07:00:00,2.4515000000000002,1.4764833333333334,1.4052333333333331,2.043
2025-04-23 08:00:00,2.403833333333333,1.7835,2.2258333333333336,2.1378333333333335
2025-04-23 09:00:00,2.5745,1.5188666666666668,1.6195666666666668,2.2156666666666665
2025-04-23 10:00:00,2.6905,1.71715,1.0361666666666667,2.4953333333333334
2025-04-23 11:00:00,2.7613333333333334,2.816666666666667,2.0843333333333334,2.757166666666667
2025-04-23 12:00:00,2.3993333333333333,2.4881666666666664,2.3689999999999998,2.1376666666666666
2025-04-23 13:00:00,1.09565,3.1151666666666666,0.9934333333333334,1.7488333333333332
2025-04-23 14:00:00,0.9656333333333333,3.283166666666667,0.8274333333333334,1.3048499999999998
2025-04-23 15:00:00,1.1128333333333333,3.3033333333333332,1.6243333333333332,1.7265000000000001
2025-04-23 16:00:00,1.8426666666666667,3.516,2.024166666666667,2.1666666666666665
2025-04-23 17:00:00,0.7772333333333333,3.666333333333333,1.605,1.9248333333333332
2025-04-23 18:00:00,0.48408333333333337,3.2918333333333334,1.1729833333333335,1.2908666666666666
2025-04-23 19:00:00,1.1207666666666667,3.3078333333333334,1.399,0.25135
2025-04-23 20:00:00,2.228666666666667,2.8926666666666665,1.7042499999999998,0.5431666666666667
2025-04-23 21:00:00,1.3179166666666666,1.8773333333333333,1.5008333333333332,0.8921666666666667
2025-04-23 22:00:00,1.2933,1.8563333333333332,0.3904866666666667,1.1893
2025-04-23 23:00:00,1.21445,0.4251916666666667,1.0387,1.2843666666666667
2025-04-24 00:00:00,1.9333333333333333,2.5917666666666666,0.9976333333333334,0.300275
2025-04-24 01:00:00,1.7910833333333334,1.8724999999999998,1.0746666666666667,0.8687166666666666
2025-04-24 02:00:00,2.4171666666666667,0.8645833333333334,1.3386500000000001,0.6610666666666667
2025-04-24 03:00:00,2.5981666666666667,1.5012,0.43333333333333335,1.7836666666666665
2025-04-24 04:00:00,3.015,1.0788333333333333,0.5350266666666667,3.3931666666666667
2025-04-24 05:00:00,3.0043333333333333,1.4266666666666665,1.1567833333333333,2.9146666666666667
2025-04-24 06:00:00,3.0401666666666665,0.9748,1.1726666666666667,3.1959999999999997
2025-04-24 07:00:00,2.7531666666666665,0.5416833333333333,1.0018833333333332,2.5496666666666665
2025-04-24 08:00:00,2.106333333333333,0.52635,0.6767833333333333,1.8115833333333333
2025-04-24 09:00:00,2.8958333333333335,1.4590666666666665,0.7023766666666666,0.9089666666666666
2025-04-24 10:00:00,2.4955,2.267333333333333,2.2851666666666666,0.5209833333333334
2025-04-24 11:00:00,2.496,2.5405,1.2379,1.0221500000000001
2025-04-24 12:00:00,1.3886666666666665,1.4527500000000002,0.8233166666666667,0.65005
2025-04-24 13:00:00,1.14695,0.5590083333333333,0.660875,1.1426833333333335
2025-04-24 14:00:00,1.3322833333333333,0.9288000000000001,1.2438666666666667,1.831
2025-04-24 15:00:00,1.8311666666666668,0.7776333333333334,1.4535000000000002,2.0021666666666667
2025-04-24 16:00:00,1.6228333333333333,0.4768,2.0578333333333334,2.2618333333333336
2025-04-24 17:00:00,1.4458333333333333,1.5546666666666666,2.884666666666667,2.245166666666667
2025-04-24 18:00:00,1.9498333333333333,1.1796499999999999,2.2493333333333334,1.9265
2025-04-24 19:00:00,2.2689999999999997,0.54995,0.5306166666666666,1.8145
2025-04-24 20:00:00,2.9091666666666667,0.64015,0.5862933333333333,2.1823333333333332
2025-04-24 21:00:00,2.0328333333333335,1.2858033333333334,0.9298000000000001,2.5871666666666666
2025-04-24 22:00:00,1.9538333333333333,1.7515,1.0050666666666668,1.4173166666666668
2025-04-24 23:00:00,2.5815,0.5449166666666667,0.36902666666666667,1.0503666666666667
2025-04-25 00:00:00,3.379,0.6448333333333333,0.6462666666666667,2.4353333333333333
2025-04-25 01:00:00,3.5983333333333336,1.2928333333333335,0.5383,1.7173333333333334
2025-04-25 02:00:00,4.073666666666666,1.4606666666666668,1.2845666666666666,1.8291666666666666
2025-04-25 03:00:00,4.1193333333333335,1.65055,1.3963833333333333,2.4650000000000003
2025-04-25 04:00:00,4.1755,0.8457333333333333,1.2171333333333334,2.038333333333333
2025-04-25 05:00:00,3.6973333333333334,2.3035,1.564,2.557
2025-04-25 06:00:00,3.5780000000000003,2.331166666666667,1.2413333333333334,2.783166666666667
2025-04-25 07:00:00,3.5171666666666668,1.6903333333333335,1.6926666666666668,3.012
2025-04-25 08:00:00,3.6079999999999997,1.5025000000000002,1.7763333333333333,2.6305
2025-04-25 09:00:00,3.457666666666667,1.2378833333333332,1.4310833333333333,2.253833333333333
2025-04-25 10:00:00,2.5828333333333333,1.4139166666666665,1.0502833333333332,2.4091666666666667
2025-04-25 11:00:00,2.297166666666667,1.0911833333333334,1.3898333333333333,1.5898333333333334
2025-04-25 12:00:00,1.566,0.6157666666666667,0.75195,0.9982833333333333
2025-04-25 13:00:00,0.8420000000000001,0.7759166666666667,0.0,0.9629
2025-04-25 14:00:00,0.2749333333333333,0.33613666666666664,0.020403333333333332,0.5206500000000001
2025-04-25 15:00:00,0.0,1.1628333333333332,0.30955,1.1643833333333333
2025-04-25 16:00:00,0.0,0.72265,0.0,1.2772166666666667
2025-04-25 17:00:00,0.16,1.2741666666666667,0.0,0.9973166666666666
2025-04-25 18:00:00,0.11885833333333333,1.8105,0.0,0.5552866666666667
2025-04-25 19:00:00,1.4723833333333334,1.5650666666666666,0.0,0.6621666666666667
2025-04-25 20:00:00,1.4099,2.081166666666667,0.54132,0.83055
2025-04-25 21:00:00,0.5489666666666667,1.0856999999999999,0.8916333333333333,0.54625
2025-04-25 22:00:00,1.6175,0.12648333333333334,0.27991666666666665,0.5167666666666667
2025-04-25 23:00:00,1.1300333333333334,0.10487,0.8514333333333333,0.86485
2025-04-26 00:00:00,2.0459833333333335,0.7122333333333334,1.7295,0.4486
2025-04-26 01:00:00,2.36,0.6597333333333334,2.0675,0.51851
2025-04-26 02:00:00,2.3126666666666664,0.5960333333333333,1.5481666666666667,0.7310833333333334
2025-04-26 03:00:00,2.8321666666666667,1.1463833333333333,1.6013333333333333,1.4417833333333334
2025-04-26 04:00:00,4.079666666666666,2.869333333333333,2.6805000000000003,2.6526666666666667
2025-04-26 05:00:00,3.6906666666666665,2.9538333333333333,3.6911666666666667,4.0953333333333335
2025-04-26 06:00:00,3.771166666666667,2.1943333333333332,3.421,3.7878333333333334
2025-04-26 07:00:00,3.7921666666666667,2.896333333333333,3.3491666666666666,3.6071666666666666
2025-04-26 08:00:00,4.7266666666666675,3.3866666666666663,3.6525000000000003,4.387333333333333
2025-04-26 09:00:00,3.9673333333333334,3.582333333333333,3.3436666666666666,3.6386666666666665
2025-04-26 10:00:00,3.883,3.5978333333333334,3.2405,3.556
2025-04-26 11:00:00,3.784,3.937,3.8033333333333332,3.4949999999999997
2025-04-26 12:00:00,2.9283333333333332,3.5541666666666667,3.1603333333333334,2.8895
2025-04-26 13:00:00,2.3735,3.4515000000000002,2.1866666666666665,2.0349999999999997
2025-04-26 14:00:00,1.3747,4.0408333333333335,2.055333333333333,2.557666666666667
2025-04-26 15:00:00,1.5222666666666667,3.4225,2.2946666666666666,2.8153333333333332
2025-04-26 16:00:00,0.5762666666666667,3.543833333333333,1.6156666666666666,1.7113333333333332
2025-04-26 17:00:00,0.6678999999999999,3.0965,1.1481,2.0223333333333335
2025-04-26 18:00:00,0.9161,3.0228333333333333,0.28442,1.3838166666666667
2025-04-26 19:00:00,0.98065,4.088,0.7882666666666667,2.0363333333333333
2025-04-26 20:00:00,0.6990166666666667,3.4061666666666666,1.5751666666666668,1.9956666666666665
2025-04-26 21:00:00,0.3564366666666666,1.7189333333333332,0.49319166666666664,2.1481666666666666
2025-04-26 22:00:00,0.2953,0.93775,0.5958166666666667,1.2233333333333334
2025-04-26 23:00:00,0.07531666666666667,1.0669333333333335,0.7688666666666666,1.1357166666666667
2025-04-27 00:00:00,0.7145833333333333,0.5325766666666667,0.6855333333333333,0.9880833333333333
2025-04-27 01:00:00,1.0695666666666668,0.27420000000000005,1.2521666666666667,1.1495166666666667
2025-04-27 02:00:00,2.4335,1.1792166666666666,1.845,2.1823333333333332
2025-04-27 03:00:00,3.8005,3.0295,1.6901666666666666,3.1670000000000003
2025-04-27 04:00:00,4.0085,3.4901666666666666,3.302833333333333,2.2723333333333335
2025-04-27 05:00:00,3.890833333333333,3.5418333333333334,3.4661666666666666,1.9893333333333334
2025-04-27 06:00:00,4.034,3.3986666666666663,3.3453333333333335,2.6521666666666666
2025-04-27 07:00:00,3.5266666666666664,3.5895,3.2756666666666665,3.344666666666667
2025-04-27 08:00:00,4.297666666666667,3.6013333333333337,3.4765,3.670666666666667
2025-04-27 09:00:00,4.960333333333334,4.6898333333333335,4.229,4.035666666666667
2025-04-27 10:00:00,4.601166666666667,4.898833333333333,4.4485,4.2043333333333335
2025-04-27 11:00:00,4.181166666666667,5.024,4.648666666666667,4.607166666666667
2025-04-27 12:00:00,2.715333333333333,4.698833333333334,3.158166666666667,4.526833333333333
2025-04-27 13:00:00,1.4607999999999999,3.2921666666666667,2.397666666666667,2.992
2025-04-27 14:00:00,0.5876833333333333,2.2385500000000005,1.8973333333333333,2.3385000000000002
2025-04-27 15:00:00,0.52435,1.1721666666666666,0.7296833333333334,1.6686666666666667
2025-04-27 16:00:00,0.51565,0.4532833333333333,0.0,2.0821666666666667
2025-04-27 17:00:00,0.8823666666666666,0.473575,0.0,2.0068333333333332
2025-04-27 18:00:00,1.2109999999999999,1.15155,0.0,2.3190000000000004
2025-04-27 19:00:00,2.167666666666667,1.7391666666666665,0.0,2.494666666666667
2025-04-27 20:00:00,2.8261666666666665,1.6376666666666668,0.17948333333333333,2.553
2025-04-27 21:00:00,3.329333333333333,2.004833333333333,1.0778166666666666,2.9021666666666666
2025-04-27 22:00:00,3.744333333333333,2.3505,0.9190166666666666,3.3601666666666667
2025-04-27 23:00:00,3.166333333333333,2.0909999999999997,1.0725,2.771666666666667
2025-04-28 00:00:00,2.955833333333333,2.582333333333333,0.9805333333333334,1.431
2025-04-28 01:00:00,2.9501666666666666,2.492,0.8367,1.9349999999999998
2025-04-28 02:00:00,2.549,2.2753333333333337,1.0547333333333333,2.1468333333333334
2025-04-28 03:00:00,2.2535000000000003,1.8376666666666668,1.0061166666666668,0.8752833333333334
2025-04-28 04:00:00,1.7027333333333334,1.5785000000000002,1.1151166666666665,0.9839666666666667
2025-04-28 05:00:00,1.5875,1.4226833333333333,1.47085,1.4220333333333335
2025-04-28 06:00:00,1.5016666666666665,1.1576666666666666,0.9229166666666667,2.0961666666666665
2025-04-28 07:00:00,1.6351666666666667,1.2686333333333333,1.1217833333333334,1.4899333333333333
2025-04-28 08:00:00,1.677,0.8172333333333334,1.0810666666666668,1.3288333333333333
2025-04-28 09:00:00,1.7305,0.8713166666666667,1.1411833333333334,1.4307833333333333
2025-04-28 10:00:00,2.3895,1.2185166666666667,1.0110999999999999,1.9658166666666665
2025-04-28 11:00:00,1.9511666666666667,0.7359833333333333,2.8104999999999998,3.1665
2025-04-28 12:00:00,1.1989333333333334,2.1439333333333335,2.456166666666667,2.6198333333333332
2025-04-28 13:00:00,0.49600000000000005,1.1743666666666668,2.310166666666667,1.5908333333333333
2025-04-28 14:00:00,0.5669500000000001,0.21666666666666667,0.5266666666666667,1.0457166666666666
2025-04-28 15:00:00,0.2366666666666667,0.21443333333333334,0.3460266666666667,1.8023333333333333
2025-04-28 16:00:00,0.21998666666666666,0.9023333333333333,0.3059266666666666,1.7945
2025-04-28 17:00:00,0.3102933333333333,0.7610666666666667,0.025733333333333334,1.9565
2025-04-28 18:00:00,0.15383666666666668,0.8880166666666667,0.15750000000000003,2.309166666666667
2025-04-28 19:00:00,0.5394333333333333,0.7029333333333334,0.0,2.472
2025-04-28 20:00:00,0.47357,0.8231666666666667,0.0,2.55
2025-04-28 21:00:00,1.4866,0.9227833333333333,0.0,2.7285
2025-04-28 22:00:00,1.0605666666666667,0.80095,0.0,2.458833333333333
2025-04-28 23:00:00,0.6146833333333334,0.9357666666666666,0.0,2.55
2025-04-29 00:00:00,0.6021666666666667,1.1108333333333333,0.0,2.1636666666666664
2025-04-29 01:00:00,1.1054833333333334,1.1296666666666666,0.0,1.3183833333333332
2025-04-29 02:00:00,1.4246666666666667,1.6193333333333333,0.9845666666666666,0.53235
2025-04-29 03:00:00,1.6273333333333333,1.8113333333333335,1.9571666666666665,1.3898833333333334
2025-04-29 04:00:00,2.3628333333333336,2.681833333333333,1.6393333333333333,1.2618333333333331
2025-04-29 05:00:00,2.048,2.812,1.3693166666666667,1.8339999999999999
2025-04-29 06:00:00,2.402333333333333,2.8245,2.0113333333333334,2.2565
2025-04-29 07:00:00,2.118,2.9488333333333334,2.4535,2.738
2025-04-29 08:00:00,2.717,3.2766666666666664,3.2598333333333334,2.6856666666666666
2025-04-29 09:00:00,2.8451666666666666,3.5495,3.5401666666666665,3.36
2025-04-29 10:00:00,2.4808333333333334,3.414333333333333,2.8786666666666667,3.6188333333333333
2025-04-29 11:00:00,2.557666666666667,3.4145,2.8978333333333333,3.3746666666666667
2025-04-29 12:00:00,1.8663333333333334,2.7751666666666663,2.005666666666667,2.810166666666667
2025-04-29 13:00:00,1.6900000000000002,2.5135,1.4598333333333333,1.5963333333333334
2025-04-29 14:00:00,1.4845,0.8225666666666667,1.8836666666666666,0.7435666666666666
2025-04-29 15:00:00,1.2316833333333332,0.32258333333333333,1.057925,1.2035333333333333
2025-04-29 16:00:00,1.1805999999999999,0.14646666666666666,0.54045,1.5715
2025-04-29 17:00:00,0.29611666666666664,0.6627666666666666,0.0,1.7976666666666667
2025-04-29 18:00:00,0.0325,0.5769,0.0,1.7486666666666666
2025-04-29 19:00:00,0.22440000000000002,0.07575,0.0,1.6818333333333333
2025-04-29 20:00:00,0.26483333333333337,0.20505833333333331,0.0,1.5719999999999998
2025-04-29 21:00:00,0.15333333333333335,0.25006,0.0,1.5343333333333333
2025-04-29 22:00:00,0.0,0.12518666666666667,0.0,1.8163333333333334
2025-04-29 23:00:00,0.3701416666666667,0.27242,0.0,2.0366666666666666
2025-04-30 00:00:00,0.06991666666666667,0.74685,0.12806666666666666,1.4593333333333334
2025-04-30 01:00:00,0.2609916666666667,0.82325,0.24871666666666667,0.8417333333333333
2025-04-30 02:00:00,0.8103,1.1257333333333333,0.34436666666666665,0.4834
2025-04-30 03:00:00,1.2960833333333333,0.81225,0.74785,0.6152
2025-04-30 04:00:00,1.385,1.04535,0.8866833333333334,0.8677499999999999
2025-04-30 05:00:00,1.8275000000000001,1.0302666666666667,1.1683999999999999,1.13735
2025-04-30 06:00:00,2.0043166666666665,1.5195166666666668,1.5604,1.5378666666666667
2025-04-30 07:00:00,1.9276666666666666,2.1025,1.5126666666666668,1.7955
2025-04-30 08:00:00,2.087833333333333,2.683,1.7788333333333335,2.4596666666666667
2025-04-30 09:00:00,2.243333333333333,3.2125,2.2201666666666666,2.846166666666667
2025-04-30 10:00:00,1.9671666666666667,3.1021666666666667,2.0495,2.6675
2025-04-30 11:00:00,2.055833333333333,3.0058333333333334,1.9656666666666667,2.5138333333333334
2025-04-30 12:00:00,1.4446666666666665,2.352,1.8233333333333335,2.3423333333333334
2025-04-30 13:00:00,1.4683333333333333,2.1021166666666664,1.5258333333333334,1.0638166666666666
2025-04-30 14:00:00,0.7811,0.21565,0.9019666666666667,0.9458
2025-04-30 15:00:00,0.2222,0.21006,0.00625,1.4646666666666666
2025-04-30 16:00:00,0.36255,0.11062,0.0,1.8245
2025-04-30 17:00:00,0.5142083333333333,0.51875,0.0,1.7925
2025-04-30 18:00:00,0.38830000000000003,0.5265833333333333,0.0,1.5628333333333333
2025-04-30 19:00:00,0.2973266666666667,0.48175,0.0,2.193833333333333
2025-04-30 20:00:00,0.27646,0.41372,0.0,2.21
2025-04-30 21:00:00,0.5157,0.21043333333333333,0.0,2.2376666666666667
2025-04-30 22:00:00,0.09666666666666666,0.38378333333333337,0.0,1.9578333333333333
2025-04-30 23:00:00,0.11080333333333334,0.62805,0.0,2.0925
2025-05-01 00:00:00,0.5946,0.8334333333333334,0.0,1.5343333333333333
2025-05-01 01:00:00,0.7993,0.8635,0.0,1.2592833333333333
2025-05-01 02:00:00,1.8433333333333333,1.1543833333333333,0.5497033333333333,0.7231000000000001
2025-05-01 03:00:00,1.4868333333333332,0.9052666666666667,1.07245,1.22905
2025-05-01 04:00:00,1.8775000000000002,1.0765666666666667,1.1829333333333334,1.5463333333333333
2025-05-01 05:00:00,1.8408333333333333,1.09825,1.17195,1.1323
2025-05-01 06:00:00,2.1431666666666667,1.1884000000000001,1.3341666666666667,1.3317166666666667
2025-05-01 07:00:00,2.0228333333333333,1.2513333333333334,1.2027500000000002,1.2861166666666668
2025-05-01 08:00:00,2.4025000000000003,1.2802666666666667,1.6071666666666669,1.2393833333333333
2025-05-01 09:00:00,1.98,1.1274000000000002,1.2510833333333333,1.0017666666666667
2025-05-01 10:00:00,2.1081666666666665,1.1387833333333333,1.03725,1.3885333333333334
2025-05-01 11:00:00,1.6646666666666665,1.0909333333333333,1.3453166666666665,0.6074166666666667
2025-05-01 12:00:00,1.1462666666666665,2.8883333333333336,2.2060000000000004,1.3402666666666667
2025-05-01 13:00:00,0.360775,2.9373333333333336,1.6491666666666667,2.358166666666667
2025-05-01 14:00:00,0.49593333333333334,2.622666666666667,0.7476666666666667,2.329333333333333
2025-05-01 15:00:00,0.66751,2.9738333333333333,0.6728333333333333,2.1875
2025-05-01 16:00:00,1.37,2.8421666666666665,0.25749333333333335,2.5816666666666666
2025-05-01 17:00:00,2.6236666666666664,3.009666666666667,0.007500000000000001,2.8393333333333337
2025-05-01 18:00:00,3.0813333333333333,3.2763333333333335,0.6242,2.4513333333333334
2025-05-01 19:00:00,3.3486666666666665,3.6828333333333334,1.1908666666666667,2.5725
2025-05-01 20:00:00,3.201833333333333,3.643666666666667,1.1349333333333333,2.723
2025-05-01 21:00:00,3.6041666666666665,3.4650000000000003,2.0828333333333333,3.0461666666666667
2025-05-01 22:00:00,3.8400000000000003,3.6246666666666667,1.2734833333333335,2.808666666666667
2025-05-01 23:00:00,4.126833333333334,3.9276666666666666,0.9417000000000001,2.3553333333333333
2025-05-02 00:00:00,3.8011666666666666,3.2520000000000002,0.88195,2.783666666666667
2025-05-02 01:00:00,3.8356666666666666,3.2265,0.99095,3.2361666666666666
2025-05-02 02:00:00,3.3165,3.1443333333333334,1.4065,3.2293333333333334
2025-05-02 03:00:00,3.492166666666667,2.7271666666666667,1.6141666666666665,2.367
2025-05-02 04:00:00,3.3753333333333333,2.513,2.021333333333333,1.7128333333333332
2025-05-02 05:00:00,3.5776666666666666,4.1135,4.846,4.425833333333333
2025-05-02 06:00:00,4.655,5.272833333333334,5.285833333333333,5.319999999999999
2025-05-02 07:00:00,3.9758333333333336,5.241,5.5685,6.379333333333333
2025-05-02 08:00:00,4.1515,5.413666666666667,5.176833333333334,5.981
2025-05-02 09:00:00,4.055666666666666,5.361666666666666,5.255333333333334,6.167666666666666
2025-05-02 10:00:00,3.4298333333333333,4.7123333333333335,4.502833333333333,4.952166666666667
2025-05-02 11:00:00,2.198,3.3213333333333335,3.1505,3.729833333333333
2025-05-02 12:00:00,1.7486666666666666,2.1361666666666665,2.1125,2.927833333333333
2025-05-02 13:00:00,1.4808333333333332,1.0768666666666666,1.7008166666666669,1.0634833333333333
2025-05-02 14:00:00,2.0965,1.0693166666666667,0.9363499999999999,1.3207
2025-05-02 15:00:00,1.9869999999999999,2.0661666666666667,2.32835,2.0482
2025-05-02 16:00:00,1.0942666666666667,2.6546666666666665,1.4855166666666666,2.1205000000000003
2025-05-02 17:00:00,0.56875,1.2591833333333333,1.1156333333333335,1.6648333333333334
2025-05-02 18:00:00,0.9448666666666666,2.3995166666666665,1.1601166666666667,1.5876166666666667
2025-05-02 19:00:00,0.8114166666666667,1.0416333333333332,1.0286833333333332,2.207666666666667
2025-05-02 20:00:00,0.8873833333333334,1.0706666666666667,0.4156333333333333,1.7221666666666666
2025-05-02 21:00:00,0.41125833333333334,0.9669666666666666,0.11408333333333333,1.6578166666666665
2025-05-02 22:00:00,0.5949500000000001,0.36596666666666666,0.5052833333333333,0.6577333333333333
2025-05-02 23:00:00,0.028133333333333333,0.48281666666666667,0.3292833333333334,0.8254833333333332
2025-05-03 00:00:00,0.5493583333333334,0.8822583333333333,0.6797433333333333,0.7482500000000001
2025-05-03 01:00:00,1.1513166666666665,0.92685,0.6206666666666667,0.9754833333333333
2025-05-03 02:00:00,1.3908333333333334,0.9863666666666667,1.2981333333333334,0.51805
2025-05-03 03:00:00,1.6071666666666666,1.8351666666666666,1.3763333333333334,1.2013833333333332
2025-05-03 04:00:00,1.6075000000000002,2.444,1.6951666666666665,2.3578333333333332
2025-05-03 05:00:00,1.9101666666666666,2.183666666666667,2.3913333333333333,2.975
2025-05-03 06:00:00,2.099333333333333,2.1388333333333334,1.9573333333333334,2.7375
2025-05-03 07:00:00,1.8073333333333332,2.2266666666666666,2.2675,2.2641666666666667
2025-05-03 08:00:00,2.051833333333333,2.0676666666666668,2.527,1.6200166666666667
2025-05-03 09:00:00,1.6418333333333335,1.6411666666666667,1.7766666666666666,1.4609666666666667
2025-05-03 10:00:00,1.0490833333333334,1.1282500000000002,0.6175499999999999,0.375
2025-05-03 11:00:00,0.96295,0.7773333333333333,1.1046,1.2788833333333334
2025-05-03 12:00:00,1.6744999999999999,1.4268166666666666,1.111,1.7401666666666666
2025-05-03 13:00:00,2.1221666666666668,2.6013333333333337,1.2097333333333333,2.121
2025-05-03 14:00:00,2.8133333333333335,3.2296666666666667,1.1469333333333334,2.692333333333333
2025-05-03 15:00:00,4.332333333333334,3.9871666666666665,4.206166666666666,6.313
2025-05-03 16:00:00,4.262,4.4399999999999995,5.6898333333333335,5.671666666666667
2025-05-03 17:00:00,3.3286666666666664,4.288333333333333,4.342666666666667,3.241833333333333
2025-05-03 18:00:00,3.6088333333333336,4.640166666666667,4.7090000000000005,3.966833333333333
2025-05-03 19:00:00,3.267333333333333,3.9136666666666664,3.9829999999999997,3.0791666666666666
2025-05-03 20:00:00,3.971166666666667,5.577166666666667,4.851833333333333,4.219833333333333
2025-05-03 21:00:00,4.384666666666666,5.827166666666667,5.5845,6.376166666666666
2025-05-03 22:00:00,3.6503333333333337,5.771,4.376666666666667,5.672
2025-05-03 23:00:00,4.2363333333333335,5.654,4.84,6.721333333333333
2025-05-04 00:00:00,4.270166666666666,5.945166666666666,4.545333333333334,5.915666666666667
2025-05-04 01:00:00,3.8503333333333334,5.316666666666666,4.294833333333333,5.723
2025-05-04 02:00:00,3.4861666666666666,4.971,4.3406666666666665,5.040166666666667
2025-05-04 03:00:00,3.854833333333333,4.8566666666666665,3.915,4.5445
2025-05-04 04:00:00,3.4521666666666664,4.572666666666667,4.318333333333333,4.991166666666667
2025-05-04 05:00:00,3.7133333333333334,5.250166666666667,5.198333333333333,5.4175
2025-05-04 06:00:00,3.504,4.607666666666666,4.785166666666667,5.988833333333333
2025-05-04 07:00:00,3.126,4.582,4.796833333333334,5.825
2025-05-04 08:00:00,3.0393333333333334,4.706,4.830166666666667,4.852333333333333
2025-05-04 09:00:00,3.4738333333333333,4.393833333333333,4.0885,4.352833333333334
2025-05-04 10:00:00,3.1258333333333335,3.9941666666666666,3.3358333333333334,3.8074999999999997
2025-05-04 11:00:00,2.8373333333333335,3.613,2.9108333333333336,3.079833333333333
2025-05-04 12:00:00,2.5876666666666663,3.704,2.6751666666666667,3.267333333333333
2025-05-04 13:00:00,1.5303333333333333,1.6418333333333335,1.1792166666666666,1.6744999999999999
2025-05-04 14:00:00,1.0227,1.0224166666666668,1.1170666666666667,1.3011666666666666
2025-05-04 15:00:00,0.8079333333333333,0.5107583333333333,0.5790000000000001,0.42432499999999995
2025-05-04 16:00:00,0.046566666666666666,0.08233333333333334,0.4263,0.2835433333333333
2025-05-04 17:00:00,0.2807266666666666,0.12629333333333334,0.20172666666666667,0.82325
2025-05-04 18:00:00,0.22431666666666666,0.7878366666666667,0.637275,1.1709333333333334
2025-05-04 19:00:00,0.34188666666666667,2.3231666666666664,0.40385000000000004,0.6683333333333333
2025-05-04 20:00:00,0.8260833333333333,1.6958333333333333,0.3538266666666667,0.28008
2025-05-04 21:00:00,1.2175,2.6899,1.0193333333333332,0.33641666666666664
2025-05-04 22:00:00,3.021,3.283166666666667,0.8559333333333333,0.65437
2025-05-04 23:00:00,3.43,2.255666666666667,1.40195,0.8280166666666666
2025-05-05 00:00:00,3.7199999999999998,2.343166666666667,2.5786666666666664,0.8214166666666666
2025-05-05 01:00:00,3.694166666666667,3.9211666666666667,2.916333333333333,2.0953333333333335
2025-05-05 02:00:00,4.1545000000000005,4.4995,3.5478333333333336,3.5028333333333332
2025-05-05 03:00:00,4.333666666666667,4.014666666666667,4.077833333333333,3.7376666666666667
2025-05-05 04:00:00,4.0525,4.470166666666667,4.2395000000000005,4.227
2025-05-05 05:00:00,4.1535,4.506833333333334,3.6221666666666668,4.152166666666667
2025-05-05 06:00:00,4.4705,4.9126666666666665,4.001,4.120666666666667
2025-05-05 07:00:00,4.3305,3.7215,4.901333333333333,3.9219999999999997
2025-05-05 08:00:00,4.363,3.220833333333333,2.710666666666667,4.323666666666667
2025-05-05 09:00:00,4.277,2.9764,3.709166666666667,3.483166666666667
2025-05-05 10:00:00,3.6365,3.3056666666666668,2.3918166666666663,3.1886666666666668
2025-05-05 11:00:00,3.0930000000000004,2.3573333333333335,2.1109999999999998,2.8878333333333335
2025-05-05 12:00:00,3.068,1.6997833333333332,1.2856166666666666,1.8561666666666667
2025-05-05 13:00:00,1.8965,1.5338833333333333,0.2567833333333333,1.7258333333333333
2025-05-05 14:00:00,1.1654333333333333,0.9863666666666667,0.0,1.7226666666666666
2025-05-05 15:00:00,0.42194333333333334,0.67065,0.7328083333333333,1.7001666666666668
2025-05-05 16:00:00,0.36575,1.5417333333333334,0.2843916666666667,1.0762
2025-05-05 17:00:00,0.0004166666666666667,1.4415,0.36795333333333335,1.1187166666666668
2025-05-05 18:00:00,0.022916666666666665,0.20616666666666666,0.0,0.8139000000000001
2025-05-05 19:00:00,0.4483166666666667,0.33345,0.33999999999999997,1.5566
2025-05-05 20:00:00,0.16041666666666668,0.0,0.0,1.2079833333333334
2025-05-05 21:00:00,0.0,0.19907,0.0,1.7125
2025-05-05 22:00:00,0.0,0.2259833333333333,0.0,1.613
2025-05-05 23:00:00,0.0,0.43323666666666666,0.0,1.1219333333333334
2025-05-06 00:00:00,0.0,0.0,0.11625,0.15763333333333335
2025-05-06 01:00:00,0.19506666666666667,0.15698333333333334,0.34484166666666666,0.0
2025-05-06 02:00:00,1.8995666666666666,1.3196166666666664,1.4101,0.4935083333333333
2025-05-06 03:00:00,2.178166666666667,2.5195,2.2155,0.8704666666666667
2025-05-06 04:00:00,2.3553333333333333,1.8641666666666665,1.9328333333333334,1.3068333333333333
2025-05-06 05:00:00,2.6783333333333332,2.094666666666667,1.8298333333333334,2.203333333333333
2025-05-06 06:00:00,2.5881666666666665,1.1955500000000001,1.7256666666666667,1.7798333333333334
2025-05-06 07:00:00,2.1943333333333332,1.4341,2.096,2.0375
2025-05-06 08:00:00,2.3705,2.490666666666667,2.038,2.431833333333333
2025-05-06 09:00:00,2.997666666666667,1.6515,2.472166666666667,2.8741666666666665
2025-05-06 10:00:00,3.0453333333333332,2.023333333333333,2.6371666666666664,3.36
2025-05-06 11:00:00,2.7878333333333334,2.5349999999999997,2.930333333333333,3.117833333333333
2025-05-06 12:00:00,2.1723333333333334,2.618333333333333,2.7180000000000004,3.124
2025-05-06 13:00:00,0.6284833333333334,0.39028333333333337,1.7493333333333332,1.7100499999999998
2025-05-06 14:00:00,0.6766666666666666,0.21917,0.9224833333333333,0.76805
2025-05-06 15:00:00,0.47628333333333334,0.8745333333333334,1.3304333333333331,0.9148499999999999
2025-05-06 16:00:00,0.39355,0.7349333333333333,2.0276166666666664,0.8272
2025-05-06 17:00:00,0.07,1.1888666666666665,0.6453500000000001,1.0098333333333334
2025-05-06 18:00:00,0.32100833333333334,1.3442,1.0460333333333334,1.1058333333333332
2025-05-06 19:00:00,0.58405,0.7474166666666666,0.18173333333333333,0.9394666666666667
2025-05-06 20:00:00,0.4926333333333333,0.5700833333333333,0.18672666666666665,1.2623333333333333
2025-05-06 21:00:00,0.04741666666666667,0.4643,0.07943666666666667,1.2385
2025-05-06 22:00:00,0.1325,0.19464166666666666,0.68055,1.6205
2025-05-06 23:00:00,0.027500000000000004,0.00625,0.46044999999999997,1.1946666666666668
2025-05-07 00:00:00,1.19345,0.45816,0.0012500000000000002,0.7033
2025-05-07 01:00:00,3.4981666666666666,3.1165000000000003,2.559675,0.08665333333333333
2025-05-07 02:00:00,3.4245,3.386,3.344333333333333,1.4432333333333331
2025-05-07 03:00:00,3.6053333333333333,3.212,3.239333333333333,2.164
2025-05-07 04:00:00,4.303333333333333,3.2558333333333334,3.7766666666666664,2.888
2025-05-07 05:00:00,3.9885,3.1758333333333337,3.716333333333333,3.4215
2025-05-07 06:00:00,3.7015000000000002,2.6756,3.9123333333333337,2.8126666666666664
2025-05-07 07:00:00,4.447333333333333,1.97075,3.8440000000000003,3.1003333333333334
2025-05-07 08:00:00,3.748166666666667,3.0276666666666667,3.791333333333333,3.554333333333333
2025-05-07 09:00:00,3.9103333333333334,2.231666666666667,3.626,3.3425000000000002
2025-05-07 10:00:00,3.1743333333333337,3.1926666666666668,3.4116666666666666,3.55
2025-05-07 11:00:00,3.683333333333333,3.9285,3.3238333333333334,3.2145
2025-05-07 12:00:00,2.8381666666666665,4.087,4.004833333333333,3.7893333333333334
2025-05-07 13:00:00,2.2045000000000003,2.873166666666667,2.658666666666667,3.072666666666666
2025-05-07 14:00:00,1.4462000000000002,2.435166666666667,1.7431666666666668,1.7045
2025-05-07 15:00:00,1.4951166666666666,3.9818333333333333,2.432166666666667,1.932
2025-05-07 16:00:00,1.5036666666666667,4.101333333333333,1.7974999999999999,2.4598333333333335
2025-05-07 17:00:00,1.8101666666666667,4.774666666666667,2.5146666666666664,2.6281666666666665
2025-05-07 18:00:00,1.9235,3.169166666666667,1.5204666666666666,1.0202333333333333
2025-05-07 19:00:00,1.06805,3.047166666666667,0.6582,1.1126833333333332
2025-05-07 20:00:00,0.9981666666666666,2.4736666666666665,0.12253333333333334,1.18035
2025-05-07 21:00:00,0.9206833333333333,2.552,0.49420333333333333,0.7487333333333334
2025-05-07 22:00:00,0.6108,2.056166666666667,1.0678833333333335,0.023233333333333335
2025-05-07 23:00:00,0.5574,2.3085,0.8963333333333333,0.0
2025-05-08 00:00:00,0.6756666666666666,1.9791666666666667,0.7740333333333334,0.0
2025-05-08 01:00:00,1.9885,2.788,3.2678333333333334,0.16618333333333332
2025-05-08 02:00:00,3.2921666666666667,5.057666666666666,5.742,4.499833333333333
2025-05-08 03:00:00,4.515666666666666,6.521,6.654,6.233333333333333
2025-05-08 04:00:00,4.707666666666666,4.626833333333334,4.929,5.263999999999999
2025-05-08 05:00:00,3.809833333333333,4.5605,4.6659999999999995,4.5955
2025-05-08 06:00:00,3.979833333333333,4.226166666666667,4.203666666666667,4.4135
2025-05-08 07:00:00,3.2663333333333333,3.179333333333333,4.4735000000000005,3.358166666666667
2025-05-08 08:00:00,4.2956666666666665,3.413,4.5728333333333335,3.559166666666667
2025-05-08 09:00:00,3.5388333333333337,3.0895,2.3280000000000003,3.2636666666666665
2025-05-08 10:00:00,3.109,2.993666666666667,1.2426833333333334,3.1561666666666666
2025-05-08 11:00:00,2.980166666666667,3.2173333333333334,2.0275000000000003,2.616333333333333
2025-05-08 12:00:00,1.9513333333333334,2.1495,1.2104,1.5303333333333333
2025-05-08 13:00:00,1.8844999999999998,1.2653333333333334,0.5081333333333333,1.1139666666666665
2025-05-08 14:00:00,0.6256666666666667,1.1968333333333334,0.0,0.5274666666666666
2025-05-08 15:00:00,0.29286666666666666,1.1489,0.0,0.7280099999999999
2025-05-08 16:00:00,0.0018749999999999997,0.6589833333333334,0.0,0.8402833333333334
2025-05-08 17:00:00,0.5901666666666667,1.0224833333333332,0.0,1.7271666666666665
2025-05-08 18:00:00,0.48138333333333333,1.0201333333333333,0.0,1.9961666666666666
2025-05-08 19:00:00,0.19666666666666668,0.8113166666666667,0.0,1.6525
2025-05-08 20:00:00,0.5912166666666666,0.26003333333333334,0.0,1.7948333333333333
2025-05-08 21:00:00,0.25283666666666665,0.0,0.15796666666666667,2.091666666666667
2025-05-08 22:00:00,0.6614833333333333,0.15333333333333335,0.09376666666666668,1.9333333333333333
2025-05-08 23:00:00,1.0640833333333333,0.6660533333333334,0.0,2.1318333333333332
2025-05-09 00:00:00,0.19724999999999998,0.3975916666666667,0.454575,1.6471666666666667
2025-05-09 01:00:00,0.372075,0.75305,0.24941666666666668,1.0722999999999998
2025-05-09 02:00:00,0.8713333333333334,1.2295,1.08355,0.49456666666666665
2025-05-09 03:00:00,2.5248333333333335,1.3852166666666668,1.2836666666666665,0.8806666666666667
2025-05-09 04:00:00,2.827,2.421,2.3928166666666666,2.1563333333333334
2025-05-09 05:00:00,2.8491666666666666,1.7710000000000001,2.1503333333333337,2.355
2025-05-09 06:00:00,2.3495,1.2601,2.267333333333333,2.725
2025-05-09 07:00:00,2.6559999999999997,1.9091666666666667,2.3598333333333334,2.8875
2025-05-09 08:00:00,1.8713333333333333,1.1702166666666665,2.253333333333333,2.1435000000000004
2025-05-09 09:00:00,1.4698166666666665,1.0718333333333334,2.2025,2.0193333333333334
2025-05-09 10:00:00,1.8411666666666666,0.9490666666666667,2.0513333333333335,1.865
2025-05-09 11:00:00,1.3013166666666665,0.24425,1.584,1.742
2025-05-09 12:00:00,0.7125833333333333,0.0,0.7891333333333334,1.1107833333333335
2025-05-09 13:00:00,0.76505,0.08852666666666667,0.25454333333333334,0.8184666666666668
2025-05-09 14:00:00,0.7143999999999999,0.4203466666666667,0.5525916666666666,0.7928999999999999
2025-05-09 15:00:00,0.6000666666666666,0.77425,0.42525,1.5319666666666667
2025-05-09 16:00:00,0.31521000000000005,0.6970166666666666,0.0,2.1385
2025-05-09 17:00:00,1.0728333333333333,1.5138333333333334,0.046883333333333325,2.3973333333333335
2025-05-09 18:00:00,1.3961000000000001,1.3581666666666665,0.4064666666666667,2.2545
2025-05-09 19:00:00,1.4826666666666666,1.1340833333333333,0.07505833333333332,2.3268333333333335
2025-05-09 20:00:00,2.2704999999999997,1.4333333333333333,0.35673333333333335,2.243333333333333
2025-05-09 21:00:00,2.758,1.4188333333333332,0.5212083333333334,2.1425
2025-05-09 22:00:00,2.3756666666666666,1.1913333333333334,0.5700333333333333,2.193
2025-05-09 23:00:00,2.039833333333333,1.1200166666666667,0.7016166666666667,2.069166666666667
2025-05-10 00:00:00,2.7416666666666667,1.1514333333333333,0.17573333333333335,1.3908333333333334
2025-05-10 01:00:00,3.1978333333333335,2.487,2.64556,0.5487333333333333
2025-05-10 02:00:00,3.0959999999999996,3.766,3.9541666666666666,0.8869166666666667
2025-05-10 03:00:00,3.7725,4.6610000000000005,4.266333333333333,3.18
2025-05-10 04:00:00,3.914333333333333,5.417333333333334,4.651166666666667,5.208833333333333
2025-05-10 05:00:00,3.880333333333333,5.240666666666667,4.458333333333333,4.7775
2025-05-10 06:00:00,3.490666666666667,5.275833333333334,4.194,4.662999999999999
2025-05-10 07:00:00,3.546,4.7405,3.8968333333333334,4.692166666666667
2025-05-10 08:00:00,3.4048333333333334,4.6353333333333335,3.5458333333333334,4.660666666666667
2025-05-10 09:00:00,3.4426666666666668,4.576,3.4146666666666667,3.6598333333333333
2025-05-10 10:00:00,3.1226666666666665,2.7361666666666666,3.3583333333333334,3.993666666666667
2025-05-10 11:00:00,2.878,1.2918833333333335,1.5171333333333334,3.0555000000000003
2025-05-10 12:00:00,2.713,0.8398,1.5428333333333333,2.7841666666666667
2025-05-10 13:00:00,1.8861666666666668,0.505375,0.033549999999999996,1.6017333333333332
2025-05-10 14:00:00,0.53801,0.28673333333333334,0.0275,0.38641666666666663
2025-05-10 15:00:00,1.59495,2.077,0.6141833333333333,0.14350833333333332
2025-05-10 16:00:00,1.20775,1.9421666666666666,1.0277166666666666,1.9544833333333334
2025-05-10 17:00:00,1.5994666666666668,1.1193833333333332,0.5394166666666667,1.3037833333333333
2025-05-10 18:00:00,1.1930166666666666,0.78785,0.11230000000000001,0.32325333333333334
2025-05-10 19:00:00,1.0741333333333332,0.6917266666666666,0.28041666666666665,0.8629333333333332
2025-05-10 20:00:00,0.8078500000000001,0.3258433333333333,0.00625,0.4838166666666667
2025-05-10 21:00:00,0.2558666666666667,0.4981666666666667,0.27525,0.12407
2025-05-10 22:00:00,0.3559866666666667,0.05565833333333334,0.35481666666666667,0.9812666666666666
2025-05-10 23:00:00,0.6407666666666666,0.8802333333333333,0.10505833333333332,1.21465
2025-05-11 00:00:00,0.47335,0.10286,0.5838166666666667,1.22345
2025-05-11 01:00:00,0.9912666666666666,0.6189666666666667,0.48197500000000004,1.0273666666666668
2025-05-11 02:00:00,2.2545,1.2644,1.2292166666666666,0.8392166666666667
2025-05-11 03:00:00,2.7235,2.1191666666666666,2.6895000000000002,1.3016
2025-05-11 04:00:00,2.693,2.5188333333333333,2.485,1.9193333333333333
2025-05-11 05:00:00,3.3253333333333335,2.1559999999999997,2.6903333333333332,2.39
2025-05-11 06:00:00,2.4810000000000003,2.3216666666666668,2.2873333333333337,3.027833333333333
2025-05-11 07:00:00,2.7146666666666666,2.0085,1.6700666666666666,2.3048333333333333
2025-05-11 08:00:00,2.645166666666667,1.8116666666666668,2.4603333333333333,2.6275
2025-05-11 09:00:00,2.6719999999999997,1.8656666666666666,2.408,2.8515
2025-05-11 10:00:00,2.8335,1.8393833333333334,2.0536666666666665,2.2916666666666665
2025-05-11 11:00:00,3.0486666666666666,2.6015,2.521333333333333,2.8578333333333332
2025-05-11 12:00:00,2.946166666666667,2.789833333333333,2.5458333333333334,2.5483333333333333
2025-05-11 13:00:00,1.7031666666666667,3.165833333333333,1.7836666666666665,2.1998333333333333
2025-05-11 14:00:00,0.7641833333333333,3.2355,1.306,2.5166666666666666
2025-05-11 15:00:00,0.5326,3.541166666666667,0.9987499999999999,2.257166666666667
2025-05-11 16:00:00,0.44506666666666667,2.9465,1.04375,1.8983333333333334
2025-05-11 17:00:00,0.4275333333333334,1.7654999999999998,1.0174166666666666,1.8888333333333334
2025-05-11 18:00:00,0.2733333333333334,1.8333333333333333,0.18108333333333335,1.4483333333333335
2025-05-11 19:00:00,0.3770833333333333,2.1395,0.07085999999999999,1.4686666666666668
2025-05-11 20:00:00,0.08958333333333333,1.6498333333333333,0.1242,1.5225
2025-05-11 21:00:00,0.07,1.6965,0.0,1.2568333333333332
2025-05-11 22:00:00,0.15333333333333335,1.0563,0.0,1.1388500000000001
2025-05-11 23:00:00,0.0,1.0919333333333334,0.0,0.9250166666666666
2025-05-12 00:00:00,0.4377533333333333,1.6614833333333332,0.22924999999999998,0.87165
2025-05-12 01:00:00,1.8900000000000001,2.2475,1.9175166666666668,0.9016666666666667
2025-05-12 02:00:00,2.8594999999999997,4.298666666666667,4.805166666666667,1.39995
2025-05-12 03:00:00,3.2426666666666666,5.2435,4.4895000000000005,4.1505
2025-05-12 04:00:00,2.8365,4.877,4.503666666666667,3.631
2025-05-12 05:00:00,3.001833333333333,4.556333333333333,4.033666666666667,3.8515
2025-05-12 06:00:00,3.8088333333333333,3.6681666666666666,3.6123333333333334,3.501
2025-05-12 07:00:00,4.2011666666666665,3.7755,3.771,3.7430000000000003
2025-05-12 08:00:00,4.292166666666666,3.5548333333333333,3.2755,4.1530000000000005
2025-05-12 09:00:00,3.8241666666666663,2.6243333333333334,2.9493333333333336,4.100333333333333
2025-05-12 10:00:00,3.4271666666666665,2.494333333333333,3.185166666666667,3.8535
2025-05-12 11:00:00,3.4151666666666665,3.2386666666666666,2.9691666666666667,3.6245
2025-05-12 12:00:00,2.6155,3.4324999999999997,3.1301666666666668,3.0833333333333335
2025-05-12 13:00:00,1.5735,3.317833333333333,2.1823333333333332,2.2761666666666667
2025-05-12 14:00:00,0.9766,3.8353333333333333,1.9571666666666665,2.2198333333333333
2025-05-12 15:00:00,1.1136666666666666,3.9886666666666666,1.6708333333333334,1.962
2025-05-12 16:00:00,0.70025,4.600333333333333,1.4634666666666665,2.155333333333333
2025-05-12 17:00:00,1.2929833333333334,4.851333333333333,1.13335,1.7605
2025-05-12 18:00:00,0.7587666666666667,4.151,0.9582166666666667,1.587
2025-05-12 19:00:00,0.5658666666666666,2.598783333333333,0.4303,1.5378333333333332
2025-05-12 20:00:00,0.22856666666666667,0.40593333333333337,0.0,1.4976666666666667
2025-05-12 21:00:00,0.015000000000000001,0.41304166666666664,0.0,1.3636666666666666
2025-05-12 22:00:00,0.20053333333333334,0.8771833333333333,0.0,1.1333333333333333
2025-05-12 23:00:00,0.41805,0.6726166666666666,0.0,1.3054999999999999
2025-05-13 00:00:00,0.0,0.28123333333333334,0.0,0.8610333333333333
2025-05-13 01:00:00,0.76442,0.05933666666666667,0.18589333333333333,1.1209333333333333
2025-05-13 02:00:00,2.0205,1.3700333333333332,1.40635,0.5908666666666667
2025-05-13 03:00:00,3.418,1.6791666666666667,2.1363333333333334,1.1249833333333332
2025-05-13 04:00:00,2.9566666666666666,1.5386,1.4537333333333333,1.5130000000000001
2025-05-13 05:00:00,2.7021666666666664,1.4169833333333335,1.7211666666666665,1.2293999999999998
2025-05-13 06:00:00,2.9688333333333334,1.5605166666666668,1.6770666666666665,2.0471666666666666
2025-05-13 07:00:00,2.980166666666667,1.4020833333333333,1.5848333333333333,1.7601666666666667
2025-05-13 08:00:00,2.356333333333333,1.3528833333333334,1.7719999999999998,2.4271666666666665
2025-05-13 09:00:00,2.219,1.5703333333333334,2.0821666666666667,2.2118333333333333
2025-05-13 10:00:00,1.93,0.9926499999999999,1.906,2.4406666666666665
2025-05-13 11:00:00,1.2979999999999998,1.4300666666666666,1.7175166666666668,2.2191666666666667
2025-05-13 12:00:00,1.02875,0.6710666666666667,1.1048833333333334,1.5617833333333333
2025-05-13 13:00:00,0.2851416666666667,0.3543833333333334,0.49619166666666664,1.1141
2025-05-13 14:00:00,0.6433666666666666,0.36208666666666667,0.6968833333333334,0.6897
2025-05-13 15:00:00,0.43273333333333336,0.18881,0.31135,1.5428333333333333
2025-05-13 16:00:00,0.12191,0.47061,0.0,2.0326666666666666
2025-05-13 17:00:00,0.43363333333333337,1.0284,0.0,2.359166666666667
2025-05-13 18:00:00,0.42158333333333337,0.98155,0.0,2.2501666666666664
2025-05-13 19:00:00,0.8201,0.9305333333333333,0.0,2.3601666666666667
2025-05-13 20:00:00,0.8355333333333334,0.8469666666666666,0.0,2.3381666666666665
2025-05-13 21:00:00,0.60935,1.0755666666666668,0.0,2.381333333333333
2025-05-13 22:00:00,1.4275499999999999,1.2838666666666667,0.27345,2.081166666666667
2025-05-13 23:00:00,1.9703333333333333,1.3591666666666666,0.0,2.153833333333333
2025-05-14 00:00:00,2.0536666666666665,1.3173333333333332,0.0,1.7978333333333334
2025-05-14 01:00:00,2.7366666666666664,1.4661666666666666,0.17115,1.25625
2025-05-14 02:00:00,2.832666666666667,2.120833333333333,2.5981666666666663,0.5830833333333333
2025-05-14 03:00:00,3.492833333333333,3.9018333333333337,4.174666666666666,2.016
2025-05-14 04:00:00,3.972166666666667,5.0125,4.230666666666667,4.422666666666667
2025-05-14 05:00:00,4.014666666666667,5.177499999999999,5.0975,4.486000000000001
2025-05-14 06:00:00,4.429,5.463833333333333,4.909666666666666,5.276
2025-05-14 07:00:00,4.125666666666667,5.602166666666666,5.379166666666666,5.835
2025-05-14 08:00:00,4.248166666666667,5.885000000000001,5.076833333333334,6.309166666666667
2025-05-14 09:00:00,4.785833333333333,6.604833333333334,6.054666666666666,6.385833333333333
2025-05-14 10:00:00,4.8101666666666665,7.257000000000001,6.819833333333333,6.541333333333333
2025-05-14 11:00:00,4.695666666666667,7.077166666666667,5.745500000000001,5.821333333333333
2025-05-14 12:00:00,4.0465,5.5415,5.246666666666667,5.510166666666667
2025-05-14 13:00:00,2.7003333333333335,3.3883333333333336,3.6406666666666667,4.4383333333333335
2025-05-14 14:00:00,2.2976666666666667,2.691333333333333,3.012,3.4388333333333336
2025-05-14 15:00:00,2.5268333333333333,3.0991666666666666,2.984666666666667,3.2068333333333334
2025-05-14 16:00:00,3.0944999999999996,3.758,3.2203333333333335,3.3215
2025-05-14 17:00:00,2.885,3.507833333333333,3.3920000000000003,3.2838333333333334
2025-05-14 18:00:00,2.9526666666666666,3.6756666666666664,4.144,3.7718333333333334
2025-05-14 19:00:00,2.9178333333333333,4.391666666666667,4.793166666666666,4.9511666666666665
2025-05-14 20:00:00,3.482666666666667,5.136166666666667,5.36,5.584333333333333
2025-05-14 21:00:00,4.555833333333334,6.021333333333333,5.5055,6.601333333333333
2025-05-14 22:00:00,4.412833333333333,6.414833333333333,5.343666666666667,6.489
2025-05-14 23:00:00,4.190333333333333,3.944666666666667,4.633833333333333,6.596
2025-05-15 00:00:00,5.034666666666666,1.35175,3.070333333333333,5.544
2025-05-15 01:00:00,4.370833333333334,1.2966833333333334,1.5221666666666667,3.3385000000000002
2025-05-15 02:00:00,3.3641666666666667,1.2511833333333333,2.2008,3.8281666666666667
2025-05-15 03:00:00,4.267666666666667,2.3733333333333335,2.729,3.515833333333333
2025-05-15 04:00:00,4.9675,4.4355,4.329833333333334,5.28
2025-05-15 05:00:00,4.903666666666666,4.7603333333333335,4.500666666666667,5.5305
2025-05-15 06:00:00,5.0845,6.408166666666667,4.998,4.915166666666667
2025-05-15 07:00:00,4.666833333333333,6.575,5.308666666666666,6.3340000000000005
2025-05-15 08:00:00,5.171,6.6375,5.3021666666666665,6.8095
2025-05-15 09:00:00,4.9225,3.8618333333333337,2.9405,5.465166666666667
2025-05-15 10:00:00,3.385,2.6430333333333333,1.5655333333333334,4.540166666666667
2025-05-15 11:00:00,5.118333333333334,2.247,1.93625,4.626166666666666
2025-05-15 12:00:00,4.005,2.906833333333333,1.4015666666666666,3.0469999999999997
2025-05-15 13:00:00,3.189833333333333,4.3145,2.9183333333333334,3.3890000000000002
2025-05-15 14:00:00,2.325,3.5373333333333337,2.722166666666667,2.211
2025-05-15 15:00:00,3.0551666666666666,3.1368333333333336,2.6405000000000003,2.4656666666666665
2025-05-15 16:00:00,3.6574999999999998,3.818,2.839,2.942833333333333
2025-05-15 17:00:00,3.2728333333333333,3.6911666666666667,2.991,2.993666666666667
2025-05-15 18:00:00,3.8373333333333335,3.366333333333333,2.539833333333333,2.592833333333333
2025-05-15 19:00:00,1.712,3.053166666666667,2.8153333333333332,2.9255
2025-05-15 20:00:00,2.0185,1.8748333333333334,3.1441666666666666,3.1981666666666664
2025-05-15 21:00:00,2.6443333333333334,1.7631666666666668,3.193,3.126
2025-05-15 22:00:00,2.4126666666666665,1.8711666666666666,2.6746666666666665,2.3328333333333333
2025-05-15 23:00:00,2.6704999999999997,1.7018333333333333,2.3021666666666665,1.6953333333333334
2025-05-16 00:00:00,3.1734999999999998,1.8926666666666667,2.682666666666667,2.4856666666666665
2025-05-16 01:00:00,3.470666666666667,3.557666666666667,3.8661666666666665,4.842
2025-05-16 02:00:00,4.155166666666667,5.695666666666667,5.030166666666667,5.952333333333333
2025-05-16 03:00:00,4.0405,6.2748333333333335,5.745333333333334,6.202166666666667
2025-05-16 04:00:00,4.328166666666666,6.539333333333333,6.054666666666666,6.514166666666667
2025-05-16 05:00:00,5.116833333333333,7.001,6.070833333333334,6.697
2025-05-16 06:00:00,4.9905,6.087999999999999,4.836333333333333,5.613666666666666
2025-05-16 07:00:00,4.977,7.5835,6.275,7.7125
2025-05-16 08:00:00,4.287166666666667,6.522833333333334,6.550166666666667,6.807
2025-05-16 09:00:00,1.8922166666666667,6.222833333333333,6.541666666666667,5.915666666666667
2025-05-16 10:00:00,1.8100333333333334,1.2515500000000002,1.8169666666666666,5.150166666666666
2025-05-16 11:00:00,1.4394833333333332,2.400316666666667,1.9693333333333334,3.530333333333333
2025-05-16 12:00:00,2.7635,4.009666666666667,3.1943333333333332,3.2133333333333334
2025-05-16 13:00:00,2.646333333333333,2.7875,2.9795000000000003,3.0465
2025-05-16 14:00:00,2.5745,1.4015166666666665,1.9351666666666667,1.6143333333333334
2025-05-16 15:00:00,2.7996666666666665,1.33015,1.585,2.2878333333333334
2025-05-16 16:00:00,2.3186666666666667,1.9279,1.2097333333333333,2.044
2025-05-16 17:00:00,1.5706666666666667,2.0116666666666667,1.9226666666666667,2.256333333333333
2025-05-16 18:00:00,1.8053333333333332,2.482666666666667,2.256666666666667,2.2693333333333334
2025-05-16 19:00:00,2.338833333333333,1.8706666666666665,2.960166666666667,2.8564999999999996
2025-05-16 20:00:00,2.7381666666666664,2.5231666666666666,3.7638333333333334,3.1536666666666666
2025-05-16 21:00:00,2.7363333333333335,2.5323333333333333,3.2483333333333335,2.2925
2025-05-16 22:00:00,2.4223333333333334,2.8328333333333333,3.7903333333333333,2.6911666666666667
2025-05-16 23:00:00,3.0373333333333337,3.3616666666666664,4.256833333333334,3.368333333333333
2025-05-17 00:00:00,3.7285,3.925833333333333,4.583333333333333,4.2556666666666665
2025-05-17 01:00:00,3.823166666666667,3.9425000000000003,4.643666666666666,4.8895
2025-05-17 02:00:00,3.9615,5.4055,5.021166666666667,5.430666666666666
2025-05-17 03:00:00,4.7405,7.468166666666666,6.0115,6.598
2025-05-17 04:00:00,5.012166666666667,6.9831666666666665,5.906333333333333,6.682333333333333
2025-05-17 05:00:00,5.088,6.520666666666667,5.641333333333334,7.273
2025-05-17 06:00:00,4.872833333333333,6.872,6.5216666666666665,7.281333333333333
2025-05-17 07:00:00,5.769833333333334,6.9805,6.4795,7.848
2025-05-17 08:00:00,4.8945,6.9591666666666665,5.888833333333333,7.576333333333333
2025-05-17 09:00:00,4.794833333333333,5.635833333333333,4.576666666666667,5.4525
2025-05-17 10:00:00,3.274,2.693166666666667,2.8201666666666667,4.337833333333333
2025-05-17 11:00:00,2.6258333333333335,1.2436166666666668,1.13135,1.5139333333333334
2025-05-17 12:00:00,1.2186666666666668,1.09855,1.10985,1.1341999999999999
2025-05-17 13:00:00,1.2468166666666667,1.1191666666666669,1.6466666666666667,1.1450166666666666
2025-05-17 14:00:00,1.2265000000000001,1.2948166666666667,1.5663333333333334,1.6203333333333334
2025-05-17 15:00:00,1.4856666666666667,1.7843333333333333,2.3198333333333334,1.9263333333333332
2025-05-17 16:00:00,2.559833333333333,3.1510000000000002,3.3493333333333335,2.992833333333333
2025-05-17 17:00:00,2.516,2.4536666666666664,2.6944999999999997,2.7355
2025-05-17 18:00:00,2.302,2.1515,2.659666666666667,1.9793333333333334
2025-05-17 19:00:00,2.4443333333333332,2.2255,2.6761666666666666,1.0833166666666665
2025-05-17 20:00:00,2.5621666666666667,3.226,3.356333333333333,1.1863666666666668
2025-05-17 21:00:00,2.6251666666666664,3.9498333333333333,3.3633333333333337,1.7411666666666668
2025-05-17 22:00:00,2.3943333333333334,3.406833333333333,3.0366666666666666,1.9126666666666667
2025-05-17 23:00:00,2.177333333333333,3.4395000000000002,2.6143333333333336,1.7746666666666668
2025-05-18 00:00:00,2.521666666666667,3.0069999999999997,2.8666666666666667,2.5748333333333333
2025-05-18 01:00:00,2.981333333333333,3.8609999999999998,3.6985,2.748666666666667
2025-05-18 02:00:00,3.538,4.763999999999999,4.260666666666666,4.2651666666666666
2025-05-18 03:00:00,4.229333333333333,5.0655,4.722833333333333,5.252833333333333
2025-05-18 04:00:00,3.6944999999999997,5.387833333333333,4.546166666666666,5.041333333333333
2025-05-18 05:00:00,3.8103333333333333,5.423666666666667,4.9751666666666665,5.740833333333333
2025-05-18 06:00:00,3.592,5.696666666666667,4.929666666666666,5.652666666666667
2025-05-18 07:00:00,3.324,3.7083333333333335,5.0841666666666665,7.0040000000000004
2025-05-18 08:00:00,3.7310000000000003,5.314333333333334,6.272833333333334,7.4225
2025-05-18 09:00:00,5.004333333333333,5.671666666666667,5.8885,5.575833333333334
2025-05-18 10:00:00,2.0101666666666667,4.197166666666667,4.004833333333333,5.636166666666667
2025-05-18 11:00:00,1.5168333333333335,3.049,3.545,4.602166666666666
2025-05-18 12:00:00,2.2704999999999997,1.9932833333333333,1.7833333333333334,2.4876666666666667
2025-05-18 13:00:00,1.2684166666666667,0.8625666666666666,1.0435166666666666,1.3433333333333333
2025-05-18 14:00:00,1.6478333333333335,1.1182833333333333,1.2739833333333332,0.19106666666666666
2025-05-18 15:00:00,1.9495,1.6373333333333333,1.3665833333333335,0.6559633333333333
2025-05-18 16:00:00,1.9593333333333334,2.1405000000000003,1.6201666666666665,0.41386666666666666
2025-05-18 17:00:00,2.034,2.6758333333333337,2.1588333333333334,0.5748166666666666
2025-05-18 18:00:00,2.5825,3.4403333333333332,2.7485,2.7378333333333336
2025-05-18 19:00:00,2.5855,4.002833333333333,3.1116666666666664,2.8321666666666667
2025-05-18 20:00:00,2.5215,4.336,3.1363333333333334,2.5911666666666666
2025-05-18 21:00:00,2.8121666666666667,3.376833333333333,3.2905,3.1319999999999997
2025-05-18 22:00:00,2.4665000000000004,3.5741666666666663,3.582,3.5988333333333333
2025-05-18 23:00:00,2.6569999999999996,4.434,3.7045000000000003,3.969333333333333
2025-05-19 00:00:00,3.1595,4.693666666666667,3.892333333333333,4.492666666666667
2025-05-19 01:00:00,3.264333333333333,4.8229999999999995,3.7023333333333333,4.8534999999999995
2025-05-19 02:00:00,3.6891666666666665,4.6825,3.1491666666666664,4.598333333333333
2025-05-19 03:00:00,4.1194999999999995,4.8501666666666665,3.208666666666667,4.738333333333333
2025-05-19 04:00:00,3.1438333333333333,3.9733333333333336,3.8261666666666665,4.748333333333333
2025-05-19 05:00:00,2.642333333333333,3.646,4.252,5.272833333333334
2025-05-19 06:00:00,3.1584999999999996,4.381,4.178,5.489333333333334
2025-05-19 07:00:00,3.3186666666666667,4.768,4.4334999999999996,5.142833333333333
2025-05-19 08:00:00,2.551,3.9979999999999998,3.9165,5.031833333333334
2025-05-19 09:00:00,2.1618,3.3960000000000004,3.5794,4.5489999999999995
2025-05-19 10:00:00,1.431010028653295,2.9557593123209167,2.7901969914040112,4.105214899713467
2025-05-19 11:00:00,1.3633333333333333,2.1616666666666666,2.6885,3.2395
2025-05-19 12:00:00,0.9758166666666667,1.4261666666666668,1.7616666666666667,2.7186666666666666
2025-05-19 13:00:00,0.8697333333333332,1.5270000000000001,1.0818833333333333,1.829
2025-05-19 14:00:00,1.2484,1.3283,1.5001666666666666,1.4576666666666667
2025-05-19 15:00:00,1.1959166666666665,0.9927499999999999,1.2533333333333334,1.0696166666666664
2025-05-19 16:00:00,0.8251833333333334,0.8982,1.5330000000000001,0.9471166666666666
2025-05-19 17:00:00,1.06325,0.30741666666666667,1.0136166666666666,1.0005833333333334
2025-05-19 18:00:00,0.7039833333333333,0.3944266666666667,0.9773666666666667,0.7286833333333332
2025-05-19 19:00:00,0.5729333333333333,1.1047666666666667,1.0694166666666667,0.03896666666666667
2025-05-19 20:00:00,0.22974166666666665,0.26516666666666666,0.5822833333333333,0.32909166666666667
2025-05-19 21:00:00,0.3378166666666667,0.07188333333333333,0.61505,0.09595
2025-05-19 22:00:00,0.6794933333333333,0.6748666666666666,0.38552,0.0
2025-05-19 23:00:00,0.5471,0.41124333333333335,0.15948333333333334,0.211725
2025-05-20 00:00:00,0.26498333333333335,0.6330166666666667,0.2718833333333333,0.40548333333333336
2025-05-20 01:00:00,1.1495666666666666,0.8936166666666667,1.0451166666666667,0.2429166666666667
2025-05-20 02:00:00,1.3821,1.2273666666666665,1.436,0.6276833333333334
2025-05-20 03:00:00,1.2992833333333331,1.3816833333333334,1.385,0.9845666666666666
2025-05-20 04:00:00,1.1399833333333333,0.8692833333333334,0.9894333333333333,0.7546333333333333
2025-05-20 05:00:00,1.0917833333333333,1.2217500000000001,1.0939,1.0871166666666667
2025-05-20 06:00:00,1.3163333333333334,1.7886666666666666,1.0511333333333333,1.2937
2025-05-20 07:00:00,1.18895,1.2847333333333333,1.11615,1.0355833333333333
2025-05-20 08:00:00,2.08,1.8116666666666668,1.6436666666666668,0.9830333333333333
2025-05-20 09:00:00,1.7427833333333331,1.7662499999999999,1.8418333333333334,1.1351333333333333
2025-05-20 10:00:00,1.6764000000000001,1.8023333333333333,1.5541666666666667,0.52965
2025-05-20 11:00:00,1.2871166666666667,1.4195,1.2083000000000002,0.4133766666666666
2025-05-20 12:00:00,0.6829000000000001,1.4015,0.38861,1.1721833333333334
2025-05-20 13:00:00,0.7724166666666666,1.1265500000000002,0.61022,1.791
2025-05-20 14:00:00,0.06093666666666667,0.4579416666666667,0.12086666666666666,1.0181
2025-05-20 15:00:00,0.9436333333333332,1.4528,0.0,1.2018166666666665
2025-05-20 16:00:00,0.47755000000000003,1.5631666666666668,0.19718333333333332,1.6596666666666666
2025-05-20 17:00:00,1.9806833333333331,1.0750166666666667,0.22632666666666665,2.057
2025-05-20 18:00:00,1.9433333333333331,1.3615,0.015416666666666667,2.2064999999999997
2025-05-20 19:00:00,2.0401666666666665,0.75605,0.6212333333333333,2.0833333333333335
2025-05-20 20:00:00,2.096,1.1042666666666667,0.08333333333333333,2.1228333333333333
2025-05-20 21:00:00,2.9283333333333332,0.9025833333333334,0.167175,1.9221666666666666
2025-05-20 22:00:00,2.835,1.6451666666666667,0.12682666666666667,1.8873333333333333
2025-05-20 23:00:00,2.8975,2.3018333333333336,0.27823333333333333,1.894
2025-05-21 00:00:00,3.4631666666666665,2.022,0.8366833333333333,1.1614
2025-05-21 01:00:00,3.1608333333333336,2.3246666666666664,2.7895,0.94285
2025-05-21 02:00:00,3.0588333333333333,2.7096666666666667,2.890833333333333,2.6606666666666663
2025-05-21 03:00:00,3.409666666666667,2.905333333333333,3.548,3.2823333333333333
2025-05-21 04:00:00,3.0486666666666666,3.9088333333333334,3.7606666666666664,4.236833333333333
2025-05-21 05:00:00,3.572666666666667,4.697166666666666,3.984,4.2891666666666675
2025-05-21 06:00:00,3.768666666666667,4.876,4.237333333333334,4.442666666666667
2025-05-21 07:00:00,3.582666666666667,4.206166666666666,5.115833333333333,5.1498333333333335
2025-05-21 08:00:00,3.315166666666667,4.415166666666667,4.894666666666667,5.607166666666667
2025-05-21 09:00:00,4.248666666666667,4.916833333333333,5.828166666666666,6.17
2025-05-21 10:00:00,3.3146666666666667,4.484166666666667,4.807666666666666,6.642333333333334
2025-05-21 11:00:00,3.2996666666666665,4.936166666666667,3.967,4.794
2025-05-21 12:00:00,2.319666666666667,3.4005,3.6881666666666666,4.964166666666667
2025-05-21 13:00:00,1.911,2.131333333333333,2.4069999999999996,3.6748333333333334
2025-05-21 14:00:00,2.122,1.7641666666666667,1.5481666666666667,1.3844
2025-05-21 15:00:00,2.2736666666666663,1.7156666666666667,2.3815,0.15305
2025-05-21 16:00:00,2.2603333333333335,1.3685,1.5551,1.4241666666666668
2025-05-21 17:00:00,2.2478333333333333,1.5821666666666667,0.9442666666666667,1.0892666666666666
2025-05-21 18:00:00,2.3680000000000003,1.661,0.9148,1.0750333333333333
2025-05-21 19:00:00,2.719666666666667,1.7951666666666666,1.1190666666666667,1.4086666666666665
2025-05-21 20:00:00,3.5788333333333333,1.8298333333333332,1.18545,1.1863
2025-05-21 21:00:00,2.9219999999999997,1.4805,1.3028666666666666,1.5934833333333331
2025-05-21 22:00:00,1.9363333333333332,1.5822333333333334,2.316666666666667,0.8268166666666666
2025-05-21 23:00:00,1.6413333333333333,1.7414999999999998,2.533333333333333,1.7340499999999999
2025-05-22 00:00:00,2.5633333333333335,3.0051666666666668,3.3603333333333336,3.352
2025-05-22 01:00:00,2.739333333333333,4.245166666666667,3.5603333333333333,4.4126666666666665
2025-05-22 02:00:00,3.2591666666666668,3.8983333333333334,3.051,3.722166666666667
2025-05-22 03:00:00,2.6835,3.5015,3.0223333333333335,3.4415
2025-05-22 04:00:00,2.878333333333333,3.244666666666667,3.4875,3.518666666666667
2025-05-22 05:00:00,2.9875,3.4323333333333332,3.714833333333333,3.4778333333333333
2025-05-22 06:00:00,3.0401666666666665,3.066333333333333,3.2834999999999996,3.051
2025-05-22 07:00:00,2.897,2.844,3.342,2.3209999999999997
2025-05-22 08:00:00,3.4196666666666666,4.478,3.4676666666666667,3.318833333333333
2025-05-22 09:00:00,3.677333333333334,5.639166666666667,4.597666666666667,5.972833333333333
2025-05-22 10:00:00,3.847666666666667,5.7645,5.023166666666667,4.922833333333333
2025-05-22 11:00:00,3.0300000000000002,3.646333333333333,3.6790000000000003,4.524166666666667
2025-05-22 12:00:00,3.36,4.536833333333333,3.9741666666666666,5.260000000000001
2025-05-22 13:00:00,3.8645,5.215333333333334,4.749666666666667,6.495
2025-05-22 14:00:00,3.1666666666666665,5.323333333333333,4.422833333333333,6.193833333333333
2025-05-22 15:00:00,2.1635,2.4225,2.4878333333333336,3.332333333333333
2025-05-22 16:00:00,1.9386666666666665,2.0613333333333332,2.4353333333333333,2.2928333333333333
2025-05-22 17:00:00,1.7368333333333332,2.3408333333333333,2.444666666666667,3.527333333333333
2025-05-22 18:00:00,1.7518333333333334,1.0533,1.3325166666666666,1.2442333333333333
2025-05-22 19:00:00,1.6016666666666666,1.3240833333333333,0.253525,2.03905
2025-05-22 20:00:00,1.5925,1.2499666666666667,0.16548333333333334,1.9581666666666666
2025-05-22 21:00:00,2.1021666666666667,1.5354999999999999,0.0,2.1246666666666667
2025-05-22 22:00:00,2.0173333333333336,1.274,0.0,1.8539999999999999
2025-05-22 23:00:00,3.0020000000000002,1.6484999999999999,0.09040333333333334,2.1665
2025-05-23 00:00:00,3.5258333333333334,2.181833333333333,0.9516333333333333,1.3207833333333334
2025-05-23 01:00:00,3.2873333333333337,2.7093333333333334,3.081166666666667,0.5966666666666666
2025-05-23 02:00:00,3.662,3.4268333333333336,3.1383333333333336,2.2598833333333332
2025-05-23 03:00:00,3.372333333333333,3.4948333333333332,4.199833333333333,4.4225
2025-05-23 04:00:00,4.133666666666667,4.5365,4.702,3.7933333333333334
2025-05-23 05:00:00,3.7823333333333333,4.1505,4.1725,4.846333333333333
2025-05-23 06:00:00,3.793,3.8276666666666666,4.715333333333334,5.5024999999999995
2025-05-23 07:00:00,3.293,4.688999999999999,5.325,5.765666666666666
2025-05-23 08:00:00,3.8,4.7843333333333335,5.226333333333333,5.9094999999999995
2025-05-23 09:00:00,3.496666666666667,6.3965000000000005,5.710166666666667,6.007333333333333
2025-05-23 10:00:00,4.441833333333333,6.394,5.227666666666667,6.059833333333333
2025-05-23 11:00:00,2.5723333333333334,3.978833333333333,3.3160000000000003,3.8063333333333333
2025-05-23 12:00:00,2.2078333333333333,2.9650000000000003,3.2328333333333332,3.7753333333333337
2025-05-23 13:00:00,2.1355,2.1363333333333334,2.416166666666667,2.7728333333333333
2025-05-23 14:00:00,2.3126666666666664,2.124,1.7503333333333333,1.3754833333333332
2025-05-23 15:00:00,2.5995,1.884,1.3401,0.2955083333333333
2025-05-23 16:00:00,3.0566666666666666,1.7534999999999998,1.81745,1.3448166666666668
2025-05-23 17:00:00,3.4315,1.7968333333333333,1.31985,1.1615166666666668
2025-05-23 18:00:00,2.7318333333333333,1.4268333333333334,1.9748333333333332,0.7499166666666667
2025-05-23 19:00:00,2.1535,1.8006666666666669,0.6269666666666667,1.3052333333333335
2025-05-23 20:00:00,3.2071666666666667,1.8293333333333335,0.9724333333333333,1.5915
2025-05-23 21:00:00,3.475,1.8396666666666666,0.5980833333333333,1.3373333333333333
2025-05-23 22:00:00,3.3676666666666666,1.9813333333333332,0.5944299999999999,1.2346333333333335
2025-05-23 23:00:00,3.0105,2.045,1.1198333333333332,1.427
2025-05-24 00:00:00,3.2078333333333333,2.1491666666666664,2.427833333333333,1.0878666666666668
2025-05-24 01:00:00,3.2205,3.0156666666666667,3.5436666666666667,1.9492
2025-05-24 02:00:00,2.9766666666666666,3.294166666666667,3.608166666666667,3.988833333333333
2025-05-24 03:00:00,3.1491666666666664,3.6681666666666666,3.5403333333333333,4.246833333333333
2025-05-24 04:00:00,2.4808333333333334,3.693,3.7045000000000003,3.7516666666666665
2025-05-24 05:00:00,2.8015,3.4475,3.7864999999999998,3.6248333333333336
2025-05-24 06:00:00,2.3393333333333333,3.583833333333333,3.9435000000000002,4.2805
2025-05-24 07:00:00,3.581,4.077,3.3376666666666663,3.256666666666667
2025-05-24 08:00:00,3.4665000000000004,3.4,3.446166666666667,3.438
2025-05-24 09:00:00,2.988,3.8609999999999998,3.8040000000000003,3.356666666666667
2025-05-24 10:00:00,3.1574999999999998,3.4995,3.740333333333333,3.5813333333333333
2025-05-24 11:00:00,2.682166666666667,3.6486666666666663,3.5156666666666667,3.7973333333333334
2025-05-24 12:00:00,1.899,2.8873333333333333,2.4691666666666667,2.6708333333333334
2025-05-24 13:00:00,0.9142499999999999,1.5996666666666668,1.4928333333333332,1.6416499999999998
2025-05-24 14:00:00,1.0481500000000001,0.8841666666666667,0.36003,1.3507166666666668
2025-05-24 15:00:00,0.8792666666666666,1.9638333333333333,0.18516333333333332,2.6118333333333337
2025-05-24 16:00:00,1.1694333333333333,2.430833333333333,0.0,2.8521666666666667
2025-05-24 17:00:00,1.7348333333333334,2.768333333333333,1.1540833333333333,1.7020666666666666
2025-05-24 18:00:00,2.3535,1.5183333333333333,0.6349,2.024
2025-05-24 19:00:00,2.6426666666666665,1.5891666666666666,0.027816666666666667,2.1765
2025-05-24 20:00:00,2.5506666666666664,1.9255,0.10738333333333333,2.3675
2025-05-24 21:00:00,2.7661666666666664,2.3373333333333335,0.45260000000000006,2.4643333333333337
2025-05-24 22:00:00,2.958833333333333,2.427833333333333,0.3704916666666667,2.0148333333333333
2025-05-24 23:00:00,2.970666666666667,2.7646666666666664,0.5219666666666667,2.258166666666667
2025-05-25 00:00:00,2.5906666666666665,3.5781666666666667,1.26555,2.2928333333333333
2025-05-25 01:00:00,3.6708333333333334,4.191166666666667,2.4406666666666665,2.4466666666666668
2025-05-25 02:00:00,4.543333333333334,3.935666666666667,2.8875,2.753
2025-05-25 03:00:00,4.580333333333333,4.308333333333334,3.0573333333333332,3.1636666666666664
2025-05-25 04:00:00,4.853666666666666,4.255333333333334,2.623666666666667,2.350016666666667
2025-05-25 05:00:00,4.295166666666666,4.231833333333333,2.9508333333333336,3.5281666666666665
2025-05-25 06:00:00,3.835,3.8513333333333337,2.7359999999999998,3.329333333333333
2025-05-25 07:00:00,3.77,3.442,2.515833333333333,1.1525833333333333
2025-05-25 08:00:00,4.521166666666667,3.2641666666666667,1.843,1.7511666666666665
2025-05-25 09:00:00,3.5491666666666664,3.1383333333333336,1.6145,1.9468333333333334
2025-05-25 10:00:00,2.754833333333333,2.1108333333333333,1.0903500000000002,1.5074
2025-05-25 11:00:00,2.919166666666667,1.9441666666666668,1.0377333333333332,1.1451833333333332
2025-05-25 12:00:00,2.9998333333333336,2.614,1.3487833333333332,1.8256666666666668
2025-05-25 13:00:00,2.877666666666667,2.7041666666666666,0.9774166666666667,2.0705
2025-05-25 14:00:00,3.2426666666666666,2.6551666666666667,0.6851666666666667,1.9818333333333333
2025-05-25 15:00:00,3.244,2.4526666666666666,0.3859666666666667,1.975
2025-05-25 16:00:00,3.8775,1.9346666666666665,0.3243916666666667,2.0385
2025-05-25 17:00:00,3.6348333333333334,1.6898333333333333,0.9080333333333334,1.5375
2025-05-25 18:00:00,3.291,1.5826666666666667,0.2709266666666667,1.361
2025-05-25 19:00:00,3.7998333333333334,1.7489999999999999,0.9469333333333334,1.9608333333333334
2025-05-25 20:00:00,3.1445000000000003,1.4423333333333335,1.1526500000000002,1.2118499999999999
2025-05-25 21:00:00,2.3505,1.7443333333333333,2.4488333333333334,0.7665666666666666
2025-05-25 22:00:00,2.6574999999999998,1.7049999999999998,2.984166666666667,0.11860833333333334
2025-05-25 23:00:00,2.183666666666667,1.8975,3.347166666666667,1.2249333333333332
2025-05-26 00:00:00,2.434166666666667,2.4843333333333333,3.3523333333333336,2.5736666666666665
2025-05-26 01:00:00,2.6888333333333336,3.4485,3.696166666666667,3.443166666666667
2025-05-26 02:00:00,2.9886666666666666,4.356833333333333,3.5968333333333335,3.4758333333333336
2025-05-26 03:00:00,2.5556666666666668,3.694,3.568833333333333,3.5461666666666667
2025-05-26 04:00:00,2.8913333333333333,3.8868333333333336,3.591,3.3256666666666663
2025-05-26 05:00:00,3.333833333333333,4.661333333333333,3.6233333333333335,3.882166666666667
2025-05-26 06:00:00,3.9074999999999998,5.045166666666666,4.372333333333333,4.251166666666666
2025-05-26 07:00:00,3.7745,4.880833333333333,4.728,4.425
2025-05-26 08:00:00,3.8201666666666667,5.377,3.8938333333333333,4.948166666666666
2025-05-26 09:00:00,3.3505,4.528333333333333,3.758,4.134166666666667
2025-05-26 10:00:00,3.3876666666666666,3.890333333333333,3.6775,4.179666666666667
2025-05-26 11:00:00,3.0775,3.8890000000000002,3.1966666666666668,3.9771666666666667
2025-05-26 12:00:00,2.075,3.1756666666666664,2.9635000000000002,3.8261666666666665
2025-05-26 13:00:00,1.4791666666666667,2.493666666666667,2.2005,2.257833333333333
2025-05-26 14:00:00,1.4315,2.4751666666666665,2.6943333333333332,3.4553333333333334
2025-05-26 15:00:00,2.0451666666666664,2.1258333333333335,2.2314999999999996,2.3141666666666665
2025-05-26 16:00:00,2.2981666666666665,1.3666666666666667,1.733,1.4418666666666666
2025-05-26 17:00:00,2.2766666666666664,1.2914999999999999,1.2370666666666668,0.6423666666666666
2025-05-26 18:00:00,2.0615,1.1280000000000001,1.0907833333333334,0.6605666666666666
2025-05-26 19:00:00,1.8543333333333334,1.3126666666666666,0.4821,1.5004333333333333
2025-05-26 20:00:00,1.9568333333333332,1.1246666666666667,0.27626,0.3377583333333333
2025-05-26 21:00:00,2.2216666666666667,1.4225,0.7745666666666666,0.4006416666666667
2025-05-26 22:00:00,2.5563333333333333,1.3458333333333334,0.66955,0.6846666666666666
2025-05-26 23:00:00,2.4368333333333334,1.4056666666666666,0.5811,1.5953333333333333
2025-05-27 00:00:00,2.378,1.5919999999999999,0.9951333333333333,1.4106666666666667
2025-05-27 01:00:00,2.138,1.9088333333333334,2.08795,0.9627666666666667
2025-05-27 02:00:00,2.911,2.6263333333333336,2.3681666666666668,1.6540833333333333
2025-05-27 03:00:00,3.089833333333333,2.6725,2.693,2.2895
2025-05-27 04:00:00,3.0195,2.4814999999999996,1.8717499999999998,3.4105
2025-05-27 05:00:00,2.1288333333333336,1.9428333333333332,1.9468333333333334,3.1795
2025-05-27 06:00:00,2.208833333333333,3.0908333333333333,3.0141666666666667,3.689833333333333
2025-05-27 07:00:00,2.709166666666667,2.7801666666666667,2.6323333333333334,3.6998333333333333
2025-05-27 08:00:00,3.2371666666666665,3.2618333333333336,3.4564999999999997,3.8856666666666664
2025-05-27 09:00:00,3.0813333333333333,3.2893333333333334,3.5165,2.7463333333333333
2025-05-27 10:00:00,3.2381666666666664,3.1766666666666667,3.5498333333333334,3.3375
2025-05-27 11:00:00,2.9694999999999996,3.2306666666666666,2.751833333333333,3.369666666666667
2025-05-27 12:00:00,1.8935,1.7710000000000001,2.152833333333333,2.5735
2025-05-27 13:00:00,2.4069999999999996,1.3796666666666666,1.6375,1.1572
2025-05-27 14:00:00,2.8013333333333335,1.7293333333333334,2.2271666666666667,1.0443166666666666
2025-05-27 15:00:00,2.6308333333333334,1.6,1.3675,1.9569333333333332
2025-05-27 16:00:00,2.5771666666666664,2.0146666666666664,1.3383333333333334,2.0551666666666666
2025-05-27 17:00:00,3.1704999999999997,2.1181666666666668,1.9613333333333332,1.151166666666667
2025-05-27 18:00:00,3.3928333333333334,2.4011666666666667,2.002666666666667,1.2398666666666667
2025-05-27 19:00:00,2.9983333333333335,3.030333333333333,1.8088333333333333,2.1965
2025-05-27 20:00:00,3.0439999999999996,2.7275,1.3899000000000001,1.8923333333333334
2025-05-27 21:00:00,3.514333333333333,3.006333333333333,0.9557333333333333,1.8265
2025-05-27 22:00:00,3.7824999999999998,3.5416666666666665,0.9548333333333333,2.2626666666666666
2025-05-27 23:00:00,3.783,3.1458333333333335,0.2782833333333333,2.1126666666666667
2025-05-28 00:00:00,3.396,2.7920000000000003,1.2130833333333333,2.2223333333333333
2025-05-28 01:00:00,2.9901666666666666,2.678,0.93345,1.9753333333333332
2025-05-28 02:00:00,3.2183333333333333,2.856666666666667,1.6011666666666666,2.2741666666666664
2025-05-28 03:00:00,3.7696666666666667,2.9448333333333334,2.8095,1.2450166666666667
2025-05-28 04:00:00,4.097833333333333,2.8680000000000003,2.714833333333333,0.7648333333333334
2025-05-28 05:00:00,3.813,3.302,2.855166666666667,1.6013833333333334
2025-05-28 06:00:00,3.3516666666666666,3.0195,3.273,2.4931666666666668
2025-05-28 07:00:00,3.5035000000000003,2.8823333333333334,3.4695000000000005,4.9879999999999995
2025-05-28 08:00:00,3.7456666666666667,4.166666666666667,5.5024999999999995,5.335333333333334
2025-05-28 09:00:00,4.5343333333333335,3.940833333333333,3.170166666666667,1.2300666666666666
2025-05-28 10:00:00,3.3616666666666664,2.1338333333333335,2.0578333333333334,0.8454
2025-05-28 11:00:00,2.177333333333333,1.8283333333333334,3.4266666666666667,3.6109999999999998
2025-05-28 12:00:00,3.284666666666667,3.5083333333333333,3.3721666666666668,3.8083833333333335
2025-05-28 13:00:00,3.439,2.0813333333333333,2.1951666666666667,0.9517166666666667
2025-05-28 14:00:00,3.7295000000000003,1.831,2.5136666666666665,1.8491666666666666
2025-05-28 15:00:00,2.739,1.4609999999999999,2.681166666666667,1.8198333333333332
2025-05-28 16:00:00,2.2013333333333334,2.0741666666666667,3.2008333333333336,2.0556666666666668
2025-05-28 17:00:00,2.9721666666666664,3.5685000000000002,3.4243333333333337,2.9093333333333335
2025-05-28 18:00:00,3.2064999999999997,3.6348333333333334,4.216833333333333,3.452833333333333
2025-05-28 19:00:00,3.1431666666666667,4.502166666666667,3.502666666666667,2.4365
2025-05-28 20:00:00,2.7675,4.446666666666667,3.5148333333333333,3.0863333333333336
2025-05-28 21:00:00,3.5233333333333334,5.335666666666667,4.377666666666667,4.6068333333333324
2025-05-28 22:00:00,3.4863333333333335,4.821666666666667,4.144,4.09
2025-05-28 23:00:00,3.5709999999999997,4.634333333333333,4.014166666666666,3.9183333333333334
2025-05-29 00:00:00,3.178,4.532,4.358833333333333,4.2055
2025-05-29 01:00:00,3.3115,5.007499999999999,4.062833333333334,4.569333333333334
2025-05-29 02:00:00,3.609,4.8629999999999995,3.9791666666666665,4.735333333333333
2025-05-29 03:00:00,3.944166666666667,5.670833333333333,5.2165,5.600666666666667
2025-05-29 04:00:00,4.428666666666667,6.179666666666666,4.947666666666667,6.0365
2025-05-29 05:00:00,4.634,5.828333333333333,4.988166666666667,6.317166666666666
2025-05-29 06:00:00,4.549333333333333,5.570666666666667,5.073666666666667,5.655666666666666
2025-05-29 07:00:00,3.890833333333333,5.425166666666667,4.665666666666667,5.714833333333333
2025-05-29 08:00:00,3.7205,5.247833333333333,4.465333333333334,5.2266666666666675
2025-05-29 09:00:00,3.353,5.018833333333333,3.9758333333333336,3.9796666666666667
2025-05-29 10:00:00,3.1358333333333333,4.725,3.585166666666667,4.589666666666667
2025-05-29 11:00:00,2.906833333333333,3.8436666666666666,3.591666666666667,5.160833333333333
2025-05-29 12:00:00,2.4888333333333335,2.8026666666666666,3.3838333333333335,4.480666666666666
2025-05-29 13:00:00,1.9224999999999999,2.257166666666667,2.6878333333333333,3.1256666666666666
2025-05-29 14:00:00,1.6969999999999998,1.6275000000000002,1.6713333333333333,1.8978333333333335
2025-05-29 15:00:00,2.1728333333333336,1.7414999999999998,1.4313333333333333,0.9089666666666667
2025-05-29 16:00:00,2.516833333333333,1.7063333333333333,1.1938166666666667,0.01875
2025-05-29 17:00:00,3.182166666666667,2.133666666666667,2.3981666666666666,1.8569833333333332
2025-05-29 18:00:00,3.806,2.955833333333333,2.2718166666666666,1.06265
2025-05-29 19:00:00,3.5814999999999997,1.6553333333333333,0.9931,0.5562533333333334
2025-05-29 20:00:00,3.717,1.8045,1.6163333333333334,0.5854
2025-05-29 21:00:00,3.6373333333333333,1.6023333333333334,1.7503333333333333,0.9966666666666666
2025-05-29 22:00:00,3.258,1.7349999999999999,3.1798333333333333,0.7982833333333333
2025-05-29 23:00:00,3.307,1.71,2.873166666666667,0.96875
2025-05-30 00:00:00,2.9135,1.9281666666666666,3.5266666666666664,1.6148333333333333
2025-05-30 01:00:00,3.193833333333333,1.6403333333333334,3.8896666666666664,2.715333333333333
2025-05-30 02:00:00,3.8163333333333336,2.8291666666666666,4.001,2.8765
2025-05-30 03:00:00,3.520166666666667,3.2128333333333337,4.3646666666666665,3.8133333333333335
2025-05-30 04:00:00,3.1293333333333333,3.7468333333333335,4.1105,4.7251666666666665
2025-05-30 05:00:00,3.179333333333333,3.603,4.159666666666666,5.2465
2025-05-30 06:00:00,3.163,3.9673333333333334,3.9493333333333336,4.5665000000000004
2025-05-30 07:00:00,2.8863333333333334,3.984,4.628166666666667,4.0808333333333335
2025-05-30 08:00:00,3.3015,4.325666666666667,5.1045,5.363666666666666
2025-05-30 09:00:00,3.4713333333333334,4.146166666666667,4.5969999999999995,5.207333333333334
2025-05-30 10:00:00,3.3486666666666665,3.4836666666666667,3.7631666666666663,4.3975
2025-05-30 11:00:00,2.9451666666666667,3.7834999999999996,3.4465,3.7685000000000004
2025-05-30 12:00:00,2.1015,3.0131666666666663,2.741833333333333,3.1756666666666664
2025-05-30 13:00:00,1.2041333333333335,1.3361666666666667,1.3621333333333332,1.9922666666666666
2025-05-30 14:00:00,1.7306666666666668,0.8829166666666667,0.24526666666666666,0.9954833333333333
2025-05-30 15:00:00,2.5885000000000002,1.2926666666666666,0.19555833333333333,2.055333333333333
2025-05-30 16:00:00,1.8788333333333334,1.532,0.4930833333333334,2.0123333333333333
2025-05-30 17:00:00,1.7950000000000002,1.2940666666666667,0.26750833333333335,1.7035000000000002
2025-05-30 18:00:00,1.5759333333333332,1.16635,0.28285,2.016
2025-05-30 19:00:00,0.9470500000000001,1.3220666666666667,0.16666666666666666,2.4223333333333334
2025-05-30 20:00:00,1.5001666666666666,1.3411666666666666,0.0,2.029333333333333
2025-05-30 21:00:00,1.1299166666666667,1.4496666666666667,0.0,2.3896666666666664
2025-05-30 22:00:00,0.8046000000000001,1.355,0.0,2.3543333333333334
2025-05-30 23:00:00,1.4320666666666668,1.188,0.0,1.951
2025-05-31 00:00:00,1.4284833333333333,0.9827,0.0,1.9493333333333334
2025-05-31 01:00:00,1.3776666666666666,1.2343166666666667,0.4416083333333333,1.5871666666666668
2025-05-31 02:00:00,2.1355,1.7176666666666667,1.0885166666666666,0.9785
2025-05-31 03:00:00,2.557666666666667,2.0228333333333333,1.3586666666666667,0.542
2025-05-31 04:00:00,2.7848333333333333,1.687,2.496166666666667,1.4395833333333334
2025-05-31 05:00:00,3.0118333333333336,2.606333333333333,3.2095,2.5788333333333333
2025-05-31 06:00:00,3.0036666666666667,2.9258333333333337,3.4651666666666667,3.9373333333333336
2025-05-31 07:00:00,3.4353333333333333,4.187666666666667,4.153666666666667,4.091666666666667
2025-05-31 08:00:00,3.7441666666666666,4.724,4.756666666666666,4.204666666666666
2025-05-31 09:00:00,3.329333333333333,4.3293333333333335,3.896666666666667,4.795
2025-05-31 10:00:00,2.9165,3.5974999999999997,3.3863333333333334,3.8468333333333335
2025-05-31 11:00:00,2.6711666666666667,2.9646666666666666,2.6988333333333334,3.0608333333333335
2025-05-31 12:00:00,1.3465500000000001,1.6145166666666666,1.4677666666666667,1.51585
2025-05-31 13:00:00,1.2648166666666667,1.0076333333333334,0.4061533333333333,0.752
2025-05-31 14:00:00,1.4531999999999998,0.8039000000000001,0.07573333333333333,1.7251666666666667
2025-05-31 15:00:00,0.6885166666666667,1.6703333333333332,0.58052,2.2368333333333337
2025-05-31 16:00:00,2.02935,2.2156666666666665,0.7191,2.0798333333333336
2025-05-31 17:00:00,2.890833333333333,2.933666666666667,0.9144833333333333,2.462
2025-05-31 18:00:00,2.9998333333333336,2.7864999999999998,1.1741333333333333,1.8094
2025-05-31 19:00:00,2.9633333333333334,1.38245,0.7831666666666667,0.8379333333333333
2025-05-31 20:00:00,2.1743333333333337,1.3608333333333333,0.8075,2.3035
2025-05-31 21:00:00,0.8307833333333333,1.4501166666666667,0.6568,2.2075
2025-05-31 22:00:00,0.9826166666666667,1.5981666666666667,1.8586666666666667,2.808666666666667
2025-05-31 23:00:00,1.4808666666666668,2.3400000000000003,2.6195,2.5555000000000003
2025-06-01 00:00:00,2.796,3.570666666666667,1.8461666666666665,2.575
2025-06-01 01:00:00,3.1521666666666666,2.343166666666667,1.1482333333333334,2.249
2025-06-01 02:00:00,3.3609999999999998,2.4686666666666666,1.4353333333333333,1.2158499999999999
2025-06-01 03:00:00,2.9095,2.4181666666666666,2.9365,0.9748
2025-06-01 04:00:00,2.4203333333333332,2.6323333333333334,2.9956666666666667,3.6145
2025-06-01 05:00:00,3.3371666666666666,3.3056666666666668,3.423166666666667,3.265616666666667
2025-06-01 06:00:00,2.1858333333333335,2.0481666666666665,1.8188333333333333,0.8734000000000001
2025-06-01 07:00:00,3.134,2.4215,1.8071666666666666,0.8023
2025-06-01 08:00:00,3.0393333333333334,2.655333333333333,1.7693333333333332,0.9181666666666666
2025-06-01 09:00:00,3.7031666666666667,3.4748333333333337,2.2318333333333333,2.2363833333333334
2025-06-01 10:00:00,4.597833333333333,3.627666666666667,3.0573333333333332,3.6858333333333335
2025-06-01 11:00:00,4.141166666666667,4.236,4.1898333333333335,3.379633333333333
2025-06-01 12:00:00,3.1785,2.5810000000000004,1.9486666666666668,0.9105833333333333
2025-06-01 13:00:00,3.9246666666666665,2.809166666666667,1.9588333333333334,2.23915
2025-06-01 14:00:00,3.7676666666666665,2.6253333333333333,1.0058333333333334,1.9095
2025-06-01 15:00:00,3.4385,1.35,0.9529,1.5596666666666665
2025-06-01 16:00:00,3.2013333333333334,1.6073333333333333,1.0818833333333333,1.4856666666666667
2025-06-01 17:00:00,3.8728333333333333,1.82,1.7298333333333331,1.4043333333333334
2025-06-01 18:00:00,3.579833333333333,1.8841666666666665,0.544825,1.3914166666666667
2025-06-01 19:00:00,3.5444999999999998,1.7351666666666667,0.6730166666666667,1.26425
2025-06-01 20:00:00,2.5421666666666667,1.6973333333333334,0.6984333333333334,1.5646666666666667
2025-06-01 21:00:00,2.2018333333333335,1.1753833333333332,0.6778333333333334,2.1126666666666667
2025-06-01 22:00:00,1.3358666666666668,1.1473666666666666,0.21898333333333336,1.3389
2025-06-01 23:00:00,1.1334333333333333,0.8802166666666668,0.23980333333333334,1.1115
2025-06-02 00:00:00,1.0037333333333334,1.1638333333333333,1.0166166666666667,1.2639833333333332
2025-06-02 01:00:00,0.8038666666666666,0.9663,0.8517666666666667,1.5152500000000002
2025-06-02 02:00:00,0.9720333333333334,0.89375,0.6052166666666667,1.0904
2025-06-02 03:00:00,1.4291833333333335,0.9392333333333334,0.9838833333333333,0.9904833333333334
2025-06-02 04:00:00,1.1126666666666667,0.8236833333333333,0.8450166666666666,0.95995
2025-06-02 05:00:00,1.3476333333333335,1.3472666666666666,1.2140166666666665,1.2176166666666668
2025-06-02 06:00:00,1.5321666666666667,2.7063333333333333,3.380333333333333,2.906833333333333
2025-06-02 07:00:00,2.219666666666667,3.295,3.1515,3.7475
2025-06-02 08:00:00,2.416,3.1711666666666667,3.001333333333333,3.2741666666666664
2025-06-02 09:00:00,2.5621666666666667,3.0766666666666667,2.6258333333333335,2.7123333333333335
2025-06-02 10:00:00,2.1595,1.9295,1.9083333333333334,2.3125
2025-06-02 11:00:00,1.3054999999999999,1.8241666666666667,1.5371666666666668,2.2066666666666666
2025-06-02 12:00:00,1.5035,1.1303666666666667,1.288,1.5535333333333334
2025-06-02 13:00:00,1.544,0.71215,0.9785333333333334,0.9604333333333333
2025-06-02 14:00:00,1.2134333333333334,1.8118,2.321833333333333,2.3385000000000002
2025-06-02 15:00:00,1.7166666666666666,1.0424166666666668,0.8831,0.46047499999999997
2025-06-02 16:00:00,1.7801666666666667,1.3796666666666666,0.8746333333333334,0.1579833333333333
2025-06-02 17:00:00,1.9683333333333333,1.1566166666666668,0.32116666666666666,0.5543533333333334
2025-06-02 18:00:00,1.9193333333333333,1.0767666666666666,1.2644666666666666,0.8270000000000001
2025-06-02 19:00:00,2.2365,1.0851166666666667,1.45255,1.245
2025-06-02 20:00:00,2.5653333333333332,1.4405000000000001,0.5921500000000001,0.9456
2025-06-02 21:00:00,2.685166666666667,1.7109999999999999,1.3903583333333331,0.9255
2025-06-02 22:00:00,2.731333333333333,1.9893333333333334,2.2493333333333334,0.43928666666666666
2025-06-02 23:00:00,2.7251666666666665,1.4096666666666666,1.7206666666666666,1.9861333333333335
2025-06-03 00:00:00,1.0660833333333335,1.0405666666666666,1.569,1.3209166666666665
2025-06-03 01:00:00,1.588,1.3573333333333333,1.721,1.9386666666666665
2025-06-03 02:00:00,1.2876666666666667,1.1266666666666665,1.3021333333333334,0.8704999999999999
2025-06-03 03:00:00,1.07975,0.84765,1.2368,0.8802833333333333
2025-06-03 04:00:00,1.3912,1.0401,1.1819666666666668,0.7582666666666668
2025-06-03 05:00:00,1.7354999999999998,1.1115333333333333,1.3945,0.7883833333333333
2025-06-03 06:00:00,1.8318333333333332,1.6781666666666666,1.8691666666666669,1.1023333333333334
2025-06-03 07:00:00,1.7605333333333335,1.3392000000000002,1.6726666666666667,1.6088333333333333
2025-06-03 08:00:00,1.2214333333333334,0.9278333333333334,1.921,1.995
2025-06-03 09:00:00,1.06285,1.4423666666666668,2.093166666666667,1.6661666666666666
2025-06-03 10:00:00,1.4921,2.2194999999999996,1.2093500000000001,1.5668333333333335
2025-06-03 11:00:00,1.6448333333333334,2.0751666666666666,1.75895,1.856
2025-06-03 12:00:00,1.5675,2.1214999999999997,1.2304166666666667,1.2701
2025-06-03 13:00:00,1.8775,1.9145,0.4941166666666667,1.0373333333333334
2025-06-03 14:00:00,1.7026666666666666,2.2145,0.21881666666666666,1.6005
2025-06-03 15:00:00,1.8656666666666666,1.9856666666666667,0.7927166666666667,2.2338333333333336
2025-06-03 16:00:00,2.5608333333333335,1.8873333333333333,1.00325,2.3444999999999996
2025-06-03 17:00:00,2.3318333333333334,2.354,0.67145,1.8286666666666667
2025-06-03 18:00:00,2.3810000000000002,2.4011666666666667,0.5598833333333334,1.8895000000000002
2025-06-03 19:00:00,2.7755,2.5715,0.6622333333333333,2.0276666666666667
2025-06-03 20:00:00,2.893333333333333,2.719666666666667,0.7853,2.238
2025-06-03 21:00:00,2.6734999999999998,2.7338333333333336,0.4711166666666667,2.7308333333333334
2025-06-03 22:00:00,2.7935000000000003,2.571833333333333,1.04365,2.0463333333333336
2025-06-03 23:00:00,2.848666666666667,3.1158333333333332,0.6559166666666666,2.387
2025-06-04 00:00:00,3.2555,3.116,0.6871333333333334,2.0625
2025-06-04 01:00:00,3.6028333333333333,3.0439999999999996,1.5163333333333333,2.098
2025-06-04 02:00:00,3.0810000000000004,2.680833333333333,1.6458333333333333,1.7838333333333334
2025-06-04 03:00:00,2.9978333333333333,2.5981666666666663,1.9044999999999999,1.5919999999999999
2025-06-04 04:00:00,2.867,3.1176666666666666,2.8035,2.6503333333333337
2025-06-04 05:00:00,3.919,3.7886666666666664,3.043833333333333,3.8395
2025-06-04 06:00:00,4.010166666666667,3.2030000000000003,2.3741666666666665,2.0484833333333334
2025-06-04 07:00:00,2.4116666666666666,1.9989999999999999,0.9032666666666667,1.5113999999999999
2025-06-04 08:00:00,2.9101666666666666,3.0265,1.4573333333333334,3.124
2025-06-04 09:00:00,1.9443333333333332,2.2266666666666666,1.877,1.6898333333333333
2025-06-04 10:00:00,1.9385000000000001,2.0538333333333334,2.3691666666666666,2.2824666666666666
2025-06-04 11:00:00,1.7513333333333334,2.3321666666666667,2.3555,3.4724999999999997
2025-06-04 12:00:00,1.34845,1.5251166666666667,1.6210833333333334,1.8625
2025-06-04 13:00:00,1.6090000000000002,2.0021666666666667,1.3807,1.6744999999999999
2025-06-04 14:00:00,1.3405166666666666,0.8478666666666667,1.9337000000000002,1.61225
2025-06-04 15:00:00,0.47076,0.7649,1.1727999999999998,1.3458
2025-06-04 16:00:00,1.4036,1.0851333333333335,0.48938333333333334,1.3232166666666667
2025-06-04 17:00:00,2.698,1.7830000000000001,1.4316,1.3318833333333333
2025-06-04 18:00:00,3.0861666666666663,1.5758333333333332,1.4477499999999999,0.6904166666666666
2025-06-04 19:00:00,2.9925,1.7433333333333332,0.6071833333333333,1.2848333333333335
2025-06-04 20:00:00,2.9796666666666667,1.9289999999999998,1.3471499999999998,1.2348999999999999
2025-06-04 21:00:00,3.6846666666666668,1.7661666666666667,2.6616666666666666,0.9174333333333333
2025-06-04 22:00:00,3.609,2.106333333333333,2.0868333333333333,0.45052000000000003
2025-06-04 23:00:00,3.735,2.519,1.9651666666666665,0.5843166666666666
2025-06-05 00:00:00,2.5661666666666667,2.484,1.5973333333333335,1.0626666666666666
2025-06-05 01:00:00,3.2861666666666665,2.6719999999999997,2.915,3.0553833333333333
2025-06-05 02:00:00,3.7765,3.817833333333333,3.7771666666666666,2.508166666666667
2025-06-05 03:00:00,3.705833333333333,3.093166666666667,3.5428333333333333,3.2115
2025-06-05 04:00:00,4.732333333333333,4.190333333333333,3.7518333333333334,3.6465
2025-06-05 05:00:00,3.9855,3.9686666666666666,3.403833333333333,2.9166666666666665
2025-06-05 06:00:00,3.6121666666666665,3.5223333333333335,3.1111666666666666,3.0795000000000003
2025-06-05 07:00:00,3.7416666666666667,4.058166666666667,3.6711666666666667,2.783
2025-06-05 08:00:00,5.130333333333334,4.496666666666667,4.286333333333333,1.5791666666666666
2025-06-05 09:00:00,5.4446666666666665,4.381833333333334,3.6361666666666665,1.4394166666666666
2025-06-05 10:00:00,4.279333333333333,3.6199999999999997,3.2676666666666665,3.668833333333333
2025-06-05 11:00:00,3.867,3.379833333333333,3.576,1.5355333333333334
2025-06-05 12:00:00,2.8296666666666668,3.0701666666666667,3.018333333333333,1.2000666666666668
2025-06-05 13:00:00,2.6028333333333333,2.1425,2.503333333333333,1.36905
2025-06-05 14:00:00,3.0148333333333333,2.3048333333333333,3.027833333333333,1.2133666666666667
2025-06-05 15:00:00,2.8246666666666664,2.6921666666666666,2.8905000000000003,1.1650500000000001
2025-06-05 16:00:00,3.1831666666666667,2.513,1.2274333333333334,1.5236666666666667
2025-06-05 17:00:00,2.7176666666666667,1.5625,1.0941666666666667,2.2265
2025-06-05 18:00:00,2.6814999999999998,2.0900000000000003,1.2225333333333335,2.318833333333333
2025-06-05 19:00:00,2.646333333333333,2.4455,1.194,2.5069999999999997
2025-06-05 20:00:00,2.7371666666666665,2.3316666666666666,0.5653916666666666,2.2408333333333332
2025-06-05 21:00:00,2.8638333333333335,2.8444999999999996,1.3900833333333333,2.238
2025-06-05 22:00:00,3.0563333333333333,3.658166666666667,2.3246666666666664,2.7126666666666663
2025-06-05 23:00:00,3.5876666666666663,3.766833333333333,2.8651666666666666,2.8026666666666666
2025-06-06 00:00:00,5.239166666666667,4.4318333333333335,4.3305,3.5458333333333334
2025-06-06 01:00:00,5.937,4.777666666666667,5.067833333333334,4.196166666666667
2025-06-06 02:00:00,6.079666666666667,5.565666666666667,5.001499999999999,3.6348333333333334
2025-06-06 03:00:00,6.505166666666667,4.735,4.859833333333333,2.5266666666666664
2025-06-06 04:00:00,5.816999999999999,4.419333333333333,4.841833333333333,4.628333333333333
2025-06-06 05:00:00,4.491833333333333,6.029166666666667,6.305166666666667,5.305499999999999
2025-06-06 06:00:00,4.571166666666667,5.4879999999999995,6.291166666666667,5.864999999999999
2025-06-06 07:00:00,4.529,5.2876666666666665,5.941999999999999,6.0169999999999995
2025-06-06 08:00:00,4.397,5.934833333333333,5.837999999999999,5.737333333333334
2025-06-06 09:00:00,3.1895000000000002,5.2405,5.029333333333333,5.010000000000001
2025-06-06 10:00:00,3.1761666666666666,3.4810000000000003,3.220833333333333,5.8261666666666665
2025-06-06 11:00:00,2.543833333333333,4.0845,3.729833333333333,4.758333333333334
2025-06-06 12:00:00,2.4429999999999996,2.5526666666666666,3.2190000000000003,2.5458333333333334
2025-06-06 13:00:00,1.8068333333333333,1.6433166666666668,1.8856666666666666,1.8981666666666668
2025-06-06 14:00:00,2.463937617751727,1.442414590747331,3.18283546158677,2.0327820808038517
2025-06-06 15:00:00,2.9228333333333336,1.88,2.0711666666666666,0.9077333333333333
2025-06-06 16:00:00,3.1831666666666667,2.0669999999999997,1.8659999999999999,0.14951666666666666
2025-06-06 17:00:00,2.4478333333333335,2.6951666666666667,1.0450333333333333,0.8681333333333333
2025-06-06 18:00:00,2.1133333333333333,2.341,1.30875,0.8081833333333334
2025-06-06 19:00:00,2.3215,2.818833333333333,1.4843499999999998,2.1766833333333335
2025-06-06 20:00:00,2.1373333333333333,2.9443333333333332,1.3523333333333334,2.5131666666666663
2025-06-06 21:00:00,2.7133333333333334,2.7823333333333333,1.1010666666666669,2.529333333333333
2025-06-06 22:00:00,2.8361666666666663,2.334,1.0950166666666665,2.2885
2025-06-06 23:00:00,2.7731666666666666,2.918,1.15825,2.0448333333333335
2025-06-07 00:00:00,2.7098333333333335,2.6173333333333333,1.09975,2.329
2025-06-07 01:00:00,3.2448333333333332,3.3215,1.4980333333333333,2.699
2025-06-07 02:00:00,3.5348333333333333,3.0618333333333334,1.8745,2.6421666666666668
2025-06-07 03:00:00,3.166166666666667,3.330833333333333,2.1533333333333333,2.8603333333333336
2025-06-07 04:00:00,3.4261666666666666,3.6345,2.775,3.802333333333333
2025-06-07 05:00:00,3.6180000000000003,4.052666666666666,3.3008333333333337,3.2328333333333332
2025-06-07 06:00:00,4.214833333333334,4.556,3.992166666666667,4.3035
2025-06-07 07:00:00,4.6771666666666665,4.861166666666667,4.0071666666666665,4.626166666666666
2025-06-07 08:00:00,4.943666666666667,5.437333333333333,4.645166666666666,2.9309999999999996
2025-06-07 09:00:00,5.2011666666666665,5.61,4.579,3.5623333333333336
2025-06-07 10:00:00,4.935999999999999,5.4025,4.096333333333333,3.2795
2025-06-07 11:00:00,4.458,5.440666666666667,5.1445,5.2795
2025-06-07 12:00:00,2.1235,2.3863333333333334,2.876833333333333,2.4844999999999997
2025-06-07 13:00:00,2.7608333333333333,2.194166666666667,1.6661666666666666,1.2837500000000002
2025-06-07 14:00:00,2.7616666666666663,1.8243333333333331,1.9193333333333333,0.5562666666666666
2025-06-07 15:00:00,2.5036666666666667,1.6161666666666668,1.3095166666666667,1.1306
2025-06-07 16:00:00,2.5845,2.0335,0.6209333333333333,2.1058333333333334
2025-06-07 17:00:00,2.758666666666667,2.4291666666666667,0.8770833333333333,2.4245
2025-06-07 18:00:00,2.873666666666667,2.9508333333333336,0.85035,1.9338333333333333
2025-06-07 19:00:00,3.4266666666666667,2.780666666666667,0.4730833333333333,2.3435
2025-06-07 20:00:00,3.2968333333333333,2.568166666666667,0.9773366666666666,2.1511666666666667
2025-06-07 21:00:00,2.995833333333333,3.3438333333333334,1.7498333333333334,2.2375
2025-06-07 22:00:00,3.2588333333333335,3.5151666666666666,1.1529333333333334,2.2915
2025-06-07 23:00:00,3.215333333333333,3.6381666666666663,1.662,2.1053333333333333
2025-06-08 00:00:00,3.457,4.1065,2.620166666666667,3.021166666666667
2025-06-08 01:00:00,3.812,3.398166666666667,3.1545,3.3265000000000002
2025-06-08 02:00:00,3.8875,3.6008333333333336,3.3128333333333333,3.811
2025-06-08 03:00:00,5.0445,5.377833333333333,4.047666666666666,3.9810000000000003
2025-06-08 04:00:00,4.3919999999999995,5.296666666666667,4.672333333333333,3.087483333333333
2025-06-08 05:00:00,4.754666666666666,3.1940000000000004,4.0151666666666666,1.8308333333333333
2025-06-08 06:00:00,4.6305,4.0455,4.872,4.4655000000000005
2025-06-08 07:00:00,3.9506666666666663,4.288333333333333,5.2604999999999995,5.6655
2025-06-08 08:00:00,4.959666666666666,4.051833333333334,4.857,4.7844999999999995
2025-06-08 09:00:00,4.682833333333333,4.551833333333334,5.290666666666667,6.185333333333333
2025-06-08 10:00:00,3.3261666666666665,4.421833333333334,5.413166666666667,6.929666666666666
2025-06-08 11:00:00,4.159666666666667,6.061333333333334,6.7156666666666665,8.326666666666666
2025-06-08 12:00:00,3.196166666666667,4.2411666666666665,4.5235,5.0024999999999995
2025-06-08 13:00:00,2.9891666666666667,4.967666666666667,5.871333333333333,6.793333333333334
2025-06-08 14:00:00,4.284833333333333,5.504333333333333,5.7715000000000005,5.728
2025-06-08 15:00:00,3.9125,5.023166666666667,6.373,6.1978333333333335
2025-06-08 16:00:00,4.265666666666666,5.385166666666667,5.719333333333334,5.948666666666667
2025-06-08 17:00:00,4.909666666666666,6.309833333333333,6.505833333333333,5.4585
2025-06-08 18:00:00,4.591166666666667,5.986166666666667,6.287166666666667,6.1045
2025-06-08 19:00:00,4.412999999999999,5.7330000000000005,5.881333333333333,5.246166666666666
2025-06-08 20:00:00,4.118,5.033833333333333,4.521,4.5969999999999995
2025-06-08 21:00:00,4.216333333333333,4.6659999999999995,4.765833333333333,5.922333333333333
2025-06-08 22:00:00,3.7071666666666667,5.102,5.093500000000001,5.52
2025-06-08 23:00:00,4.093500000000001,4.917833333333333,5.2115,6.3566666666666665
2025-06-09 00:00:00,4.263333333333334,4.784166666666667,5.1475,5.690833333333333
2025-06-09 01:00:00,4.343500000000001,4.4399999999999995,5.225833333333333,5.652666666666667
2025-06-09 02:00:00,4.102166666666666,4.473666666666667,4.684333333333333,4.773
2025-06-09 03:00:00,4.3205,4.589166666666667,4.7725,5.310333333333333
2025-06-09 04:00:00,4.3853333333333335,4.415666666666667,4.585166666666667,4.863833333333333
2025-06-09 05:00:00,3.7931666666666666,4.0408333333333335,4.309166666666667,4.4485
2025-06-09 06:00:00,3.4713333333333334,4.004666666666667,4.698166666666666,4.518
2025-06-09 07:00:00,3.8006666666666664,4.413166666666667,4.809833333333333,4.980833333333334
2025-06-09 08:00:00,2.2969999999999997,3.5701666666666667,3.3560000000000003,5.080166666666667
2025-06-09 09:00:00,1.7265000000000001,2.4183333333333334,3.542333333333333,4.906333333333333
2025-06-09 10:00:00,1.939,3.1428333333333334,3.8778333333333332,4.6665
2025-06-09 11:00:00,1.78,2.3281666666666667,2.615333333333333,3.5905
2025-06-09 12:00:00,1.11425,1.973833333333333,2.013333333333333,2.277
2025-06-09 13:00:00,0.78025,0.3427866666666667,0.7662666666666667,1.1665166666666666
2025-06-09 14:00:00,0.797,0.9240999999999999,0.07803333333333334,1.5546666666666666
2025-06-09 15:00:00,1.444,2.240666666666667,0.0,2.225
2025-06-09 16:00:00,2.2194999999999996,2.3486666666666665,0.0,2.3778333333333337
2025-06-09 17:00:00,3.0476666666666667,2.779333333333333,0.0,2.3901666666666666
2025-06-09 18:00:00,3.238,2.8893333333333335,0.27980333333333335,2.446166666666667
2025-06-09 19:00:00,3.2041666666666666,3.1878333333333333,0.7387833333333333,2.4866666666666664
2025-06-09 20:00:00,3.1413333333333333,2.823,0.25353333333333333,2.4825
2025-06-09 21:00:00,3.0776666666666666,3.501,0.6472666666666667,2.589
2025-06-09 22:00:00,2.649,2.8568333333333333,0.13920000000000002,1.8726666666666667
2025-06-09 23:00:00,2.799,2.707666666666667,0.8728933333333333,2.050666666666667
2025-06-10 00:00:00,2.4465,2.845666666666667,2.0698666666666665,2.6569999999999996
2025-06-10 01:00:00,3.1425,3.402,2.299,2.484166666666667
2025-06-10 02:00:00,3.6300000000000003,3.3478333333333334,2.284,2.1805
2025-06-10 03:00:00,3.172166666666667,3.4683333333333333,2.4298333333333333,1.6643333333333332
2025-06-10 04:00:00,3.7393333333333336,3.2521666666666667,2.3985,1.7241666666666666
2025-06-10 05:00:00,4.392666666666667,3.8136666666666668,3.056833333333333,3.92
2025-06-10 06:00:00,4.2545,4.115333333333333,3.319666666666667,2.4285
2025-06-10 07:00:00,4.5195,4.391666666666667,3.1056666666666666,2.0391666666666666
2025-06-10 08:00:00,3.7886666666666664,3.1790000000000003,2.619333333333333,3.0829999999999997
2025-06-10 09:00:00,2.5465,2.8423333333333334,3.178166666666667,4.150166666666666
2025-06-10 10:00:00,2.3128333333333333,3.2843333333333335,3.094333333333333,3.3521666666666667
2025-06-10 11:00:00,1.969,1.1679833333333332,1.71105,1.17305
2025-06-10 12:00:00,1.42015,0.9659,1.1088666666666667,1.5211666666666666
2025-06-10 13:00:00,1.9496666666666667,2.5646833333333334,3.30475,3.321083333333333
2025-06-10 14:00:00,1.4557499999999999,2.2186666666666666,2.2176666666666667,2.43
2025-06-10 15:00:00,1.9515,2.4263333333333335,2.4581666666666666,2.1091666666666664
2025-06-10 16:00:00,2.4808333333333334,3.176833333333333,2.761,1.4630333333333332
2025-06-10 17:00:00,2.6988333333333334,3.0341666666666667,2.7761666666666667,1.3329666666666666
2025-06-10 18:00:00,3.5895,3.7651666666666666,3.7045000000000003,3.190833333333333
2025-06-10 19:00:00,3.3986666666666663,4.435666666666666,3.7783333333333333,3.7314999999999996
2025-06-10 20:00:00,4.146,5.535166666666667,4.438166666666667,4.498666666666667
2025-06-10 21:00:00,3.8281666666666667,5.190666666666667,4.718999999999999,4.365833333333333
2025-06-10 22:00:00,3.9358333333333335,4.7844999999999995,4.4735000000000005,4.512166666666667
2025-06-10 23:00:00,3.6893333333333334,4.816333333333334,4.076333333333333,5.296333333333333
2025-06-11 00:00:00,3.3003333333333336,4.5375,3.9866666666666664,5.747
2025-06-11 01:00:00,2.997333333333333,4.832,4.551666666666667,5.087833333333333
2025-06-11 02:00:00,3.4363333333333332,4.731333333333334,4.384833333333333,5.775333333333333
2025-06-11 03:00:00,3.1546666666666665,4.023333333333333,3.890833333333333,4.930166666666667
2025-06-11 04:00:00,3.1933333333333334,4.1955,4.149333333333334,4.702
2025-06-11 05:00:00,3.5948333333333333,4.872333333333333,4.671,4.545166666666666
2025-06-11 06:00:00,3.5525,4.857833333333334,4.345666666666667,4.9875
2025-06-11 07:00:00,3.4440000000000004,4.875500000000001,4.507666666666666,4.373833333333334
2025-06-11 08:00:00,3.2098333333333335,4.2363333333333335,3.9088333333333334,4.1275
2025-06-11 09:00:00,3.0115,3.7864999999999998,3.6525000000000003,4.403499999999999
2025-06-11 10:00:00,2.815166666666667,3.746,3.4956666666666667,3.6206666666666667
2025-06-11 11:00:00,2.5005,3.6853333333333333,2.9564999999999997,3.5646666666666667
2025-06-11 12:00:00,1.5933333333333333,2.7333333333333334,2.472666666666667,3.1046666666666667
2025-06-11 13:00:00,1.1501833333333333,2.0313333333333334,1.7711666666666666,2.761
2025-06-11 14:00:00,1.6148333333333333,1.0203166666666668,1.397,0.9382666666666667
2025-06-11 15:00:00,1.2233833333333335,0.6872,0.75315,1.2313
2025-06-11 16:00:00,0.29622499999999996,0.7423166666666667,0.04331666666666667,1.7351666666666667
2025-06-11 17:00:00,0.2661833333333333,0.3544,0.28300000000000003,2.033166666666667
2025-06-11 18:00:00,0.56911,0.803225,0.0,2.229
2025-06-11 19:00:00,0.6171666666666666,1.1935,0.0,2.246666666666667
2025-06-11 20:00:00,0.7433333333333334,1.2756666666666667,0.0,2.1561666666666666
2025-06-11 21:00:00,0.47225,1.0800166666666666,0.0,2.164333333333333
2025-06-11 22:00:00,0.42632666666666663,0.7390166666666667,0.29010833333333336,2.0789999999999997
2025-06-11 23:00:00,0.39540000000000003,0.7488833333333333,0.07,1.9096666666666666
2025-06-12 00:00:00,0.3149666666666667,0.41461666666666663,0.0,1.1839833333333334
2025-06-12 01:00:00,0.97995,0.26316666666666666,0.3534433333333334,0.7775333333333333
2025-06-12 02:00:00,1.2326333333333332,0.7361333333333333,0.9949166666666667,0.8673166666666667
2025-06-12 03:00:00,1.9306666666666668,0.9639666666666666,1.1388333333333334,1.0548666666666666
2025-06-12 04:00:00,2.7275,1.7723166666666665,1.605,1.6366666666666667
2025-06-12 05:00:00,2.7430000000000003,1.0670166666666667,1.5170833333333333,1.7568333333333332
2025-06-12 06:00:00,2.7918333333333334,1.6686666666666667,1.5494999999999999,1.6008333333333333
2025-06-12 07:00:00,3.0868333333333333,1.34695,2.2861666666666665,2.2875
2025-06-12 08:00:00,2.832333333333333,1.44475,2.2275,2.6285000000000003
2025-06-12 09:00:00,2.908166666666667,2.259,2.6071666666666666,3.0921666666666665
2025-06-12 10:00:00,2.3988333333333336,2.8138333333333336,2.6813333333333333,3.5675000000000003
2025-06-12 11:00:00,2.1828333333333334,2.8915,3.0073333333333334,3.2543333333333333
2025-06-12 12:00:00,1.903,2.9556666666666667,2.7036666666666664,3.117833333333333
2025-06-12 13:00:00,1.7315,3.0191666666666666,2.332666666666667,2.4768333333333334
2025-06-12 14:00:00,0.82245,2.9059999999999997,1.2304666666666668,1.2038833333333334
2025-06-12 15:00:00,0.9852833333333333,3.0825,1.2922,1.8374666666666668
2025-06-12 16:00:00,0.6521333333333333,3.677333333333334,0.566625,2.729
2025-06-12 17:00:00,0.8477,3.8436666666666666,0.9613166666666667,2.2838333333333334
2025-06-12 18:00:00,0.86435,4.047166666666667,0.53515,1.73
2025-06-12 19:00:00,0.7932166666666667,1.9771166666666666,0.056666666666666664,1.506
2025-06-12 20:00:00,1.1897166666666665,0.6368833333333334,0.39737500000000003,1.9020000000000001
2025-06-12 21:00:00,0.7701666666666667,0.7911,1.2732666666666668,2.3996666666666666
2025-06-12 22:00:00,0.5815,0.8676666666666667,1.1250333333333333,2.0653333333333332
2025-06-12 23:00:00,0.6044166666666667,1.8293333333333335,0.6632333333333332,1.7710000000000001
2025-06-13 00:00:00,0.5295666666666666,1.1132333333333333,1.8211666666666666,2.2661666666666664
2025-06-13 01:00:00,1.1154833333333334,2.1559999999999997,2.6683333333333334,2.5309999999999997
2025-06-13 02:00:00,2.2481666666666666,2.4275,3.4425000000000003,2.8985
2025-06-13 03:00:00,3.0593333333333335,1.7001166666666667,3.7041666666666666,3.7001666666666666
2025-06-13 04:00:00,3.3728333333333333,1.8299999999999998,3.1605,3.7481666666666666
2025-06-13 05:00:00,4.063833333333333,3.251833333333333,2.3725,3.9186666666666667
2025-06-13 06:00:00,3.954333333333333,4.4030000000000005,2.9835,2.8405
2025-06-13 07:00:00,3.5831666666666666,4.825,3.9778333333333333,2.7651666666666666
2025-06-13 08:00:00,4.0065,4.711833333333333,4.418166666666666,4.28
2025-06-13 09:00:00,3.728833333333333,5.082666666666666,4.3715,4.805499999999999
2025-06-13 10:00:00,3.364,5.123666666666667,4.426,5.0005
2025-06-13 11:00:00,3.1334999999999997,5.0889999999999995,4.592,4.847666666666667
2025-06-13 12:00:00,3.0683333333333334,4.856333333333334,4.1945,4.3228333333333335
2025-06-13 13:00:00,2.037333333333333,4.148666666666666,3.893333333333333,4.093666666666667
2025-06-13 14:00:00,1.1725999999999999,3.9703333333333335,3.2815000000000003,3.2116666666666664
2025-06-13 15:00:00,1.04125,2.8441666666666667,2.3645,2.380666666666667
2025-06-13 16:00:00,0.5221833333333333,1.82095,1.6744999999999999,2.805
2025-06-13 17:00:00,0.4278766666666666,0.6890000000000001,1.9873333333333332,2.2645
2025-06-13 18:00:00,0.7833,1.1302833333333335,1.9431666666666667,2.9033333333333333
2025-06-13 19:00:00,0.5755666666666667,2.5313333333333334,3.3096666666666668,2.929333333333333
2025-06-13 20:00:00,0.9110666666666667,3.3893333333333335,3.313,2.4245
2025-06-13 21:00:00,1.976,2.9298333333333333,2.6486666666666667,2.7245
2025-06-13 22:00:00,3.508166666666667,1.9891666666666665,1.5615999999999999,2.7071666666666667
2025-06-13 23:00:00,3.7721666666666667,2.8728333333333333,1.8585,3.2561666666666667
2025-06-14 00:00:00,3.6815,3.2491666666666665,3.404166666666667,4.325
2025-06-14 01:00:00,3.4675000000000002,4.279166666666667,3.8104999999999998,4.799
2025-06-14 02:00:00,2.352333333333333,3.8661666666666665,3.356333333333333,6.1803333333333335
2025-06-14 03:00:00,2.609,3.5031666666666665,3.6653333333333333,5.555833333333334
2025-06-14 04:00:00,1.7088333333333334,3.14,4.171333333333333,4.974166666666666
2025-06-14 05:00:00,1.5483333333333333,2.882166666666667,4.372833333333333,4.576666666666667
2025-06-14 06:00:00,1.6700000000000002,2.9343333333333335,4.353,4.3133333333333335
2025-06-14 07:00:00,1.96,3.1358333333333333,3.6001666666666665,3.9444999999999997
2025-06-14 08:00:00,2.359666666666667,3.0858333333333334,2.9733333333333336,3.9981666666666666
2025-06-14 09:00:00,3.070666666666667,2.7608333333333333,2.9076666666666666,3.605166666666667
2025-06-14 10:00:00,2.294166666666667,2.7704999999999997,3.0055,3.5043333333333333
2025-06-14 11:00:00,1.8963333333333334,2.424,3.1566666666666667,3.694
2025-06-14 12:00:00,1.8805,2.0783333333333336,2.7445,3.3126666666666664
2025-06-14 13:00:00,0.9633,1.7008333333333332,2.283,3.1935000000000002
2025-06-14 14:00:00,0.6676166666666667,2.3296666666666668,1.8856666666666666,2.3225
2025-06-14 15:00:00,0.0775,1.8416666666666666,0.8602333333333333,1.8375
2025-06-14 16:00:00,0.8411833333333334,1.8891666666666667,1.1909166666666666,2.6636666666666664
2025-06-14 17:00:00,2.467,2.754166666666667,1.6796666666666666,2.9486666666666665
2025-06-14 18:00:00,3.2365,3.7561666666666667,1.637,2.9556666666666667
2025-06-14 19:00:00,4.039333333333333,4.174333333333333,1.9566666666666668,3.1584999999999996
2025-06-14 20:00:00,4.632666666666666,4.307166666666666,2.0101666666666667,3.1001666666666665
2025-06-14 21:00:00,4.8645000000000005,4.0145,1.591,3.5193333333333334
2025-06-14 22:00:00,4.574666666666667,4.0103333333333335,2.1983333333333333,3.983166666666667
2025-06-14 23:00:00,4.437666666666667,4.174666666666666,1.949,3.9888333333333335
2025-06-15 00:00:00,4.8468333333333335,4.376666666666667,2.6045000000000003,4.158666666666667
2025-06-15 01:00:00,4.5155,4.112666666666667,1.975,4.400166666666666
2025-06-15 02:00:00,4.327333333333333,4.0245,1.9621666666666668,3.9848333333333334
2025-06-15 03:00:00,3.5396666666666667,3.9713333333333334,2.705833333333333,3.3488333333333333
2025-06-15 04:00:00,2.614333333333333,3.7238333333333333,2.3146666666666667,3.7954999999999997
2025-06-15 05:00:00,3.2976666666666663,3.1935000000000002,1.5668333333333335,2.355
2025-06-15 06:00:00,2.8585,2.1548333333333334,1.4581666666666666,1.6495
2025-06-15 07:00:00,2.6416666666666666,2.6685000000000003,3.3598333333333334,3.3006666666666664
2025-06-15 08:00:00,2.707666666666667,3.3285,3.542666666666667,3.6521666666666666
2025-06-15 09:00:00,2.8981666666666666,3.395,2.9513333333333334,3.4805
2025-06-15 10:00:00,2.6831666666666667,4.059,3.7895,4.4405
2025-06-15 11:00:00,2.794166666666667,3.1496666666666666,2.9560000000000004,4.051666666666667
2025-06-15 12:00:00,4.8575,4.656166666666667,7.224500000000001,5.256
2025-06-15 13:00:00,2.4956166666666664,2.69305,3.4579999999999997,2.694
2025-06-15 14:00:00,1.3884,1.3516666666666666,1.7191666666666667,2.2046666666666668
2025-06-15 15:00:00,1.4216666666666666,1.6395000000000002,2.1465,1.7676666666666667
2025-06-15 16:00:00,2.3825,2.9856666666666665,2.7123333333333335,3.0751666666666666
2025-06-15 17:00:00,2.2768333333333337,3.3,4.5785,5.017666666666667
2025-06-15 18:00:00,3.2025,5.437833333333333,5.913333333333333,5.783666666666666
2025-06-15 19:00:00,3.8303333333333334,6.972666666666667,6.2335,5.7365
2025-06-15 20:00:00,3.2366666666666664,4.255833333333333,3.8594999999999997,3.3301666666666665
2025-06-15 21:00:00,3.0548333333333333,3.234166666666667,3.380333333333333,3.8786666666666667
2025-06-15 22:00:00,2.9156666666666666,2.7948333333333335,3.6736666666666666,3.1823333333333332
2025-06-15 23:00:00,2.8738333333333332,3.8223333333333334,4.019333333333333,2.671
2025-06-16 00:00:00,3.1145,4.395,3.9488333333333334,3.6753333333333336
2025-06-16 01:00:00,3.1715,4.506833333333334,3.2816666666666667,4.109333333333334
2025-06-16 02:00:00,3.1301666666666668,4.250333333333334,3.9665000000000004,5.215333333333334
2025-06-16 03:00:00,3.4636666666666667,5.2669999999999995,4.3845,5.541833333333333
2025-06-16 04:00:00,3.3056666666666668,4.956833333333334,4.817833333333334,5.6415
2025-06-16 05:00:00,3.668833333333333,5.874333333333333,5.455166666666667,6.622
2025-06-16 06:00:00,3.9650000000000003,5.967333333333333,5.841333333333334,6.0248333333333335
2025-06-16 07:00:00,3.9746666666666663,6.061999999999999,5.3805,5.841833333333333
2025-06-16 08:00:00,4.1525,5.779833333333333,4.554833333333334,5.6575
2025-06-16 09:00:00,3.1824999999999997,4.615333333333334,3.9955,4.763
2025-06-16 10:00:00,3.0503333333333336,3.927333333333333,3.702833333333333,4.546166666666666
2025-06-16 11:00:00,2.4665000000000004,3.636,2.7271666666666667,3.7588333333333335
2025-06-16 12:00:00,2.167333333333333,2.462,2.458666666666667,3.947666666666667
2025-06-16 13:00:00,1.7175,1.713,2.4153333333333338,2.6766666666666667
2025-06-16 14:00:00,1.6573333333333333,1.9308333333333332,1.3613333333333333,1.1180666666666668
2025-06-16 15:00:00,1.4575,1.4516666666666667,1.6446666666666667,1.0522666666666667
2025-06-16 16:00:00,1.483,1.345,1.4518333333333333,0.863
2025-06-16 17:00:00,1.5218333333333334,0.8213666666666667,2.1978333333333335,0.9358166666666666
2025-06-16 18:00:00,1.2118333333333333,0.78225,2.0907333333333336,1.25275
2025-06-16 19:00:00,0.9543999999999999,0.16554333333333335,0.6404833333333334,1.3611666666666666
2025-06-16 20:00:00,0.57405,0.8250666666666666,0.13263333333333333,1.4805
2025-06-16 21:00:00,0.7676999999999999,0.7013666666666667,0.0,1.9711666666666665
2025-06-16 22:00:00,0.3749366666666667,0.997,0.0,1.9409999999999998
2025-06-16 23:00:00,1.10395,0.96045,0.0,1.773
2025-06-17 00:00:00,1.3038999999999998,1.0788833333333334,0.0,1.3171666666666666
2025-06-17 01:00:00,1.3134833333333333,1.4293333333333331,1.0762099999999999,0.74425
2025-06-17 02:00:00,1.774,1.5410000000000001,2.0775,0.9358833333333333
2025-06-17 03:00:00,2.6358333333333333,2.7338333333333336,3.182166666666667,2.4658333333333333
2025-06-17 04:00:00,2.6218333333333335,3.4861666666666666,3.564833333333333,3.442833333333333
2025-06-17 05:00:00,2.666,3.3758333333333335,3.215333333333333,3.2386666666666666
2025-06-17 06:00:00,2.8113333333333332,3.2239999999999998,3.3515,3.6043333333333334
2025-06-17 07:00:00,2.7621666666666664,3.5013333333333336,3.1891666666666665,3.1921666666666666
2025-06-17 08:00:00,2.692833333333333,3.271333333333333,2.7501666666666664,2.935166666666667
2025-06-17 09:00:00,2.329,2.7834999999999996,2.3825,2.130666666666667
2025-06-17 10:00:00,1.9948333333333332,2.2963333333333336,1.4962333333333333,1.8466666666666667
2025-06-17 11:00:00,1.7295,2.0483333333333333,1.1743666666666668,1.3133666666666668
2025-06-17 12:00:00,1.356,1.3771666666666667,0.59715,1.0525
2025-06-17 13:00:00,1.7008333333333332,1.0693,0.5223,1.1078166666666667
2025-06-17 14:00:00,1.5986666666666667,0.8094833333333333,0.4204833333333333,0.5182
2025-06-17 15:00:00,2.2348333333333334,1.1602166666666667,0.022916666666666665,1.9786666666666666
2025-06-17 16:00:00,1.7680666666666667,1.375,0.0,2.3296666666666668
2025-06-17 17:00:00,0.9645499999999999,0.9830333333333333,0.0,2.3958333333333335
2025-06-17 18:00:00,1.6505,1.4340666666666666,0.0,2.4061666666666666
2025-06-17 19:00:00,2.7036666666666664,1.20855,0.0,2.246666666666667
2025-06-17 20:00:00,2.6558333333333333,1.3501333333333332,0.0,2.3363333333333336
2025-06-17 21:00:00,2.655333333333333,1.4835,0.00875,1.9743333333333333
2025-06-17 22:00:00,1.3915499999999998,1.5208333333333333,0.15125000000000002,1.9206666666666665
2025-06-17 23:00:00,1.7582166666666665,1.594,0.23920333333333332,1.8976666666666666
2025-06-18 00:00:00,2.4603333333333333,1.2211666666666665,0.31745,1.5131666666666668
2025-06-18 01:00:00,2.4258333333333337,1.4685,0.7543500000000001,1.4651666666666665
2025-06-18 02:00:00,2.4868333333333337,2.233166666666667,2.64,1.1528500000000002
2025-06-18 03:00:00,2.8486666666666665,2.9996666666666667,2.133666666666667,1.9796666666666667
2025-06-18 04:00:00,3.0195,3.235,3.0145,2.658333333333333
2025-06-18 05:00:00,3.0881666666666665,3.7843333333333335,3.634666666666667,4.132666666666667
2025-06-18 06:00:00,3.2111666666666663,4.424,4.563166666666667,4.767833333333333
2025-06-18 07:00:00,3.7361666666666666,4.840833333333333,4.075333333333334,5.299333333333333
2025-06-18 08:00:00,3.8598333333333334,5.105833333333334,4.488833333333333,5.418833333333334
2025-06-18 09:00:00,3.5116666666666663,4.714666666666667,4.178833333333333,4.7330000000000005
2025-06-18 10:00:00,3.0045,3.8865,3.6246666666666667,4.909000000000001
2025-06-18 11:00:00,3.3073333333333332,4.358833333333334,3.058666666666667,4.332
2025-06-18 12:00:00,2.6823333333333332,3.692833333333333,2.7895,4.138166666666667
2025-06-18 13:00:00,1.8051666666666668,2.3478333333333334,1.889,3.2258333333333336
2025-06-18 14:00:00,1.698,1.6757666666666668,1.2901333333333334,1.0403666666666667
2025-06-18 15:00:00,1.3144333333333333,0.42258333333333337,1.6306666666666667,0.5992166666666667
2025-06-18 16:00:00,0.5895499999999999,0.29813500000000004,1.0873666666666668,1.3485
2025-06-18 17:00:00,0.6577833333333333,0.6748666666666666,0.0,1.3162166666666666
2025-06-18 18:00:00,0.9709833333333333,0.9633333333333334,0.0,1.2951666666666666
2025-06-18 19:00:00,0.7878833333333333,0.9059166666666666,0.12629333333333334,1.4513333333333334
2025-06-18 20:00:00,0.9961166666666668,1.371,0.06709999999999999,1.4391666666666665
2025-06-18 21:00:00,2.0544,1.3818333333333332,0.13281,1.1524666666666665
2025-06-18 22:00:00,2.7138333333333335,1.6410000000000002,2.22475,0.3271
2025-06-18 23:00:00,1.9645000000000001,2.097,3.7978333333333336,0.28354999999999997
2025-06-19 00:00:00,1.869,2.5225,3.575,3.1447166666666666
2025-06-19 01:00:00,2.8511666666666664,4.3469999999999995,4.143,4.4605
2025-06-19 02:00:00,3.4265,4.881666666666666,5.058833333333334,4.2075
2025-06-19 03:00:00,3.992166666666667,6.414333333333333,4.8516666666666675,5.3235
2025-06-19 04:00:00,4.352833333333334,6.412333333333334,4.895666666666667,5.775
2025-06-19 05:00:00,4.462833333333333,6.783833333333333,4.855666666666666,6.067833333333334
2025-06-19 06:00:00,4.928166666666667,6.781166666666667,4.7571666666666665,6.484166666666667
2025-06-19 07:00:00,4.727,6.480333333333333,5.444833333333333,6.421666666666667
2025-06-19 08:00:00,4.699833333333333,6.3629999999999995,5.1875,6.466666666666667
2025-06-19 09:00:00,4.3998333333333335,6.755166666666667,5.459833333333333,5.9695
2025-06-19 10:00:00,4.5104999999999995,6.173666666666667,4.508333333333334,5.162166666666667
2025-06-19 11:00:00,4.218833333333333,5.638000000000001,5.402333333333333,5.040333333333334
2025-06-19 12:00:00,3.5685000000000002,4.4830000000000005,4.4285,4.668333333333334
2025-06-19 13:00:00,3.1086666666666667,3.204,2.9703333333333335,4.169666666666667
2025-06-19 14:00:00,1.3251333333333333,2.4225,1.9406666666666665,2.5810000000000004
2025-06-19 15:00:00,0.4948,1.1932833333333333,1.7553333333333332,1.4869999999999999
2025-06-19 16:00:00,0.5323166666666667,1.1643166666666667,1.0739166666666666,0.8974666666666666
2025-06-19 17:00:00,0.45246000000000003,0.2588916666666667,1.0967166666666666,0.0
2025-06-19 18:00:00,0.8378,0.5417833333333333,1.7480666666666667,0.09666666666666666
2025-06-19 19:00:00,1.0378833333333335,0.24559166666666668,1.0277166666666666,0.06416666666666666
2025-06-19 20:00:00,0.25033333333333335,0.3980166666666667,0.67435,0.88125
2025-06-19 21:00:00,0.24748333333333333,0.38837,0.05366666666666667,0.9561333333333334
2025-06-19 22:00:00,0.6011666666666666,0.6165,0.0,1.0220166666666666
2025-06-19 23:00:00,0.06803333333333333,0.46481999999999996,0.3728166666666667,1.08305
2025-06-20 00:00:00,0.16778333333333334,0.8790166666666667,0.07815,0.38125333333333333
2025-06-20 01:00:00,1.5138333333333334,0.9406333333333333,0.8320500000000001,0.9826999999999999
2025-06-20 02:00:00,1.7231666666666667,1.3798333333333332,1.1284166666666666,1.2418166666666666
2025-06-20 03:00:00,2.271333333333333,2.7946666666666666,2.1518333333333337,1.5039
2025-06-20 04:00:00,2.4646666666666666,2.6845,2.1731666666666665,3.055833333333333
2025-06-20 05:00:00,2.4251666666666667,2.9114999999999998,2.5225,2.9643333333333337
2025-06-20 06:00:00,2.5683333333333334,3.0246666666666666,2.3368333333333333,2.6835
2025-06-20 07:00:00,2.4881666666666664,3.4515000000000002,2.7991666666666664,2.723
2025-06-20 08:00:00,2.734166666666667,3.1281666666666665,2.445,3.1046666666666667
2025-06-20 09:00:00,2.4046666666666665,2.9211666666666667,2.329833333333333,3.2733333333333334
2025-06-20 10:00:00,2.4018333333333333,2.8751666666666664,2.1986666666666665,2.9616666666666664
2025-06-20 11:00:00,2.8063333333333333,2.5765000000000002,1.7546666666666666,2.862
2025-06-20 12:00:00,2.131,2.7834999999999996,1.4365833333333335,2.5559999999999996
2025-06-20 13:00:00,0.8013833333333333,0.8053666666666667,1.7605,2.0728333333333335
2025-06-20 14:00:00,0.18553333333333333,1.0081666666666667,0.8408666666666667,1.4716666666666667
2025-06-20 15:00:00,0.25666666666666665,1.642,0.09949999999999999,1.637
2025-06-20 16:00:00,0.056666666666666664,1.4948333333333332,0.0,1.3443
2025-06-20 17:00:00,0.0,0.8710333333333333,0.2686,2.2963333333333336
2025-06-20 18:00:00,0.21333666666666667,0.7005333333333332,0.033133333333333334,2.4406666666666665
2025-06-20 19:00:00,0.5586166666666668,0.9335166666666667,0.0,2.1498333333333335
2025-06-20 20:00:00,0.60801,0.8916833333333333,0.0,2.185
2025-06-20 21:00:00,0.60155,0.9046833333333333,0.0,2.2693333333333334
2025-06-20 22:00:00,1.4319333333333333,0.8886166666666667,0.0,2.043833333333333
2025-06-20 23:00:00,2.4331666666666667,1.5240833333333332,0.0,2.5290000000000004
2025-06-21 00:00:00,2.395,1.8005,0.17208333333333334,1.5426666666666666
2025-06-21 01:00:00,2.5785,2.2551666666666668,0.46074166666666666,1.6075000000000002
2025-06-21 02:00:00,2.5208333333333335,2.1635,0.8855666666666667,0.89335
2025-06-21 03:00:00,2.0245,1.6784999999999999,1.0861166666666666,1.0494333333333334
2025-06-21 04:00:00,1.8593333333333333,1.5403333333333333,1.4093666666666667,1.46725
2025-06-21 05:00:00,1.9791666666666667,1.3899666666666666,1.2977833333333335,1.6255166666666667
2025-06-21 06:00:00,1.3304,1.0538166666666666,1.0812833333333332,1.6351666666666667
2025-06-21 07:00:00,1.2193333333333334,1.0805166666666668,1.1525333333333334,1.3526666666666667
2025-06-21 08:00:00,1.0339833333333333,1.3385333333333334,0.8734666666666667,1.477
2025-06-21 09:00:00,1.4277833333333334,0.7565166666666666,0.6066666666666667,1.0415833333333333
2025-06-21 10:00:00,1.4583666666666666,0.7779,0.9208000000000001,1.3596666666666666
2025-06-21 11:00:00,1.7158333333333333,0.7867166666666667,0.7051499999999999,0.6801833333333334
2025-06-21 12:00:00,0.8257,0.39630333333333334,0.7428166666666667,1.5063333333333333
2025-06-21 13:00:00,0.04375,0.9922666666666667,0.8091333333333334,1.7105
2025-06-21 14:00:00,0.5098166666666667,1.3981,0.2580266666666667,1.8343333333333334
2025-06-21 15:00:00,2.2136666666666667,2.395166666666667,0.09949999999999999,1.928
2025-06-21 16:00:00,2.5050000000000003,2.055833333333333,0.15068333333333334,2.204833333333333
2025-06-21 17:00:00,2.9125,1.607,0.12276666666666666,2.2935
2025-06-21 18:00:00,3.0165,2.333666666666667,0.0,2.0615
2025-06-21 19:00:00,2.7838333333333334,1.6203333333333334,0.0,2.2746666666666666
2025-06-21 20:00:00,3.1921666666666666,2.0908333333333333,0.0,3.0031666666666665
2025-06-21 21:00:00,2.477333333333333,2.316666666666667,0.63742,2.2845
2025-06-21 22:00:00,2.527,2.0968333333333335,0.46646666666666664,2.7215
2025-06-21 23:00:00,1.8141666666666665,1.8663333333333334,0.50357,2.048
2025-06-22 00:00:00,2.6578333333333335,2.0356666666666667,0.028133333333333333,2.133666666666667
2025-06-22 01:00:00,2.3956666666666666,1.9875,0.24154166666666665,2.3988333333333336
2025-06-22 02:00:00,1.9006666666666665,1.6308333333333331,0.9452666666666667,2.1868333333333334
2025-06-22 03:00:00,1.5403333333333333,1.7588333333333332,1.1904833333333333,1.9375
2025-06-22 04:00:00,1.8136666666666665,1.986,1.6681666666666668,2.1413333333333333
2025-06-22 05:00:00,2.3545000000000003,2.7361666666666666,2.2906666666666666,3.132833333333333
2025-06-22 06:00:00,3.309833333333333,3.4930000000000003,3.6728333333333336,3.4699999999999998
2025-06-22 07:00:00,3.4133333333333336,3.1319999999999997,3.2606666666666664,4.5169999999999995
2025-06-22 08:00:00,3.0008333333333335,3.1576666666666666,3.047166666666667,4.312833333333333
2025-06-22 09:00:00,2.9718333333333335,3.491,3.2613333333333334,3.6653333333333333
2025-06-22 10:00:00,2.914833333333333,3.4306666666666668,3.138,3.4225
2025-06-22 11:00:00,2.671,3.5151666666666666,2.957333333333333,3.8628333333333336
2025-06-22 12:00:00,2.4415,2.916166666666667,2.5343333333333335,2.772
2025-06-22 13:00:00,2.3588333333333336,2.9128333333333334,2.0635,2.3689999999999998
2025-06-22 14:00:00,2.626,3.130666666666667,1.6909999999999998,1.9478333333333333
2025-06-22 15:00:00,3.1593333333333335,3.5146666666666664,1.4311666666666667,2.363
2025-06-22 16:00:00,3.2015000000000002,3.6253333333333333,1.2850666666666666,2.7143333333333337
2025-06-22 17:00:00,3.542333333333333,4.253,0.7056166666666666,3.6125
2025-06-22 18:00:00,3.832,3.8263333333333334,0.8776333333333334,3.6598333333333333
2025-06-22 19:00:00,3.6746666666666665,3.3256666666666663,0.7812666666666667,3.687
2025-06-22 20:00:00,3.6385,3.7583333333333333,1.4364999999999999,4.353
2025-06-22 21:00:00,4.166833333333333,3.7079999999999997,1.5195,4.048166666666666
2025-06-22 22:00:00,4.801833333333334,3.867166666666667,1.3973,3.3699999999999997
2025-06-22 23:00:00,3.9568333333333334,3.1726666666666667,3.4621666666666666,3.2813333333333334
2025-06-23 00:00:00,4.3585,2.5191666666666666,1.3896166666666665,1.5117333333333334
2025-06-23 01:00:00,3.9175,2.1513333333333335,1.593,1.6198333333333332
2025-06-23 02:00:00,3.6986666666666665,2.8768333333333334,2.4245,1.1302166666666666
2025-06-23 03:00:00,3.6199999999999997,3.4835,2.364,1.9854999999999998
2025-06-23 04:00:00,4.697500000000001,4.201666666666666,3.8691666666666666,3.3925
2025-06-23 05:00:00,3.958666666666667,4.24,4.814166666666667,5.5553333333333335
2025-06-23 06:00:00,3.9785,4.112666666666667,4.280333333333333,5.7620000000000005
2025-06-23 07:00:00,4.0965,5.305833333333334,5.876,6.706833333333334
2025-06-23 08:00:00,4.963666666666667,6.275833333333334,5.788166666666667,6.8585
2025-06-23 09:00:00,3.009,3.5921666666666665,3.9661666666666666,3.0885000000000002
2025-06-23 10:00:00,4.735,3.433333333333333,4.8045,3.7986666666666666
2025-06-23 11:00:00,5.853666666666667,7.168666666666667,7.509,8.654
2025-06-23 12:00:00,6.150333333333333,9.377333333333333,7.559666666666667,8.483833333333333
2025-06-23 13:00:00,5.689166666666667,8.302666666666667,5.218500000000001,6.47
2025-06-23 14:00:00,3.5615,4.482166666666667,2.5069999999999997,4.664833333333333
2025-06-23 15:00:00,1.6864999999999999,1.6423333333333334,0.9327333333333333,1.9340000000000002
2025-06-23 16:00:00,2.1356666666666664,1.7745,1.2384833333333334,0.6574833333333333
2025-06-23 17:00:00,2.3245,1.9295,1.4185,0.35625
2025-06-23 18:00:00,2.722,1.788,1.1863333333333332,0.4888166666666667
2025-06-23 19:00:00,2.4853333333333336,1.9628333333333332,1.7058333333333333,0.33002000000000004
2025-06-23 20:00:00,2.115,1.7918333333333334,1.06995,0.6894666666666667
2025-06-23 21:00:00,1.9741666666666666,1.5044499999999998,1.2230833333333335,0.1922
2025-06-23 22:00:00,2.604,1.8271666666666666,1.0887666666666667,0.6194166666666666
2025-06-23 23:00:00,3.2395,2.0669999999999997,1.8143333333333334,0.4215933333333333
2025-06-24 00:00:00,2.571833333333333,2.370833333333333,1.9243333333333332,2.2314166666666666
2025-06-24 01:00:00,2.9141666666666666,3.0963333333333334,3.1501666666666663,3.5035000000000003
2025-06-24 02:00:00,3.645166666666667,3.9463333333333335,3.8553333333333333,3.6611666666666665
2025-06-24 03:00:00,4.274666666666667,4.463333333333334,4.618333333333334,6.337000000000001
2025-06-24 04:00:00,4.914333333333333,6.064166666666667,6.099166666666666,7.064666666666667
2025-06-24 05:00:00,5.1354999999999995,5.572,5.711833333333333,5.937
2025-06-24 06:00:00,4.4115,5.472833333333333,5.087000000000001,5.823666666666667
2025-06-24 07:00:00,4.401666666666667,4.9435,5.294833333333333,5.078
2025-06-24 08:00:00,4.021833333333333,4.665,3.6618333333333335,4.671666666666667
2025-06-24 09:00:00,3.478,3.7236666666666665,4.033833333333333,4.228
2025-06-24 10:00:00,3.178,3.6838333333333333,4.367,5.3185
2025-06-24 11:00:00,3.7005,4.2885,4.362166666666667,5.537166666666667
2025-06-24 12:00:00,3.8286666666666664,5.450500000000001,6.093500000000001,6.1001666666666665
2025-06-24 13:00:00,4.394,5.157833333333333,4.811833333333333,5.4265
2025-06-24 14:00:00,3.163,2.6665,2.6606666666666663,2.1838333333333333
2025-06-24 15:00:00,3.8401666666666667,2.6801666666666666,1.5853333333333335,0.6177166666666667
2025-06-24 16:00:00,4.025,2.4743333333333335,1.0492166666666667,0.5950833333333333
2025-06-24 17:00:00,3.806,3.0796666666666668,1.4599,1.3477333333333334
2025-06-24 18:00:00,3.2988333333333335,4.495333333333334,3.283166666666667,4.759666666666666
2025-06-24 19:00:00,3.2416666666666667,3.4021666666666666,1.9636666666666664,2.912
2025-06-24 20:00:00,4.262166666666666,2.504166666666667,1.4106333333333334,1.1898666666666666
2025-06-24 21:00:00,4.299833333333334,1.9705000000000001,0.9342166666666666,0.6896
2025-06-24 22:00:00,3.8421666666666665,1.8888333333333334,1.1391,0.6890166666666667
2025-06-24 23:00:00,4.017666666666667,1.8906666666666667,1.9676666666666667,0.8690833333333334
2025-06-25 00:00:00,2.6228333333333333,2.6003333333333334,3.2366666666666664,2.1462333333333334
2025-06-25 01:00:00,3.5814999999999997,4.075833333333334,4.12,6.0605
2025-06-25 02:00:00,5.029166666666667,6.1226666666666665,6.258333333333334,7.465333333333334
2025-06-25 03:00:00,4.718500000000001,5.668666666666667,5.3245000000000005,7.379499999999999
2025-06-25 04:00:00,4.689333333333334,5.3115,5.961333333333333,6.792666666666666
2025-06-25 05:00:00,4.6033333333333335,5.972166666666666,5.668166666666666,7.195166666666666
2025-06-25 06:00:00,5.0535,5.883166666666667,5.603666666666666,7.302333333333333
2025-06-25 07:00:00,4.7275,5.914,5.834333333333333,7.691999999999999
2025-06-25 08:00:00,5.0515,6.2665,6.328,7.6899999999999995
2025-06-25 09:00:00,3.6486666666666663,5.827666666666667,6.5921666666666665,7.5328333333333335
2025-06-25 10:00:00,2.8986666666666663,4.6125,5.672166666666667,6.8815
2025-06-25 11:00:00,2.2155,3.6614999999999998,3.9724999999999997,5.201333333333333
2025-06-25 12:00:00,2.5055,2.9593333333333334,3.1385,4.141166666666667
2025-06-25 13:00:00,1.3491833333333332,2.4386666666666668,1.5558333333333332,3.1856666666666666
2025-06-25 14:00:00,1.1385333333333334,1.2737333333333334,0.8404333333333334,0.4603
2025-06-25 15:00:00,0.5502833333333333,1.7011333333333334,1.0166333333333333,1.2259166666666668
2025-06-25 16:00:00,0.6893416666666667,2.0906666666666665,0.5698500000000001,1.1942
2025-06-25 17:00:00,1.0504166666666666,1.3756,0.5746,1.4180333333333333
2025-06-25 18:00:00,0.9064833333333334,1.0361333333333334,0.5007166666666667,1.0735666666666668
2025-06-25 19:00:00,0.6288333333333334,0.3254,0.025416666666666664,0.9819666666666667
2025-06-25 20:00:00,0.6299499999999999,0.47296,0.15041666666666667,0.8242416666666668
2025-06-25 21:00:00,0.5358166666666667,1.0813833333333334,0.16666666666666666,1.4344999999999999
2025-06-25 22:00:00,0.6272,0.8506333333333332,0.07288666666666667,1.6683333333333332
2025-06-25 23:00:00,0.8019499999999999,1.0436833333333333,0.5636,1.5286666666666666
2025-06-26 00:00:00,0.9150166666666666,2.4858333333333333,1.4366666666666668,1.9176666666666666
2025-06-26 01:00:00,1.0608166666666667,2.282166666666667,1.7168333333333334,2.6526666666666667
2025-06-26 02:00:00,1.5393333333333332,2.6253333333333333,2.8631666666666664,3.4226666666666663
2025-06-26 03:00:00,2.4975,2.6443333333333334,2.2823333333333333,2.7921666666666667
2025-06-26 04:00:00,2.7133333333333334,2.9241666666666664,2.2173333333333334,2.6975
2025-06-26 05:00:00,2.7666666666666666,3.6944999999999997,2.5393333333333334,2.1925000000000003
2025-06-26 06:00:00,3.206166666666667,3.3915,2.214833333333333,2.6305
2025-06-26 07:00:00,4.019666666666667,4.131833333333334,3.0091666666666668,2.573
2025-06-26 08:00:00,4.866,4.647833333333334,5.130833333333333,3.728
2025-06-26 09:00:00,5.047,5.0504999999999995,5.076666666666667,3.8898333333333333
2025-06-26 10:00:00,3.3911666666666664,3.9878333333333336,4.439166666666667,4.870166666666666
2025-06-26 11:00:00,3.305333333333333,3.902833333333333,4.2225,5.476333333333333
2025-06-26 12:00:00,3.673166666666667,6.097666666666667,6.559333333333333,6.942666666666667
2025-06-26 13:00:00,5.691166666666666,8.177666666666667,7.5008333333333335,8.7205
2025-06-26 14:00:00,3.5668333333333333,4.928833333333333,4.994166666666667,5.406166666666667
2025-06-26 15:00:00,4.335333333333334,5.246833333333333,5.152,6.160833333333333
2025-06-26 16:00:00,3.6635,4.456166666666666,5.421833333333334,5.4325
2025-06-26 17:00:00,3.3301666666666665,4.607166666666667,4.621833333333333,5.516
2025-06-26 18:00:00,2.9621666666666666,4.720166666666667,4.235666666666666,4.891666666666667
2025-06-26 19:00:00,3.5073333333333334,4.6113333333333335,4.6085,4.048333333333334
2025-06-26 20:00:00,2.8233333333333333,3.564,3.8415000000000004,1.9546666666666668
2025-06-26 21:00:00,3.0643333333333334,2.729833333333333,3.2965,1.3796833333333334
2025-06-26 22:00:00,3.159,3.529166666666667,3.7978333333333336,3.5015
2025-06-26 23:00:00,2.957,3.4551666666666665,3.6471666666666667,2.8991666666666664
2025-06-27 00:00:00,3.619333333333333,4.623,5.024166666666667,6.033333333333333
2025-06-27 01:00:00,4.282166666666667,5.476166666666667,5.754333333333333,6.862333333333334
2025-06-27 02:00:00,4.218500000000001,5.207,5.127833333333333,7.367166666666666
2025-06-27 03:00:00,4.111,4.766333333333334,5.541833333333333,6.1665
2025-06-27 04:00:00,4.022166666666667,5.441166666666666,5.626666666666667,6.673333333333333
2025-06-27 05:00:00,3.8954999999999997,4.7355,5.0945,6.053666666666667
2025-06-27 06:00:00,3.6006666666666667,4.868666666666667,5.0625,6.491166666666667
2025-06-27 07:00:00,3.3778333333333332,5.110166666666667,4.071166666666667,4.598666666666667
2025-06-27 08:00:00,2.4810000000000003,3.3636666666666666,4.482833333333334,4.629166666666666
2025-06-27 09:00:00,2.6758333333333337,4.2925,3.7075,4.2965
2025-06-27 10:00:00,3.140833333333333,3.3421666666666665,2.75,4.081166666666666
2025-06-27 11:00:00,2.7055000000000002,3.1390000000000002,3.1761666666666666,4.355666666666666
2025-06-27 12:00:00,2.3476666666666666,2.895,3.3941666666666666,2.9111666666666665
2025-06-27 13:00:00,2.114333333333333,2.04,2.3223333333333334,2.193166666666667
2025-06-27 14:00:00,1.7908333333333333,1.9703333333333333,2.3493333333333335,2.7595
2025-06-27 15:00:00,2.067833333333333,1.6705,2.2498333333333336,2.6488333333333336
2025-06-27 16:00:00,2.1555000000000004,2.1503333333333337,2.1396666666666664,1.9929999999999999
2025-06-27 17:00:00,2.013333333333333,2.094666666666667,2.176,2.252333333333333
2025-06-27 18:00:00,1.6503333333333332,1.8676666666666668,2.4290000000000003,2.2885
2025-06-27 19:00:00,1.7276666666666667,1.8456666666666666,2.366333333333333,2.2881666666666667
2025-06-27 20:00:00,1.8299999999999998,1.5534999999999999,1.7205000000000001,1.5677166666666666
2025-06-27 21:00:00,1.3751666666666666,1.4193333333333333,1.02705,0.42900000000000005
2025-06-27 22:00:00,2.004166666666667,1.4213333333333333,1.1799,0.4023083333333333
2025-06-27 23:00:00,1.849,1.1434166666666667,1.1417666666666666,0.5440766666666668
2025-06-28 00:00:00,2.1158333333333332,1.7006666666666668,1.75055,0.6881333333333334
2025-06-28 01:00:00,2.5820000000000003,2.3579999999999997,2.182666666666667,0.5714833333333333
2025-06-28 02:00:00,2.9103333333333334,2.3433333333333333,2.8209999999999997,2.57515
2025-06-28 03:00:00,2.9386666666666668,2.8825,3.0796666666666668,3.339
2025-06-28 04:00:00,2.7131666666666665,2.5641666666666665,2.9675000000000002,3.140333333333333
2025-06-28 05:00:00,2.903,2.8691666666666666,2.847166666666667,2.7885
2025-06-28 06:00:00,3.3358333333333334,3.515333333333333,3.6158333333333332,3.4051666666666667
2025-06-28 07:00:00,3.9021666666666666,4.094666666666667,4.468333333333334,5.408666666666666
2025-06-28 08:00:00,3.9923333333333333,4.547166666666667,4.5735,5.455166666666667
2025-06-28 09:00:00,3.6603333333333334,4.574833333333333,5.078666666666666,5.416166666666666
2025-06-28 10:00:00,3.8273333333333337,4.533833333333333,5.0995,4.946
2025-06-28 11:00:00,3.961,5.045166666666666,5.007333333333333,5.548500000000001
2025-06-28 12:00:00,3.0236666666666663,3.908333333333333,4.7090000000000005,5.386166666666667
2025-06-28 13:00:00,2.729833333333333,3.4566666666666666,3.665833333333333,4.874333333333333
2025-06-28 14:00:00,1.7703333333333333,2.802333333333333,2.4339999999999997,2.9203333333333332
2025-06-28 15:00:00,2.240666666666667,2.8658333333333332,2.7745,2.185
2025-06-28 16:00:00,1.7591666666666665,2.5003333333333333,2.1753333333333336,1.1886666666666668
2025-06-28 17:00:00,1.821,2.2790000000000004,1.9963333333333333,0.49845
2025-06-28 18:00:00,1.5558333333333332,1.5675,1.2466833333333334,0.344225
2025-06-28 19:00:00,1.7143333333333333,1.6508333333333334,1.2303833333333332,0.36009166666666664
2025-06-28 20:00:00,1.3651666666666666,1.1318,1.7463333333333333,0.09000000000000001
2025-06-28 21:00:00,1.6091666666666666,1.0730833333333334,1.4331666666666665,0.0
2025-06-28 22:00:00,1.7983333333333331,1.2000666666666668,1.4058333333333333,0.0
2025-06-28 23:00:00,1.7088333333333334,1.6853333333333333,2.0206666666666666,0.0
2025-06-29 00:00:00,1.8969999999999998,1.9881666666666669,2.1608333333333336,0.08752666666666667
2025-06-29 01:00:00,2.0498333333333334,2.2996666666666665,2.8121666666666667,2.1145166666666664
2025-06-29 02:00:00,2.4473333333333334,2.944,2.9175,3.667666666666667
2025-06-29 03:00:00,2.9395000000000002,2.8459999999999996,3.6358333333333333,4.284000000000001
2025-06-29 04:00:00,3.5628333333333333,4.0968333333333335,4.0745,4.303666666666667
2025-06-29 05:00:00,3.5746666666666664,4.075666666666667,4.1691666666666665,4.965
2025-06-29 06:00:00,3.6261666666666668,4.3685,4.444,5.3585
2025-06-29 07:00:00,3.7516666666666665,4.958166666666667,4.953333333333333,5.8585
2025-06-29 08:00:00,3.865666666666667,5.094833333333333,4.800833333333333,5.667833333333333
2025-06-29 09:00:00,4.4585,5.557,4.500333333333333,6.399333333333333
2025-06-29 10:00:00,4.454666666666667,5.8116666666666665,5.861833333333333,6.946
2025-06-29 11:00:00,3.7903333333333333,5.0815,5.661166666666667,6.614833333333333
2025-06-29 12:00:00,3.8528333333333333,4.531166666666667,4.091333333333333,5.6875
2025-06-29 13:00:00,3.8556666666666666,5.4206666666666665,4.054,5.160166666666667
2025-06-29 14:00:00,2.558333333333333,3.9866666666666664,3.0753333333333335,3.9005
2025-06-29 15:00:00,2.3141666666666665,3.3313333333333333,3.193,3.4444999999999997
