Time,wind_m7,wind_m14,wind_m31,wind_m54
2025-04-02 17:00:00,0.865,0.9783333333333334,0.41500000000000004,0.03666666666666667
2025-04-02 18:00:00,0.43666666666666665,0.7466666666666666,1.425,0.16999999999999998
2025-04-02 19:00:00,0.445,0.66,1.8216666666666665,0.225
2025-04-02 20:00:00,0.35833333333333334,1.3150000000000002,1.1783333333333335,0.5383333333333333
2025-04-02 21:00:00,0.6083333333333333,1.8333333333333333,0.6116666666666667,0.635
2025-04-02 22:00:00,0.5733333333333334,1.895,0.25833333333333336,0.4083333333333333
2025-04-02 23:00:00,0.36500000000000005,1.01,0.060000000000000005,0.095
2025-04-03 00:00:00,0.21333333333333335,0.7183333333333334,0.14333333333333334,0.04000000000000001
2025-04-03 01:00:00,0.15333333333333335,1.3516666666666666,0.3466666666666667,0.15166666666666667
2025-04-03 02:00:00,0.020000000000000004,1.175,0.7033333333333334,0.5766666666666667
2025-04-03 03:00:00,0.325,1.415,0.5816666666666667,0.565
2025-04-03 04:00:00,0.6950000000000001,1.78,0.85,0.9416666666666667
2025-04-03 05:00:00,0.7899999999999999,2.0266666666666664,2.3033333333333332,1.7733333333333334
2025-04-03 06:00:00,1.2583333333333333,2.0016666666666665,2.506666666666667,1.4516666666666667
2025-04-03 07:00:00,1.2116666666666667,2.575,2.0033333333333334,1.6833333333333333
2025-04-03 08:00:00,0.9483333333333334,2.506666666666667,2.415,1.54
2025-04-03 09:00:00,0.6966666666666668,2.185,2.175,1.5133333333333332
2025-04-03 10:00:00,0.985,1.87,2.2800000000000002,1.38
2025-04-03 11:00:00,0.38999999999999996,1.4733333333333334,1.755,1.0683333333333331
2025-04-03 12:00:00,0.023333333333333334,0.5516666666666666,0.9683333333333334,0.2833333333333333
2025-04-03 13:00:00,0.0,0.005,0.67,0.0
2025-04-03 14:00:00,0.0,0.0,0.36666666666666664,0.0
2025-04-03 15:00:00,0.21666666666666667,0.0,0.14833333333333334,0.0
2025-04-03 16:00:00,0.3266666666666667,0.0,0.0,0.0
2025-04-03 17:00:00,0.8333333333333334,0.0,0.4083333333333333,0.060000000000000005
2025-04-03 18:00:00,0.39166666666666666,0.0,0.5700000000000001,0.165
2025-04-03 19:00:00,0.165,0.0,0.07833333333333334,0.0
2025-04-03 20:00:00,0.24333333333333332,0.0,0.6066666666666667,0.185
2025-04-03 21:00:00,0.11333333333333333,0.0,0.26,0.0
2025-04-03 22:00:00,0.48666666666666664,0.0,0.29000000000000004,0.16666666666666666
2025-04-03 23:00:00,0.48000000000000004,0.0,0.020000000000000004,0.0
2025-04-04 00:00:00,0.9166666666666666,0.0,0.0,0.0
2025-04-04 01:00:00,0.8350000000000001,0.0,0.19333333333333333,0.19499999999999998
2025-04-04 02:00:00,0.47333333333333333,0.0,0.06166666666666667,0.4533333333333333
2025-04-04 03:00:00,0.48333333333333334,0.275,0.48166666666666663,0.335
2025-04-04 04:00:00,1.195,0.9516666666666667,1.1483333333333334,0.9166666666666666
2025-04-04 05:00:00,1.4016666666666666,1.0333333333333334,1.3483333333333334,0.995
2025-04-04 06:00:00,1.2433333333333332,1.355,1.3033333333333335,1.1066666666666667
2025-04-04 07:00:00,1.4183333333333332,1.4133333333333333,1.1466666666666667,1.18
2025-04-04 08:00:00,1.49,1.3983333333333334,1.5333333333333334,1.4516666666666667
2025-04-04 09:00:00,1.37,1.3599999999999999,0.9966666666666666,1.1266666666666665
2025-04-04 10:00:00,1.6166666666666667,1.6383333333333332,1.2066666666666668,1.4200000000000002
2025-04-04 11:00:00,1.5216666666666667,1.01,0.8833333333333333,1.1183333333333332
2025-04-04 12:00:00,0.7366666666666667,0.3466666666666667,0.4933333333333333,0.5583333333333333
2025-04-04 13:00:00,0.8983333333333333,0.0,0.5166666666666667,0.006666666666666667
2025-04-04 14:00:00,1.2533333333333334,0.07,0.44333333333333336,0.185
2025-04-04 15:00:00,1.4133333333333333,0.19333333333333333,0.5399999999999999,0.08666666666666667
2025-04-04 16:00:00,1.145,0.19333333333333333,0.49166666666666664,0.0
2025-04-04 17:00:00,1.6633333333333333,0.575,0.14166666666666666,0.245
2025-04-04 18:00:00,1.5266666666666666,0.6766666666666666,0.4266666666666667,0.8916666666666667
2025-04-04 19:00:00,1.6316666666666668,0.48666666666666664,0.3783333333333333,0.8366666666666667
2025-04-04 20:00:00,1.6366666666666667,0.58,0.6166666666666667,1.0416666666666667
2025-04-04 21:00:00,1.7933333333333332,0.36833333333333335,0.2816666666666667,0.9683333333333334
2025-04-04 22:00:00,1.6916666666666667,1.0366666666666666,1.2516666666666665,1.1033333333333333
2025-04-04 23:00:00,1.695,1.595,1.665,1.4766666666666666
2025-04-05 00:00:00,1.725,1.6333333333333333,2.1766666666666667,1.6366666666666667
2025-04-05 01:00:00,1.8566666666666667,1.8816666666666668,1.9816666666666667,1.7483333333333335
2025-04-05 02:00:00,2.1966666666666668,2.496666666666667,2.6366666666666663,1.8133333333333332
2025-04-05 03:00:00,2.135,2.7366666666666664,2.5,1.6849999999999998
2025-04-05 04:00:00,2.8216666666666668,3.3983333333333334,3.1683333333333334,3.478333333333333
2025-04-05 05:00:00,3.6683333333333334,3.6683333333333334,4.168333333333333,3.578333333333333
2025-04-05 06:00:00,3.496666666666667,3.7183333333333333,3.865,3.3516666666666666
2025-04-05 07:00:00,3.393333333333333,2.871666666666667,4.098333333333334,3.9033333333333333
2025-04-05 08:00:00,3.453333333333333,3.295,3.783333333333333,3.7066666666666666
2025-04-05 09:00:00,3.4633333333333334,2.885,3.981666666666667,3.8216666666666668
2025-04-05 10:00:00,3.445,3.856666666666667,3.7383333333333337,4.183333333333334
2025-04-05 11:00:00,4.38,4.551666666666667,4.426666666666667,4.193333333333333
2025-04-05 12:00:00,4.088333333333334,3.9650000000000003,4.825,4.069999999999999
2025-04-05 13:00:00,3.493333333333333,3.205,3.49,4.245
2025-04-05 14:00:00,3.3449999999999998,3.4716666666666667,4.035,3.7616666666666663
2025-04-05 15:00:00,2.5366666666666666,2.371666666666667,2.716666666666667,2.5566666666666666
2025-04-05 16:00:00,2.0349999999999997,2.013333333333333,2.0883333333333334,2.2633333333333336
2025-04-05 17:00:00,1.38,1.0483333333333333,1.3,1.4716666666666667
2025-04-05 18:00:00,1.1233333333333335,0.65,1.2883333333333333,1.5450000000000002
2025-04-05 19:00:00,1.1016666666666666,0.8783333333333334,1.7,2.095
2025-04-05 20:00:00,0.9683333333333334,0.7033333333333334,1.1433333333333333,1.29
2025-04-05 21:00:00,0.9149999999999999,0.6549999999999999,1.3416666666666666,1.3216666666666665
2025-04-05 22:00:00,0.9516666666666667,0.6283333333333334,1.3016666666666665,1.4733333333333334
2025-04-05 23:00:00,0.7516666666666667,0.44333333333333336,1.0983333333333334,1.11
2025-04-06 00:00:00,0.7666666666666667,0.4583333333333333,0.7533333333333334,0.9116666666666667
2025-04-06 01:00:00,1.755,1.1716666666666666,2.6550000000000002,1.7183333333333333
2025-04-06 02:00:00,2.625,2.8666666666666667,2.8366666666666664,2.408333333333333
2025-04-06 03:00:00,3.368333333333333,3.2550000000000003,3.646666666666667,3.4033333333333333
2025-04-06 04:00:00,3.533333333333333,2.993333333333333,4.091666666666667,3.525
2025-04-06 05:00:00,3.515,2.925,3.4016666666666664,2.9266666666666667
2025-04-06 06:00:00,3.275,2.9616666666666664,3.378333333333333,3.143333333333333
2025-04-06 07:00:00,3.253333333333333,2.268333333333333,3.0833333333333335,3.2933333333333334
2025-04-06 08:00:00,3.246666666666667,2.4633333333333334,3.216666666666667,3.085
2025-04-06 09:00:00,4.128333333333333,2.628333333333333,3.2916666666666665,3.296666666666667
2025-04-06 10:00:00,3.353333333333333,2.8633333333333337,3.316666666666667,3.341666666666667
2025-04-06 11:00:00,3.271666666666667,2.5166666666666666,3.175,3.3833333333333333
2025-04-06 12:00:00,2.325,1.7766666666666666,2.5366666666666666,2.5300000000000002
2025-04-06 13:00:00,1.1716666666666666,0.76,1.12,1.1616666666666666
2025-04-06 14:00:00,1.155,0.6166666666666667,0.8683333333333334,1.3233333333333335
2025-04-06 15:00:00,0.8350000000000001,0.4483333333333333,0.7966666666666666,0.8366666666666667
2025-04-06 16:00:00,0.7683333333333333,0.365,0.7899999999999999,0.86
2025-04-06 17:00:00,0.8416666666666667,0.33666666666666667,0.5549999999999999,0.7183333333333334
2025-04-06 18:00:00,0.9033333333333334,0.2733333333333334,0.5683333333333334,0.6283333333333334
2025-04-06 19:00:00,1.0283333333333333,0.25166666666666665,0.6116666666666666,0.77
2025-04-06 20:00:00,1.3516666666666666,0.9166666666666666,0.715,0.6716666666666666
2025-04-06 21:00:00,0.8966666666666666,0.6766666666666666,0.55,0.93
2025-04-06 22:00:00,1.1216666666666666,0.6766666666666666,0.7833333333333333,1.0233333333333332
2025-04-06 23:00:00,1.5066666666666668,0.895,0.78,1.0050000000000001
2025-04-07 00:00:00,1.6633333333333333,1.0616666666666668,0.865,1.165
2025-04-07 01:00:00,1.5133333333333332,1.005,1.0383333333333333,1.23
2025-04-07 02:00:00,1.5333333333333334,1.1116666666666668,1.0733333333333335,1.1283333333333334
2025-04-07 03:00:00,1.8016666666666665,1.4666666666666666,1.2583333333333333,1.8133333333333332
2025-04-07 04:00:00,1.9933333333333332,1.9316666666666669,1.465,1.7233333333333334
2025-04-07 05:00:00,2.54,1.9216666666666666,1.9233333333333333,1.6266666666666667
2025-04-07 06:00:00,2.3366666666666664,1.8716666666666666,2.111666666666667,2.36
2025-04-07 07:00:00,2.185,1.7866666666666666,1.925,2.03
2025-04-07 08:00:00,2.0633333333333335,1.6533333333333333,1.835,1.7266666666666666
2025-04-07 09:00:00,2.3883333333333336,1.6183333333333332,2.2133333333333334,2.5966666666666667
2025-04-07 10:00:00,1.9783333333333333,1.3966666666666667,1.8966666666666667,2.2266666666666666
2025-04-07 11:00:00,1.1583333333333334,1.1683333333333332,1.4566666666666668,1.7416666666666667
2025-04-07 12:00:00,1.3166666666666667,0.7416666666666667,0.6816666666666666,1.0433333333333334
2025-04-07 13:00:00,0.435,0.19166666666666668,0.38,0.25833333333333336
2025-04-07 14:00:00,0.455,0.45,0.38666666666666666,0.23166666666666666
2025-04-07 15:00:00,0.8416666666666667,0.15166666666666667,0.47,0.40166666666666667
2025-04-07 16:00:00,0.7416666666666667,0.4983333333333333,0.39166666666666666,0.4516666666666667
2025-04-07 17:00:00,0.795,0.18833333333333332,0.5816666666666667,0.4166666666666667
2025-04-07 18:00:00,1.1433333333333335,0.025,0.525,0.4983333333333333
2025-04-07 19:00:00,1.2183333333333333,0.3016666666666667,0.475,0.5033333333333333
2025-04-07 20:00:00,1.1566666666666667,0.41833333333333333,0.445,0.6516666666666667
2025-04-07 21:00:00,1.4283333333333335,0.44333333333333336,0.48000000000000004,0.765
2025-04-07 22:00:00,1.5483333333333333,0.145,0.2833333333333333,0.5266666666666667
2025-04-07 23:00:00,1.4233333333333333,0.255,0.2833333333333333,0.6666666666666666
2025-04-08 00:00:00,1.725,0.4166666666666667,0.5133333333333333,0.7100000000000001
2025-04-08 01:00:00,1.7633333333333332,1.0816666666666668,1.0366666666666666,0.7933333333333333
2025-04-08 02:00:00,1.8866666666666667,1.885,1.8066666666666669,2.216666666666667
2025-04-08 03:00:00,2.4016666666666664,2.131666666666667,2.2266666666666666,2.3266666666666667
2025-04-08 04:00:00,2.4016666666666664,2.33,2.1633333333333336,2.4233333333333333
2025-04-08 05:00:00,2.5416666666666665,2.2150000000000003,3.003333333333333,2.9266666666666667
2025-04-08 06:00:00,2.67,2.6383333333333336,2.6616666666666666,2.6783333333333332
2025-04-08 07:00:00,2.9383333333333335,2.3983333333333334,2.5683333333333334,2.8466666666666667
2025-04-08 08:00:00,2.628333333333333,2.2483333333333335,2.9316666666666666,2.5716666666666668
2025-04-08 09:00:00,2.5733333333333333,2.3366666666666664,2.3883333333333336,2.605
2025-04-08 10:00:00,3.0083333333333333,2.2199999999999998,2.566666666666667,2.4699999999999998
2025-04-08 11:00:00,1.6216666666666666,1.2283333333333333,1.615,1.7133333333333334
2025-04-08 12:00:00,0.995,0.7899999999999999,0.9166666666666666,0.8816666666666666
2025-04-08 13:00:00,1.165,0.065,0.785,0.4983333333333333
2025-04-08 14:00:00,1.1233333333333335,0.15166666666666667,0.5283333333333333,0.0
2025-04-08 15:00:00,1.1483333333333334,0.0,0.006666666666666667,0.0
2025-04-08 16:00:00,0.8933333333333333,0.0,0.16,0.0
2025-04-08 17:00:00,1.18,0.0,0.16333333333333336,0.0
2025-04-08 18:00:00,1.3299999999999998,0.0,0.12166666666666666,0.0
2025-04-08 19:00:00,0.35,0.0,0.38666666666666666,0.0
2025-04-08 20:00:00,0.3566666666666667,0.0,0.20666666666666667,0.0
2025-04-08 21:00:00,0.12333333333333334,0.0,0.08666666666666667,0.0
2025-04-08 22:00:00,0.24833333333333335,0.0,0.28833333333333333,0.0
2025-04-08 23:00:00,0.17833333333333332,0.029999999999999995,0.35833333333333334,0.13333333333333333
2025-04-09 00:00:00,0.3733333333333333,0.31333333333333335,0.755,0.505
2025-04-09 01:00:00,0.6866666666666668,0.045,0.4216666666666667,0.17333333333333334
2025-04-09 02:00:00,0.6016666666666667,0.28,0.4316666666666667,0.3416666666666667
2025-04-09 03:00:00,0.6366666666666667,0.15833333333333333,0.43666666666666665,0.4583333333333333
2025-04-09 04:00:00,1.0783333333333334,0.2833333333333333,0.2866666666666667,0.87
2025-04-09 05:00:00,1.0816666666666668,0.8833333333333333,0.66,0.8566666666666667
2025-04-09 06:00:00,0.6233333333333333,0.8316666666666667,0.8716666666666666,1.0333333333333334
2025-04-09 07:00:00,1.38,1.2783333333333333,0.815,1.4533333333333334
2025-04-09 08:00:00,2.728333333333333,2.42,1.5283333333333333,1.9383333333333332
2025-04-09 09:00:00,2.1550000000000002,3.075,1.3233333333333335,1.7816666666666667
2025-04-09 10:00:00,2.7583333333333333,2.3583333333333334,1.4816666666666667,2.091666666666667
2025-04-09 11:00:00,2.15,1.6283333333333334,1.1766666666666665,1.6133333333333333
2025-04-09 12:00:00,1.9283333333333335,1.02,1.2533333333333334,1.8166666666666667
2025-04-09 13:00:00,1.47,0.9933333333333334,0.6766666666666666,1.2833333333333334
2025-04-09 14:00:00,1.5483333333333333,1.29,0.65,1.3599999999999999
2025-04-09 15:00:00,1.555,1.1783333333333335,0.7233333333333333,1.5233333333333334
2025-04-09 16:00:00,2.0633333333333335,0.9450000000000001,0.9,1.6700000000000002
2025-04-09 17:00:00,2.4949999999999997,1.4266666666666665,1.7950000000000002,2.2266666666666666
2025-04-09 18:00:00,2.7199999999999998,1.95,2.4433333333333334,2.368333333333333
2025-04-09 19:00:00,1.9733333333333332,1.2966666666666666,2.0516666666666667,1.9816666666666667
2025-04-09 20:00:00,1.8583333333333334,0.9800000000000001,1.6099999999999999,2.0083333333333333
2025-04-09 21:00:00,1.8599999999999999,1.2650000000000001,1.8616666666666668,2.086666666666667
2025-04-09 22:00:00,2.006666666666667,1.21,1.5983333333333334,2.14
2025-04-09 23:00:00,1.895,1.0033333333333334,1.4,2.1983333333333333
2025-04-10 00:00:00,1.6400000000000001,1.1133333333333333,1.2383333333333333,1.8283333333333334
2025-04-10 01:00:00,1.9016666666666668,1.4333333333333333,1.7133333333333334,2.243333333333333
2025-04-10 02:00:00,2.265,1.7166666666666666,2.058333333333333,2.64
2025-04-10 03:00:00,2.51,1.8916666666666666,2.015,2.64
2025-04-10 04:00:00,2.9650000000000003,2.0233333333333334,2.325,2.32
2025-04-10 05:00:00,2.935,2.356666666666667,2.2066666666666666,2.4483333333333333
2025-04-10 06:00:00,3.246666666666667,2.2633333333333336,2.3183333333333334,2.4050000000000002
2025-04-10 07:00:00,3.32,2.645,2.415,2.658333333333333
2025-04-10 08:00:00,3.3633333333333337,2.76,2.4516666666666667,2.99
2025-04-10 09:00:00,3.485,2.4866666666666664,2.18,2.878333333333333
2025-04-10 10:00:00,3.1633333333333336,1.9183333333333332,2.101666666666667,2.5233333333333334
2025-04-10 11:00:00,3.1133333333333337,1.995,1.8883333333333332,2.455
2025-04-10 12:00:00,2.3800000000000003,1.5483333333333333,1.2733333333333334,1.57
2025-04-10 13:00:00,1.63,1.4233333333333333,1.0116666666666667,0.8966666666666667
2025-04-10 14:00:00,1.5216666666666667,1.4416666666666667,1.3683333333333332,0.67
2025-04-10 15:00:00,2.091666666666667,1.8866666666666667,1.0883333333333334,0.6649999999999999
2025-04-10 16:00:00,2.5716666666666668,2.7933333333333334,1.4933333333333332,0.9800000000000001
2025-04-10 17:00:00,2.9099999999999997,3.375,1.725,1.5466666666666666
2025-04-10 18:00:00,2.83,3.67,1.925,1.7049999999999998
2025-04-10 19:00:00,3.125,4.6033333333333335,2.4866666666666664,1.65
2025-04-10 20:00:00,3.3800000000000003,4.864999999999999,2.6666666666666665,2.0883333333333334
2025-04-10 21:00:00,3.6300000000000003,4.48,2.771666666666667,2.825
2025-04-10 22:00:00,3.9516666666666667,3.395,2.621666666666667,3.271666666666667
2025-04-10 23:00:00,3.421666666666667,2.628333333333333,2.8033333333333332,3.433333333333333
2025-04-11 00:00:00,3.753333333333333,2.731666666666667,2.4683333333333333,2.3183333333333334
2025-04-11 01:00:00,3.2,2.4949999999999997,2.19,1.9216666666666666
2025-04-11 02:00:00,2.75,2.7233333333333336,2.19,2.17
2025-04-11 03:00:00,3.105,3.1633333333333336,2.12,2.335
2025-04-11 04:00:00,3.3400000000000003,3.566666666666667,2.6766666666666667,2.9383333333333335
2025-04-11 05:00:00,3.3483333333333336,4.016666666666667,2.4833333333333334,3.0300000000000002
2025-04-11 06:00:00,3.2199999999999998,2.9,2.0816666666666666,2.45
2025-04-11 07:00:00,3.475,2.283333333333333,2.518333333333333,2.5966666666666667
2025-04-11 08:00:00,3.256666666666667,2.0466666666666664,2.091666666666667,2.5316666666666667
2025-04-11 09:00:00,3.3183333333333334,2.295,2.7216666666666667,3.121666666666667
2025-04-11 10:00:00,2.175,1.28,1.845,2.07
2025-04-11 11:00:00,1.16,0.9166666666666666,0.9016666666666667,1.16
2025-04-11 12:00:00,0.43833333333333335,0.34833333333333333,0.52,0.36000000000000004
2025-04-11 13:00:00,0.5116666666666666,0.13,0.4166666666666667,0.8233333333333334
2025-04-11 14:00:00,0.6666666666666666,0.0,0.24833333333333335,0.25166666666666665
2025-04-11 15:00:00,0.7166666666666667,0.0,0.3466666666666667,0.08166666666666668
2025-04-11 16:00:00,0.44333333333333336,0.025,0.5083333333333333,0.44166666666666665
2025-04-11 17:00:00,0.19833333333333333,0.145,0.7366666666666667,0.06166666666666667
2025-04-11 18:00:00,0.5383333333333333,0.5333333333333333,0.33,0.145
2025-04-11 19:00:00,0.31166666666666665,0.385,0.23,0.023333333333333334
2025-04-11 20:00:00,0.1716666666666667,0.006666666666666667,0.28,0.06333333333333334
2025-04-11 21:00:00,0.425,0.14500000000000002,0.03666666666666667,0.0
2025-04-11 22:00:00,0.7266666666666667,0.0,0.0,0.0
2025-04-11 23:00:00,0.6016666666666667,0.0,0.0,0.27666666666666667
2025-04-12 00:00:00,0.64,0.0,0.20666666666666667,0.3383333333333333
2025-04-12 01:00:00,0.8300000000000001,1.0733333333333335,1.2650000000000001,0.5916666666666667
2025-04-12 02:00:00,1.395,1.5366666666666666,1.3299999999999998,1.2166666666666666
2025-04-12 03:00:00,1.6733333333333333,1.9233333333333333,1.9016666666666666,1.5
2025-04-12 04:00:00,2.02,2.0283333333333333,2.14,1.5716666666666665
2025-04-12 05:00:00,2.3633333333333337,2.566666666666667,2.4466666666666668,1.7633333333333332
2025-04-12 06:00:00,2.0733333333333333,2.58,1.9166666666666667,1.5483333333333333
2025-04-12 07:00:00,1.3966666666666667,1.5383333333333333,1.5233333333333334,1.465
2025-04-12 08:00:00,1.3916666666666666,1.3383333333333334,1.3466666666666667,1.3883333333333332
2025-04-12 09:00:00,1.1016666666666666,1.1716666666666666,1.37,1.0066666666666666
2025-04-12 10:00:00,0.865,0.7799999999999999,0.5416666666666666,1.0466666666666666
2025-04-12 11:00:00,0.5950000000000001,0.3716666666666667,0.3766666666666667,0.9333333333333333
2025-04-12 12:00:00,0.24000000000000002,0.0,0.05999999999999999,0.42
2025-04-12 13:00:00,0.12666666666666665,0.22333333333333333,0.42833333333333334,0.6566666666666666
2025-04-12 14:00:00,1.3816666666666668,0.5216666666666667,0.30333333333333334,1.29
2025-04-12 15:00:00,1.8816666666666668,0.6166666666666667,0.013333333333333334,1.02
2025-04-12 16:00:00,2.135,0.66,0.0,0.86
2025-04-12 17:00:00,2.1533333333333333,0.6266666666666667,0.17833333333333332,1.3316666666666668
2025-04-12 18:00:00,2.1166666666666667,0.33166666666666667,0.155,1.9866666666666668
2025-04-12 19:00:00,2.268333333333333,0.44333333333333336,0.12166666666666667,1.2983333333333333
2025-04-12 20:00:00,2.0933333333333333,0.5216666666666667,0.03333333333333333,1.1766666666666667
2025-04-12 21:00:00,1.6333333333333333,0.5883333333333333,0.12833333333333333,0.7966666666666667
2025-04-12 22:00:00,1.79,1.125,0.32166666666666666,1.1366666666666667
2025-04-12 23:00:00,2.4433333333333334,0.785,0.245,0.7116666666666667
2025-04-13 00:00:00,2.3616666666666664,0.9383333333333332,0.305,1.53
2025-04-13 01:00:00,2.455,0.9033333333333334,0.7899999999999999,2.746666666666667
2025-04-13 02:00:00,2.8466666666666667,0.6383333333333333,1.4183333333333334,2.518333333333333
2025-04-13 03:00:00,2.9983333333333335,0.865,1.965,2.9716666666666667
2025-04-13 04:00:00,2.9016666666666664,1.2650000000000001,2.0216666666666665,3.2449999999999997
2025-04-13 05:00:00,2.878333333333333,1.0416666666666667,2.578333333333333,3.0366666666666666
2025-04-13 06:00:00,2.6816666666666666,1.2166666666666666,2.2483333333333335,2.9099999999999997
2025-04-13 07:00:00,2.3449999999999998,1.865,2.603333333333333,2.9366666666666665
2025-04-13 08:00:00,2.591666666666667,0.9883333333333334,2.2216666666666667,2.815
2025-04-13 09:00:00,2.591666666666667,0.865,2.171666666666667,3.091666666666667
2025-04-13 10:00:00,2.145,0.92,1.8466666666666667,2.0100000000000002
2025-04-13 11:00:00,1.8733333333333335,0.5583333333333333,2.0,1.895
2025-04-13 12:00:00,1.9133333333333333,0.5516666666666666,2.3666666666666667,2.1383333333333336
2025-04-13 13:00:00,2.135,0.61,1.8583333333333334,2.045
2025-04-13 14:00:00,1.55,0.46166666666666667,1.1916666666666667,1.0716666666666665
2025-04-13 15:00:00,1.0733333333333335,0.38,1.3483333333333334,0.985
2025-04-13 16:00:00,0.9149999999999999,0.6366666666666667,1.5666666666666667,1.3066666666666669
2025-04-13 17:00:00,0.9416666666666667,0.8716666666666666,1.4383333333333332,1.4333333333333333
2025-04-13 18:00:00,1.105,1.0333333333333334,1.3016666666666665,0.9483333333333334
2025-04-13 19:00:00,0.8266666666666667,0.5433333333333333,0.39333333333333337,1.1383333333333332
2025-04-13 20:00:00,0.84,0.3283333333333333,0.165,0.5233333333333333
2025-04-13 21:00:00,0.46499999999999997,0.0,0.0,0.0
2025-04-13 22:00:00,0.8916666666666667,0.0,0.0,0.5266666666666667
2025-04-13 23:00:00,0.6433333333333333,0.0,0.15333333333333332,0.05666666666666667
2025-04-14 00:00:00,0.5566666666666666,0.0,0.18833333333333335,0.2916666666666667
2025-04-14 01:00:00,0.875,0.3783333333333333,0.7066666666666667,0.4633333333333333
2025-04-14 02:00:00,1.075,0.9666666666666667,1.62,0.9133333333333333
2025-04-14 03:00:00,1.2533333333333334,0.94,1.52,1.3466666666666667
2025-04-14 04:00:00,1.7051724137931035,1.0344827586206897,1.5810344827586207,1.3103448275862069
2025-04-14 05:00:00,2.07,2.1266666666666665,1.82,1.3150000000000002
2025-04-14 06:00:00,1.8916666666666666,2.1033333333333335,1.7733333333333334,1.5116666666666667
2025-04-14 07:00:00,1.3783333333333334,1.4516666666666667,1.84,1.5133333333333332
2025-04-14 08:00:00,1.7316666666666667,1.79,1.4416666666666667,1.4883333333333333
2025-04-14 09:00:00,1.6916666666666667,1.4466666666666665,1.0033333333333334,1.2916666666666667
2025-04-14 10:00:00,0.9233333333333333,0.7483333333333333,0.7216666666666666,0.9450000000000001
2025-04-14 11:00:00,0.9716666666666666,0.5633333333333334,0.7433333333333334,0.42
2025-04-14 12:00:00,0.78,0.48000000000000004,0.6933333333333334,0.26166666666666666
2025-04-14 13:00:00,0.8316666666666667,0.42833333333333334,0.615,0.0
2025-04-14 14:00:00,0.6816666666666666,1.0033333333333334,0.9783333333333334,0.1
2025-04-14 15:00:00,0.16333333333333336,1.15,1.0916666666666666,0.4716666666666667
2025-04-14 16:00:00,0.105,1.125,1.125,0.325
2025-04-14 17:00:00,0.8733333333333333,0.7266666666666667,0.64,0.9166666666666666
2025-04-14 18:00:00,0.89,0.6716666666666666,1.0033333333333334,0.7566666666666666
2025-04-14 19:00:00,0.7916666666666666,0.75,1.145,0.895
2025-04-14 20:00:00,0.855,0.6566666666666666,0.6766666666666666,0.8550000000000001
2025-04-14 21:00:00,0.4266666666666667,0.7683333333333333,1.0366666666666666,0.64
2025-04-14 22:00:00,0.43666666666666665,1.3533333333333333,1.3299999999999998,0.5516666666666666
2025-04-14 23:00:00,0.6066666666666667,1.0066666666666666,0.8066666666666666,0.365
2025-04-15 00:00:00,0.9983333333333333,1.1066666666666667,0.9933333333333334,0.995
2025-04-15 01:00:00,1.5150000000000001,1.4083333333333334,1.1433333333333333,1.3383333333333334
2025-04-15 02:00:00,2.256666666666667,1.71,1.3033333333333335,1.7650000000000001
2025-04-15 03:00:00,1.9566666666666666,2.0433333333333334,1.6566666666666667,1.6966666666666665
2025-04-15 04:00:00,2.6633333333333336,2.2133333333333334,1.405,2.485
2025-04-15 05:00:00,2.95,1.9666666666666666,1.2283333333333333,2.853333333333333
2025-04-15 06:00:00,2.3733333333333335,1.99,0.85,3.4466666666666668
2025-04-15 07:00:00,3.3766666666666665,1.6216666666666666,0.645,3.46
2025-04-15 08:00:00,3.115,1.5416666666666667,0.8,3.7866666666666666
2025-04-15 09:00:00,2.381666666666667,0.505,0.9,2.805
2025-04-15 10:00:00,3.04,0.8283333333333334,0.5683333333333334,3.2783333333333333
2025-04-15 11:00:00,3.8699999999999997,1.3033333333333335,0.9666666666666667,4.03
2025-04-15 12:00:00,2.985,1.085,0.575,3.4066666666666667
2025-04-15 13:00:00,2.146666666666667,0.9216666666666667,0.23666666666666666,2.0566666666666666
2025-04-15 14:00:00,1.6933333333333331,0.8016666666666666,0.4666666666666667,1.3583333333333334
2025-04-15 15:00:00,1.6483333333333334,0.685,0.31,1.095
2025-04-15 16:00:00,1.5833333333333333,0.75,0.455,1.0733333333333335
2025-04-15 17:00:00,1.9483333333333335,0.6683333333333333,0.155,1.1
2025-04-15 18:00:00,1.7883333333333333,0.57,0.0,0.92
2025-04-15 19:00:00,1.3666666666666667,0.2866666666666667,0.19833333333333333,1.05
2025-04-15 20:00:00,1.18,0.0,0.8866666666666666,0.65
2025-04-15 21:00:00,1.1083333333333334,0.0,1.0766666666666667,1.47
2025-04-15 22:00:00,1.265,0.0,1.4666666666666666,1.0433333333333334
2025-04-15 23:00:00,1.1416666666666666,0.13,1.79,1.1416666666666666
2025-04-16 00:00:00,1.0833333333333333,0.43166666666666664,1.29,1.0533333333333335
2025-04-16 01:00:00,1.0683333333333331,0.98,1.3283333333333334,1.2950000000000002
2025-04-16 02:00:00,1.6916666666666667,1.8933333333333333,1.6333333333333333,1.1666666666666667
2025-04-16 03:00:00,1.3116666666666668,1.2233333333333334,1.4316666666666669,1.72
2025-04-16 04:00:00,1.525,1.22,1.09,1.6783333333333335
2025-04-16 05:00:00,1.9316666666666669,1.1066666666666667,0.9816666666666667,2.5133333333333336
2025-04-16 06:00:00,2.2849999999999997,1.1383333333333332,1.0016666666666667,2.603333333333333
2025-04-16 07:00:00,2.21,1.5183333333333333,0.8516666666666667,2.8516666666666666
2025-04-16 08:00:00,1.87,1.46,0.98,3.375
2025-04-16 09:00:00,2.0566666666666666,1.47,0.745,2.415
2025-04-16 10:00:00,0.81,1.7,0.94,2.2583333333333333
2025-04-16 11:00:00,0.49,1.4166666666666667,0.8699999999999999,1.46
2025-04-16 12:00:00,1.0066666666666666,1.15,0.48500000000000004,1.665
2025-04-16 13:00:00,2.42,1.125,0.3283333333333333,2.355
2025-04-16 14:00:00,1.5266666666666666,0.6983333333333334,0.59,1.4033333333333333
2025-04-16 15:00:00,1.445,0.84,1.02,1.1316666666666668
2025-04-16 16:00:00,1.9266666666666665,0.9966666666666666,0.6566666666666666,1.2833333333333334
2025-04-16 17:00:00,1.8616666666666668,0.9916666666666667,1.1683333333333332,0.865
2025-04-16 18:00:00,2.275,1.0450000000000002,1.1116666666666668,1.5416666666666667
2025-04-16 19:00:00,2.4,1.1883333333333332,0.935,1.51
2025-04-16 20:00:00,2.1383333333333336,1.3150000000000002,0.745,2.5416666666666665
2025-04-16 21:00:00,2.868333333333333,1.35,0.6683333333333333,2.2449999999999997
2025-04-16 22:00:00,2.8483333333333336,1.3083333333333333,0.6733333333333333,1.5633333333333332
2025-04-16 23:00:00,2.6616666666666666,0.9983333333333333,0.345,1.5166666666666666
2025-04-17 00:00:00,2.5300000000000002,1.0016666666666667,0.35,1.8666666666666667
2025-04-17 01:00:00,3.283333333333333,1.4033333333333333,0.525,3.3
2025-04-17 02:00:00,3.8016666666666667,1.27,1.155,4.013333333333334
2025-04-17 03:00:00,4.680000000000001,1.3916666666666666,1.8966666666666667,4.835
2025-04-17 04:00:00,4.573333333333333,1.365,1.2516666666666665,5.043333333333334
2025-04-17 05:00:00,5.4783333333333335,1.48,2.895,5.423333333333333
2025-04-17 06:00:00,5.871666666666667,1.6566666666666667,2.9066666666666667,5.485
2025-04-17 07:00:00,5.263333333333334,1.5583333333333333,2.731666666666667,6.401666666666667
2025-04-17 08:00:00,5.198333333333333,1.2983333333333333,1.8866666666666667,5.775
2025-04-17 09:00:00,4.911666666666666,1.3033333333333335,2.1166666666666667,5.87
2025-04-17 10:00:00,5.051666666666667,1.5866666666666667,1.535,5.91
2025-04-17 11:00:00,4.819999999999999,1.3283333333333334,1.2366666666666668,4.906666666666666
2025-04-17 12:00:00,3.325,1.1916666666666667,0.5366666666666667,3.853333333333333
2025-04-17 13:00:00,3.5166666666666666,0.9466666666666667,1.48,4.118333333333333
2025-04-17 14:00:00,4.705,1.0766666666666667,1.63,4.3116666666666665
2025-04-17 15:00:00,4.28,0.9283333333333333,1.8183333333333331,4.141666666666667
2025-04-17 16:00:00,4.4383333333333335,1.0233333333333332,1.575,3.9050000000000002
2025-04-17 17:00:00,2.9183333333333334,0.5216666666666667,0.8566666666666667,2.111666666666667
2025-04-17 18:00:00,3.685,0.69,1.3016666666666665,2.368333333333333
2025-04-17 19:00:00,2.4050000000000002,1.1683333333333332,1.0916666666666666,2.2849999999999997
2025-04-17 20:00:00,2.46,3.9133333333333336,2.0416666666666665,1.6383333333333332
2025-04-17 21:00:00,2.395,2.506666666666667,1.4233333333333333,1.6516666666666666
2025-04-17 22:00:00,1.725,2.6516666666666664,1.45,1.5066666666666668
2025-04-17 23:00:00,1.4283333333333335,2.085,1.22,1.0416666666666667
2025-04-18 00:00:00,2.3116666666666665,3.0683333333333334,1.5933333333333333,1.755
2025-04-18 01:00:00,1.4400000000000002,2.1816666666666666,1.345,1.0316666666666667
2025-04-18 02:00:00,1.8633333333333333,2.5900000000000003,1.425,1.47
2025-04-18 03:00:00,1.5316666666666667,2.44,1.305,1.1183333333333332
2025-04-18 04:00:00,1.68,1.995,1.2,0.69
2025-04-18 05:00:00,1.6633333333333333,1.72,1.29,1.4100000000000001
2025-04-18 06:00:00,1.9266666666666667,1.8150000000000002,1.51,1.8783333333333334
2025-04-18 07:00:00,2.01,2.485,1.4083333333333334,1.6849999999999998
2025-04-18 08:00:00,2.11,2.5300000000000002,1.5966666666666667,1.8316666666666668
2025-04-18 09:00:00,2.2916666666666665,2.8066666666666666,1.405,1.2866666666666666
2025-04-18 10:00:00,1.8816666666666668,2.0783333333333336,1.3233333333333335,1.3299999999999998
2025-04-18 11:00:00,2.1016666666666666,1.7683333333333333,1.2216666666666667,1.5433333333333334
2025-04-18 12:00:00,1.8583333333333334,1.8433333333333333,1.1883333333333332,1.3016666666666665
2025-04-18 13:00:00,1.715,2.1283333333333334,1.5599999999999998,1.2383333333333333
2025-04-18 14:00:00,1.2433333333333332,1.9516666666666667,1.59,0.8233333333333334
2025-04-18 15:00:00,1.645,2.493333333333333,1.6383333333333332,1.0266666666666666
2025-04-18 16:00:00,1.29,1.9033333333333333,1.9833333333333334,1.0166666666666666
2025-04-18 17:00:00,1.3533333333333333,2.013333333333333,1.9583333333333333,0.9916666666666667
2025-04-18 18:00:00,1.3283333333333334,1.915,1.875,0.9483333333333334
2025-04-18 19:00:00,1.4633333333333334,2.2366666666666664,1.4849999999999999,0.995
2025-04-18 20:00:00,1.1716666666666666,1.5150000000000001,1.6216666666666666,0.6733333333333333
2025-04-18 21:00:00,1.3083333333333333,1.7466666666666666,0.9333333333333333,0.6799999999999999
2025-04-18 22:00:00,1.245,1.0833333333333333,1.0916666666666666,0.8933333333333333
2025-04-18 23:00:00,1.0816666666666668,0.8333333333333334,0.8,0.7733333333333333
2025-04-19 00:00:00,1.365,0.935,1.3333333333333333,0.8616666666666667
2025-04-19 01:00:00,1.3533333333333333,1.43,2.1599999999999997,0.765
2025-04-19 02:00:00,1.195,1.46,1.7633333333333332,0.8633333333333333
2025-04-19 03:00:00,1.1133333333333333,1.4400000000000002,1.3366666666666667,1.2266666666666666
2025-04-19 04:00:00,1.6900000000000002,2.066666666666667,1.5133333333333332,1.29
2025-04-19 05:00:00,1.7133333333333334,1.575,1.3766666666666665,0.8516666666666667
2025-04-19 06:00:00,1.0216666666666667,1.0416666666666667,0.66,0.6283333333333334
2025-04-19 07:00:00,0.7416666666666667,0.26,0.43333333333333335,0.5666666666666667
2025-04-19 08:00:00,0.6549999999999999,0.18166666666666667,0.15333333333333332,0.415
2025-04-19 09:00:00,0.7533333333333334,0.115,0.55,0.6433333333333333
2025-04-19 10:00:00,0.7816666666666666,0.6966666666666667,0.5766666666666667,0.4233333333333334
2025-04-19 11:00:00,0.255,0.0,0.335,0.060000000000000005
2025-04-19 12:00:00,0.05333333333333334,0.0,0.3316666666666667,0.03666666666666667
2025-04-19 13:00:00,0.10833333333333334,0.0,0.275,0.22833333333333333
2025-04-19 14:00:00,0.04,0.0,0.415,0.21000000000000002
2025-04-19 15:00:00,0.28500000000000003,0.18166666666666667,0.5933333333333334,0.27666666666666667
2025-04-19 16:00:00,0.13,0.4166666666666667,0.4,0.275
2025-04-19 17:00:00,0.09333333333333334,0.2633333333333333,0.5133333333333333,0.14833333333333334
2025-04-19 18:00:00,0.11,0.46499999999999997,0.41000000000000003,0.375
2025-04-19 19:00:00,0.07333333333333333,0.23166666666666666,0.59,0.26666666666666666
2025-04-19 20:00:00,0.0,0.27166666666666667,0.4766666666666667,0.0
2025-04-19 21:00:00,0.0,0.11166666666666666,0.9900000000000001,0.21000000000000002
2025-04-19 22:00:00,0.03333333333333333,0.3016666666666667,0.9,0.0
2025-04-19 23:00:00,0.09833333333333334,0.05,0.44,0.0
2025-04-20 00:00:00,0.625,0.5633333333333332,0.12666666666666668,0.09833333333333333
2025-04-20 01:00:00,1.0833333333333333,0.535,0.12000000000000001,0.8266666666666667
2025-04-20 02:00:00,0.6783333333333333,0.5033333333333333,0.08333333333333333,0.61
2025-04-20 03:00:00,0.7216666666666666,0.675,0.5549999999999999,0.7633333333333333
2025-04-20 04:00:00,0.5583333333333333,0.8266666666666667,0.6416666666666667,1.145
2025-04-20 05:00:00,1.225,1.2716666666666667,1.1916666666666667,1.0416666666666667
2025-04-20 06:00:00,1.785,2.006666666666667,1.3066666666666669,1.4433333333333331
2025-04-20 07:00:00,1.77,1.4166666666666667,1.5216666666666667,1.465
2025-04-20 08:00:00,1.6900000000000002,1.5066666666666668,1.3,1.5066666666666668
2025-04-20 09:00:00,1.6683333333333332,1.2783333333333333,1.7216666666666667,1.3833333333333333
2025-04-20 10:00:00,1.3483333333333334,1.6633333333333333,1.0016666666666667,1.0816666666666668
2025-04-20 11:00:00,1.0283333333333333,0.8033333333333333,1.0266666666666666,0.7933333333333333
2025-04-20 12:00:00,0.30333333333333334,0.30666666666666664,0.6483333333333333,0.6166666666666667
2025-04-20 13:00:00,0.7100000000000001,0.15166666666666667,0.020000000000000004,0.14500000000000002
2025-04-20 14:00:00,1.4200000000000002,0.0,0.6316666666666666,0.0
2025-04-20 15:00:00,1.38,0.5733333333333334,0.2033333333333333,0.31666666666666665
2025-04-20 16:00:00,0.5966666666666666,0.575,0.5166666666666667,0.5283333333333333
2025-04-20 17:00:00,0.38333333333333336,0.28833333333333333,0.6766666666666666,0.175
2025-04-20 18:00:00,0.20166666666666666,0.6783333333333333,0.8866666666666667,0.36333333333333334
2025-04-20 19:00:00,0.86,0.565,0.545,0.7666666666666667
2025-04-20 20:00:00,1.5466666666666666,0.9133333333333333,0.8333333333333334,0.855
2025-04-20 21:00:00,1.2,0.6316666666666666,0.8350000000000001,0.3383333333333333
2025-04-20 22:00:00,0.5666666666666667,0.32,0.4,0.5666666666666667
2025-04-20 23:00:00,0.4066666666666666,0.19,0.20500000000000002,0.35
2025-04-21 00:00:00,0.8383333333333333,1.3266666666666667,0.6566666666666666,0.6216666666666666
2025-04-21 01:00:00,1.2633333333333332,1.2966666666666666,1.04,0.9149999999999999
2025-04-21 02:00:00,1.0450000000000002,1.2349999999999999,1.0799999999999998,1.1333333333333333
2025-04-21 03:00:00,1.3566666666666667,1.5216666666666667,1.1233333333333335,1.5033333333333334
2025-04-21 04:00:00,1.8483333333333334,2.1933333333333334,1.5383333333333333,1.7583333333333333
2025-04-21 05:00:00,1.6233333333333335,1.7316666666666667,1.4183333333333332,1.9133333333333333
2025-04-21 06:00:00,1.7716666666666667,1.8383333333333334,1.2683333333333333,1.4483333333333335
2025-04-21 07:00:00,1.2783333333333333,1.5766666666666667,1.4666666666666666,1.0716666666666665
2025-04-21 08:00:00,1.2,1.9466666666666665,1.32,1.2349999999999999
2025-04-21 09:00:00,1.3183333333333331,1.4116666666666666,0.925,1.0683333333333331
2025-04-21 10:00:00,1.0766666666666669,0.945,0.745,0.9366666666666668
2025-04-21 11:00:00,0.5333333333333333,0.27666666666666667,0.345,0.27166666666666667
2025-04-21 12:00:00,0.013333333333333334,0.0,0.0,0.31166666666666665
2025-04-21 13:00:00,0.26666666666666666,0.0,0.33166666666666667,0.505
2025-04-21 14:00:00,0.6733333333333333,0.0,0.15,0.0
2025-04-21 15:00:00,0.5083333333333333,0.0,0.26,0.08333333333333333
2025-04-21 16:00:00,0.47833333333333333,0.0,0.0,0.18000000000000002
2025-04-21 17:00:00,0.5733333333333334,0.0,0.505,0.59
2025-04-21 18:00:00,1.0716666666666665,0.0,0.2033333333333333,0.4583333333333333
2025-04-21 19:00:00,1.0983333333333334,0.0,0.0,0.03333333333333333
2025-04-21 20:00:00,0.7716666666666666,0.0,0.6016666666666667,0.3433333333333334
2025-04-21 21:00:00,0.7283333333333333,0.0,0.23666666666666666,0.2916666666666667
2025-04-21 22:00:00,0.8866666666666667,0.48666666666666664,0.45,0.2
2025-04-21 23:00:00,0.7883333333333333,1.5799999999999998,0.6866666666666668,0.15
2025-04-22 00:00:00,0.8800000000000001,2.1283333333333334,0.5933333333333334,0.2833333333333333
2025-04-22 01:00:00,1.365,2.5300000000000002,1.4466666666666665,1.0316666666666667
2025-04-22 02:00:00,2.4033333333333333,3.2550000000000003,1.995,1.5616666666666668
2025-04-22 03:00:00,2.2783333333333333,2.7633333333333336,1.66,2.0316666666666667
2025-04-22 04:00:00,2.15,2.625,1.655,1.6116666666666668
2025-04-22 05:00:00,2.54,2.5766666666666667,1.6583333333333334,1.3983333333333334
2025-04-22 06:00:00,1.6783333333333335,2.025,1.575,1.4216666666666666
2025-04-22 07:00:00,1.8433333333333333,2.5433333333333334,1.96,1.9033333333333333
2025-04-22 08:00:00,2.1016666666666666,2.2633333333333336,1.9783333333333333,1.8266666666666667
2025-04-22 09:00:00,2.325,2.408333333333333,2.0516666666666667,1.8183333333333331
2025-04-22 10:00:00,2.3916666666666666,2.2733333333333334,1.5783333333333334,1.6133333333333333
2025-04-22 11:00:00,1.4716666666666667,1.5916666666666666,1.2349999999999999,1.1516666666666666
2025-04-22 12:00:00,1.1933333333333331,0.935,0.7666666666666667,0.7483333333333333
2025-04-22 13:00:00,0.7683333333333333,0.13666666666666666,0.6716666666666666,0.655
2025-04-22 14:00:00,0.6633333333333333,0.0,0.38166666666666665,0.05
2025-04-22 15:00:00,0.13333333333333333,0.0,0.5850000000000001,0.0
2025-04-22 16:00:00,0.5666666666666667,0.315,0.525,0.16999999999999998
2025-04-22 17:00:00,0.48500000000000004,0.15333333333333332,0.4483333333333333,0.0
2025-04-22 18:00:00,0.6516666666666667,0.0,0.6183333333333334,0.0
2025-04-22 19:00:00,0.46166666666666667,0.0,0.5383333333333333,0.0
2025-04-22 20:00:00,0.7100000000000001,0.2783333333333333,0.4716666666666667,0.0
2025-04-22 21:00:00,0.4483333333333333,0.058333333333333334,0.25166666666666665,0.0
2025-04-22 22:00:00,0.4216666666666667,0.0,0.16833333333333333,0.0
2025-04-22 23:00:00,1.0516666666666667,0.0,0.0,0.3016666666666667
2025-04-23 00:00:00,0.6416666666666667,0.0,0.0,0.10333333333333333
2025-04-23 01:00:00,0.34,0.0,0.025,0.055
2025-04-23 02:00:00,0.8033333333333333,0.6916666666666667,0.5016666666666667,0.5066666666666666
2025-04-23 03:00:00,0.6566666666666666,0.6933333333333334,0.9866666666666667,0.7516666666666667
2025-04-23 04:00:00,0.5183333333333333,1.025,0.765,0.53
2025-04-23 05:00:00,0.9816666666666667,1.0550000000000002,1.1233333333333335,0.8516666666666667
2025-04-23 06:00:00,0.9666666666666667,0.9816666666666667,1.1966666666666665,1.0866666666666667
2025-04-23 07:00:00,0.7466666666666666,1.5150000000000001,1.325,1.0233333333333332
2025-04-23 08:00:00,1.5233333333333334,0.8433333333333334,0.8783333333333333,1.3316666666666668
2025-04-23 09:00:00,1.0733333333333335,1.4,0.615,1.2416666666666667
2025-04-23 10:00:00,0.8716666666666666,1.4333333333333333,1.3116666666666668,1.095
2025-04-23 11:00:00,0.985,1.22,1.65,0.9766666666666667
2025-04-23 12:00:00,1.0783333333333334,0.7316666666666667,1.085,0.8483333333333333
2025-04-23 13:00:00,1.6333333333333333,0.7183333333333334,1.0766666666666669,1.0933333333333333
2025-04-23 14:00:00,1.6483333333333332,1.27,1.3683333333333332,1.145
2025-04-23 15:00:00,1.32,1.5016666666666665,1.2633333333333332,0.675
2025-04-23 16:00:00,0.8383333333333333,1.7083333333333333,1.0683333333333331,0.8466666666666666
2025-04-23 17:00:00,0.375,1.51,1.0650000000000002,0.6533333333333334
2025-04-23 18:00:00,0.7566666666666666,1.1416666666666666,1.0833333333333333,0.765
2025-04-23 19:00:00,0.7533333333333334,1.3466666666666667,0.7683333333333333,0.6433333333333333
2025-04-23 20:00:00,0.8966666666666666,1.2966666666666666,0.6933333333333334,0.69
2025-04-23 21:00:00,1.0816666666666668,1.2316666666666667,0.5700000000000001,0.7233333333333333
2025-04-23 22:00:00,1.15,0.85,0.9466666666666667,0.7366666666666667
2025-04-23 23:00:00,1.4316666666666669,1.195,0.40166666666666667,0.7216666666666666
2025-04-24 00:00:00,1.5416666666666667,0.8416666666666667,0.48500000000000004,0.85
2025-04-24 01:00:00,1.8216666666666665,1.715,0.7633333333333333,1.5483333333333333
2025-04-24 02:00:00,1.665,2.118333333333333,1.84,1.23
2025-04-24 03:00:00,1.6700000000000002,1.8816666666666668,2.06,1.415
2025-04-24 04:00:00,1.2216666666666667,1.66,2.1866666666666665,1.4383333333333332
2025-04-24 05:00:00,1.2566666666666668,1.3416666666666666,0.895,0.9466666666666667
2025-04-24 06:00:00,0.30833333333333335,0.5866666666666667,0.81,0.645
2025-04-24 07:00:00,0.35833333333333334,0.9783333333333334,1.5966666666666667,0.7866666666666667
2025-04-24 08:00:00,0.6116666666666667,1.1400000000000001,1.6766666666666665,0.7466666666666666
2025-04-24 09:00:00,0.76,0.9149999999999999,1.3266666666666669,0.7516666666666667
2025-04-24 10:00:00,0.42,0.7333333333333333,0.8583333333333333,0.6683333333333333
2025-04-24 11:00:00,0.06833333333333334,0.31,0.4566666666666667,0.26666666666666666
2025-04-24 12:00:00,0.30333333333333334,0.14666666666666667,0.3283333333333333,0.56
2025-04-24 13:00:00,0.32,0.0,0.31166666666666665,0.315
2025-04-24 14:00:00,0.09166666666666666,0.08333333333333333,0.4183333333333333,0.37
2025-04-24 15:00:00,0.4216666666666667,0.095,0.3983333333333333,0.35666666666666663
2025-04-24 16:00:00,0.8866666666666667,0.24666666666666667,0.7283333333333334,0.715
2025-04-24 17:00:00,1.2766666666666666,0.5783333333333334,1.0133333333333334,0.8816666666666666
2025-04-24 18:00:00,1.7916666666666667,0.56,0.7100000000000001,0.855
2025-04-24 19:00:00,1.775,0.8983333333333333,0.8033333333333333,0.7383333333333333
2025-04-24 20:00:00,0.6466666666666666,0.8066666666666666,0.8533333333333334,0.4666666666666667
2025-04-24 21:00:00,0.8883333333333333,0.815,0.30833333333333335,0.7816666666666666
2025-04-24 22:00:00,1.24,1.015,1.2466666666666666,1.215
2025-04-24 23:00:00,1.3833333333333333,1.6833333333333333,1.4233333333333333,1.1533333333333333
2025-04-25 00:00:00,1.745,2.15,2.033333333333333,1.715
2025-04-25 01:00:00,2.0766666666666667,2.46,2.5233333333333334,1.605
2025-04-25 02:00:00,2.25,2.6233333333333335,2.4316666666666666,1.9016666666666666
2025-04-25 03:00:00,2.75,2.8699999999999997,2.2266666666666666,2.04
2025-04-25 04:00:00,2.5966666666666667,2.2366666666666664,2.628333333333333,2.828333333333333
2025-04-25 05:00:00,2.7849999999999997,2.815,2.5,2.18
2025-04-25 06:00:00,2.4866666666666664,2.756666666666667,2.77,2.3449999999999998
2025-04-25 07:00:00,2.4233333333333333,2.29,2.441666666666667,1.8483333333333334
2025-04-25 08:00:00,1.745,1.9166666666666667,2.253333333333333,1.6700000000000002
2025-04-25 09:00:00,1.5166666666666666,1.8816666666666668,2.0733333333333333,1.4633333333333334
2025-04-25 10:00:00,1.4200000000000002,2.0566666666666666,2.0883333333333334,1.425
2025-04-25 11:00:00,0.9616666666666667,1.9383333333333332,2.2666666666666666,1.5883333333333334
2025-04-25 12:00:00,1.1516666666666666,0.9333333333333333,1.1833333333333333,0.9366666666666668
2025-04-25 13:00:00,0.9533333333333334,0.765,0.8083333333333333,0.5916666666666667
2025-04-25 14:00:00,0.24166666666666667,0.6116666666666667,0.6866666666666668,0.35500000000000004
2025-04-25 15:00:00,0.0033333333333333335,0.41333333333333333,0.48000000000000004,0.09000000000000001
2025-04-25 16:00:00,0.0,0.6116666666666667,0.37,0.17333333333333334
2025-04-25 17:00:00,0.8033333333333333,0.15,1.12,0.2916666666666667
2025-04-25 18:00:00,0.4716666666666667,0.9566666666666667,1.2533333333333334,0.275
2025-04-25 19:00:00,0.15,0.5466666666666666,1.1316666666666668,0.08000000000000002
2025-04-25 20:00:00,0.0,0.43166666666666664,0.9299999999999999,0.0
2025-04-25 21:00:00,0.08666666666666667,0.495,1.1366666666666667,0.1
2025-04-25 22:00:00,0.08666666666666667,0.7533333333333334,1.3816666666666668,0.17
2025-04-25 23:00:00,0.2983333333333333,1.0433333333333334,1.465,0.385
2025-04-26 00:00:00,0.6583333333333333,1.6483333333333334,1.9266666666666667,1.4483333333333335
2025-04-26 01:00:00,0.7933333333333333,1.8283333333333334,1.9133333333333333,1.635
2025-04-26 02:00:00,0.47833333333333333,2.3266666666666667,1.7866666666666666,1.745
2025-04-26 03:00:00,0.92,2.3183333333333334,2.19,1.59
2025-04-26 04:00:00,1.0766666666666669,2.6933333333333334,2.5933333333333333,1.77
2025-04-26 05:00:00,1.3433333333333333,2.3666666666666667,2.43,1.8183333333333331
2025-04-26 06:00:00,1.21,2.3333333333333335,2.3016666666666667,1.9633333333333334
2025-04-26 07:00:00,1.355,2.4466666666666668,3.106666666666667,1.7266666666666666
2025-04-26 08:00:00,2.5483333333333333,2.6166666666666667,2.5016666666666665,1.6533333333333333
2025-04-26 09:00:00,1.4266666666666665,2.503333333333333,2.315,1.8666666666666667
2025-04-26 10:00:00,1.5533333333333335,2.0466666666666664,1.9233333333333333,1.5733333333333335
2025-04-26 11:00:00,1.0466666666666666,2.2633333333333336,1.855,1.6483333333333334
2025-04-26 12:00:00,0.525,1.7533333333333334,1.7466666666666666,1.2133333333333334
2025-04-26 13:00:00,0.4,0.8216666666666667,1.2566666666666668,0.48500000000000004
2025-04-26 14:00:00,0.155,0.7766666666666667,1.2116666666666667,0.05
2025-04-26 15:00:00,0.0,0.7316666666666667,1.1516666666666668,0.15666666666666668
2025-04-26 16:00:00,0.0,0.44666666666666666,0.8216666666666667,0.44333333333333336
2025-04-26 17:00:00,0.0,0.19499999999999998,1.0083333333333333,0.2866666666666667
2025-04-26 18:00:00,0.05333333333333334,0.7899999999999999,1.3933333333333333,0.3383333333333333
2025-04-26 19:00:00,0.35333333333333333,1.025,0.8,0.8433333333333334
2025-04-26 20:00:00,0.5966666666666666,0.7516666666666667,0.6950000000000001,1.0016666666666667
2025-04-26 21:00:00,0.39333333333333337,1.1,1.0266666666666666,0.8033333333333333
2025-04-26 22:00:00,0.315,0.745,0.8,0.8733333333333333
2025-04-26 23:00:00,0.32166666666666666,0.705,0.7616666666666667,0.7799999999999999
2025-04-27 00:00:00,0.8816666666666667,1.0783333333333334,0.9733333333333333,1.175
2025-04-27 01:00:00,1.0066666666666666,1.255,1.4,1.5516666666666665
2025-04-27 02:00:00,1.1683333333333334,1.775,1.355,1.6033333333333333
2025-04-27 03:00:00,1.7033333333333334,2.5266666666666664,1.95,2.4099999999999997
2025-04-27 04:00:00,1.7783333333333333,2.8033333333333337,2.878333333333333,2.8633333333333337
2025-04-27 05:00:00,1.6366666666666667,3.0300000000000002,2.645,2.796666666666667
2025-04-27 06:00:00,1.52,2.6633333333333336,2.0083333333333333,2.5866666666666664
2025-04-27 07:00:00,1.1566666666666667,2.3433333333333333,1.7,3.2016666666666667
2025-04-27 08:00:00,1.2433333333333332,2.433333333333333,1.8016666666666665,2.925
2025-04-27 09:00:00,0.94,2.3366666666666664,1.3816666666666668,2.1083333333333334
2025-04-27 10:00:00,0.6783333333333333,2.0983333333333336,1.6616666666666666,2.06
2025-04-27 11:00:00,0.6633333333333333,2.19,1.2133333333333334,2.5016666666666665
2025-04-27 12:00:00,0.36666666666666664,1.4016666666666668,1.2833333333333334,1.9333333333333333
2025-04-27 13:00:00,0.21,1.01,1.0633333333333335,0.9299999999999999
2025-04-27 14:00:00,0.0,1.1183333333333332,1.2083333333333333,0.675
2025-04-27 15:00:00,0.013333333333333334,0.5700000000000001,1.1066666666666667,0.5516666666666666
2025-04-27 16:00:00,0.07666666666666667,0.64,0.8183333333333334,0.48666666666666664
2025-04-27 17:00:00,0.5116666666666666,0.8766666666666667,0.73,0.6950000000000001
2025-04-27 18:00:00,0.7233333333333333,0.8516666666666667,0.48333333333333334,0.475
2025-04-27 19:00:00,0.6933333333333334,0.7799999999999999,0.805,0.8366666666666667
2025-04-27 20:00:00,0.365,0.4633333333333333,0.785,0.47333333333333333
2025-04-27 21:00:00,0.5549999999999999,0.33,0.8866666666666667,0.31166666666666665
2025-04-27 22:00:00,0.2983333333333334,0.1716666666666667,0.8933333333333333,0.0
2025-04-27 23:00:00,0.27166666666666667,0.44333333333333336,0.6533333333333334,0.13499999999999998
2025-04-28 00:00:00,0.5850000000000001,0.4216666666666667,0.20500000000000002,0.2966666666666667
2025-04-28 01:00:00,0.5866666666666667,0.3950000000000001,0.445,0.415
2025-04-28 02:00:00,0.6566666666666666,0.33666666666666667,0.65,0.6216666666666666
2025-04-28 03:00:00,0.48166666666666663,0.64,0.855,0.8816666666666666
2025-04-28 04:00:00,0.7516666666666667,1.1700000000000002,0.9983333333333333,1.1366666666666667
2025-04-28 05:00:00,1.5783333333333334,0.8516666666666667,1.1366666666666667,2.0366666666666666
2025-04-28 06:00:00,1.5150000000000001,1.5583333333333333,1.2483333333333335,1.4483333333333335
2025-04-28 07:00:00,1.355,1.4366666666666668,1.52,1.3883333333333332
2025-04-28 08:00:00,1.3516666666666666,1.4666666666666666,1.84,1.5433333333333332
2025-04-28 09:00:00,1.6400000000000001,1.7683333333333333,1.3599999999999999,1.7733333333333334
2025-04-28 10:00:00,1.5266666666666666,1.53,1.28,1.0633333333333332
2025-04-28 11:00:00,1.6166666666666667,1.2716666666666667,1.155,0.875
2025-04-28 12:00:00,1.2633333333333332,1.0616666666666668,0.5583333333333333,1.255
2025-04-28 13:00:00,0.9916666666666667,0.145,0.7316666666666667,0.405
2025-04-28 14:00:00,1.2816666666666667,0.0,0.2783333333333333,0.0
2025-04-28 15:00:00,1.6483333333333334,0.0,0.0,0.0
2025-04-28 16:00:00,0.6633333333333333,0.0,0.0,0.0
2025-04-28 17:00:00,0.5399999999999999,0.42833333333333334,0.21666666666666667,0.0
2025-04-28 18:00:00,0.5833333333333334,0.04,0.22166666666666668,0.0
2025-04-28 19:00:00,0.5333333333333333,0.06666666666666667,0.5516666666666666,0.31333333333333335
2025-04-28 20:00:00,0.5333333333333333,0.08499999999999999,0.3333333333333333,0.345
2025-04-28 21:00:00,0.4683333333333334,0.0,0.4066666666666666,0.0
2025-04-28 22:00:00,0.48000000000000004,0.02666666666666667,0.5683333333333334,0.0
2025-04-28 23:00:00,0.53,0.8716666666666667,0.6283333333333334,0.24000000000000002
2025-04-29 00:00:00,0.8683333333333334,1.8116666666666668,0.8033333333333333,0.18666666666666665
2025-04-29 01:00:00,0.7716666666666667,1.6666666666666667,0.8816666666666666,0.7066666666666667
2025-04-29 02:00:00,1.2633333333333332,1.8166666666666667,0.9966666666666667,0.9216666666666666
2025-04-29 03:00:00,1.4033333333333333,1.9,1.3116666666666668,1.5233333333333334
2025-04-29 04:00:00,1.9933333333333332,2.1766666666666667,1.6633333333333333,1.9200000000000002
2025-04-29 05:00:00,2.0783333333333336,1.9783333333333333,1.84,2.283333333333333
2025-04-29 06:00:00,2.07,2.19,2.1666666666666665,1.9933333333333332
2025-04-29 07:00:00,2.1683333333333334,2.478333333333333,2.0366666666666666,2.2199999999999998
2025-04-29 08:00:00,2.1666666666666665,2.4233333333333333,2.0516666666666667,1.9483333333333335
2025-04-29 09:00:00,2.695,2.0116666666666667,1.9783333333333333,2.3666666666666667
2025-04-29 10:00:00,2.328333333333333,1.78,1.755,2.171666666666667
2025-04-29 11:00:00,2.1383333333333336,1.495,1.5633333333333332,2.335
2025-04-29 12:00:00,1.5183333333333333,0.9783333333333334,1.41,1.2716666666666667
2025-04-29 13:00:00,0.86,0.66,0.4666666666666667,0.5566666666666666
2025-04-29 14:00:00,1.0666666666666667,0.0,0.4066666666666666,0.0
2025-04-29 15:00:00,1.27,0.17833333333333332,0.4216666666666667,0.13833333333333334
2025-04-29 16:00:00,1.5183333333333333,0.7916666666666666,0.5766666666666667,0.26166666666666666
2025-04-29 17:00:00,1.6783333333333335,0.6916666666666667,0.20500000000000002,0.6833333333333333
2025-04-29 18:00:00,1.2883333333333333,0.605,0.0,0.13166666666666668
2025-04-29 19:00:00,0.745,0.0,0.09000000000000001,0.0
2025-04-29 20:00:00,1.3216666666666665,0.0,0.0,0.0
2025-04-29 21:00:00,0.5566666666666666,0.0,0.0,0.0
2025-04-29 22:00:00,0.0,0.0,0.3516666666666667,0.0
2025-04-29 23:00:00,0.05999999999999999,0.0,0.10666666666666667,0.0
2025-04-30 00:00:00,0.13166666666666668,0.425,0.29000000000000004,0.0
2025-04-30 01:00:00,0.4483333333333333,0.5516666666666666,0.15,0.13333333333333333
2025-04-30 02:00:00,1.06,1.2600000000000002,0.8,0.9716666666666666
2025-04-30 03:00:00,1.675,1.5383333333333333,1.425,1.3099999999999998
2025-04-30 04:00:00,2.453333333333333,1.6533333333333333,1.7883333333333333,1.6516666666666666
2025-04-30 05:00:00,2.3666666666666667,1.7033333333333334,1.6566666666666667,2.165
2025-04-30 06:00:00,1.9583333333333333,2.013333333333333,1.725,2.1166666666666667
2025-04-30 07:00:00,2.0983333333333336,1.77,1.7283333333333333,2.115
2025-04-30 08:00:00,2.3033333333333332,1.82,1.8516666666666666,1.6566666666666667
2025-04-30 09:00:00,2.5516666666666667,1.8083333333333333,1.7216666666666667,1.5316666666666667
2025-04-30 10:00:00,2.203333333333333,1.805,1.6683333333333332,1.6166666666666667
2025-04-30 11:00:00,1.8416666666666666,1.335,1.225,1.7066666666666668
2025-04-30 12:00:00,1.3933333333333333,1.0533333333333335,0.6966666666666667,1.12
2025-04-30 13:00:00,1.0066666666666666,0.38166666666666665,0.5316666666666666,0.33166666666666667
2025-04-30 14:00:00,1.285,0.0,0.075,0.0
2025-04-30 15:00:00,1.3099999999999998,0.0,0.20500000000000002,0.0
2025-04-30 16:00:00,1.13,0.0,0.0,0.0
2025-04-30 17:00:00,1.4583333333333333,0.0,0.13833333333333334,0.0
2025-04-30 18:00:00,1.5450000000000002,0.16666666666666666,0.14333333333333334,0.0
2025-04-30 19:00:00,0.8266666666666667,0.44,0.0,0.0
2025-04-30 20:00:00,0.335,0.22166666666666665,0.0,0.0
2025-04-30 21:00:00,0.03666666666666667,0.0,0.12833333333333333,0.0
2025-04-30 22:00:00,0.0,0.0,0.04,0.0
2025-04-30 23:00:00,0.030000000000000002,0.025,0.27166666666666667,0.14166666666666666
2025-05-01 00:00:00,0.8233333333333335,0.2833333333333333,0.04,0.09166666666666666
2025-05-01 01:00:00,1.345,0.8933333333333333,0.20166666666666666,0.8433333333333334
2025-05-01 02:00:00,2.038333333333333,1.4266666666666665,0.9049999999999999,0.9716666666666666
2025-05-01 03:00:00,1.3,0.8233333333333334,0.7233333333333333,1.195
2025-05-01 04:00:00,0.83,0.8316666666666667,0.775,1.03
2025-05-01 05:00:00,1.405,1.2850000000000001,1.1566666666666667,0.895
2025-05-01 06:00:00,1.8966666666666667,1.3383333333333334,1.1866666666666668,1.1683333333333332
2025-05-01 07:00:00,1.825,2.0533333333333332,1.3533333333333333,1.6133333333333333
2025-05-01 08:00:00,1.4116666666666666,1.1683333333333332,1.1133333333333333,1.4533333333333334
2025-05-01 09:00:00,1.3016666666666665,1.5450000000000002,1.1333333333333333,1.5416666666666667
2025-05-01 10:00:00,1.0,0.75,1.0333333333333334,1.5366666666666666
2025-05-01 11:00:00,0.69,0.9883333333333334,0.635,0.73
2025-05-01 12:00:00,0.625,0.49333333333333335,0.195,0.3766666666666667
2025-05-01 13:00:00,0.45666666666666667,0.7366666666666667,0.3383333333333333,0.056666666666666664
2025-05-01 14:00:00,0.2916666666666667,0.8,0.6866666666666668,0.31166666666666665
2025-05-01 15:00:00,1.355,0.8116666666666668,0.8333333333333334,0.8733333333333333
2025-05-01 16:00:00,1.3183333333333331,0.74,0.5716666666666667,0.8466666666666668
2025-05-01 17:00:00,0.6416666666666667,0.5433333333333333,0.305,0.5950000000000001
2025-05-01 18:00:00,0.8666666666666667,0.4983333333333333,0.3466666666666667,0.525
2025-05-01 19:00:00,0.5616666666666666,0.33166666666666667,0.07833333333333334,0.6016666666666667
2025-05-01 20:00:00,0.5700000000000001,0.3783333333333333,0.023333333333333334,0.41
2025-05-01 21:00:00,1.2216666666666667,0.315,0.255,0.53
2025-05-01 22:00:00,1.4400000000000002,0.29,0.043333333333333335,0.55
2025-05-01 23:00:00,1.5683333333333331,0.315,0.0,0.24833333333333335
2025-05-02 00:00:00,1.3733333333333335,0.0,0.5666666666666667,0.6266666666666667
2025-05-02 01:00:00,1.7666666666666666,0.22,1.4766666666666668,1.5366666666666666
2025-05-02 02:00:00,2.225,1.75,2.6333333333333333,1.7216666666666667
2025-05-02 03:00:00,2.085,1.9033333333333333,2.771666666666667,1.89
2025-05-02 04:00:00,2.746666666666667,3.855,3.2483333333333335,2.075
2025-05-02 05:00:00,2.875,3.85,3.185,2.2550000000000003
2025-05-02 06:00:00,3.7583333333333333,4.795,3.4650000000000003,2.506666666666667
2025-05-02 07:00:00,3.691666666666667,4.225,3.6516666666666664,2.743333333333333
2025-05-02 08:00:00,3.5633333333333335,4.471666666666667,3.6566666666666667,3.125
2025-05-02 09:00:00,3.6416666666666666,4.705,3.4983333333333335,2.9433333333333334
2025-05-02 10:00:00,2.9133333333333336,3.36,3.0900000000000003,2.6966666666666668
2025-05-02 11:00:00,2.95,3.941666666666667,2.4,1.9633333333333334
2025-05-02 12:00:00,1.96,2.335,1.5233333333333334,1.5166666666666666
2025-05-02 13:00:00,1.7316666666666667,1.3283333333333334,1.615,0.745
2025-05-02 14:00:00,3.0866666666666664,2.045,2.618333333333333,2.925
2025-05-02 15:00:00,1.3983333333333334,1.0783333333333334,1.4133333333333333,1.155
2025-05-02 16:00:00,0.38666666666666666,0.19,0.7216666666666666,0.4233333333333334
2025-05-02 17:00:00,1.1233333333333335,1.2883333333333333,1.0166666666666666,1.1133333333333333
2025-05-02 18:00:00,0.77,0.825,0.9383333333333332,1.1233333333333335
2025-05-02 19:00:00,0.43833333333333335,0.4666666666666667,0.39,0.5
2025-05-02 20:00:00,0.495,0.0,0.18000000000000002,0.42833333333333334
2025-05-02 21:00:00,0.6916666666666667,0.0,0.105,0.425
2025-05-02 22:00:00,1.1033333333333333,0.1,0.41333333333333333,0.25
2025-05-02 23:00:00,0.47,0.2,0.36000000000000004,0.22833333333333336
2025-05-03 00:00:00,1.38,0.625,0.3333333333333333,0.7183333333333334
2025-05-03 01:00:00,1.4716666666666667,1.1883333333333332,0.9066666666666666,0.9166666666666666
2025-05-03 02:00:00,1.3566666666666667,1.0633333333333332,1.4666666666666666,1.2116666666666667
2025-05-03 03:00:00,1.59,0.9116666666666667,1.625,1.3466666666666667
2025-05-03 04:00:00,1.3466666666666667,1.3266666666666667,1.4683333333333333,1.3233333333333335
2025-05-03 05:00:00,1.255,1.8733333333333335,1.7183333333333333,1.3416666666666666
2025-05-03 06:00:00,1.6233333333333335,1.6166666666666667,1.27,1.4733333333333334
2025-05-03 07:00:00,1.3883333333333332,1.7950000000000002,1.55,1.4183333333333334
2025-05-03 08:00:00,2.0216666666666665,1.8133333333333332,1.175,1.4516666666666667
2025-05-03 09:00:00,1.3016666666666667,1.4549999999999998,0.8783333333333334,0.8383333333333333
2025-05-03 10:00:00,0.6716666666666666,0.9166666666666666,0.9633333333333333,0.66
2025-05-03 11:00:00,1.06,0.28,0.745,0.9433333333333334
2025-05-03 12:00:00,0.9233333333333333,0.0,0.6816666666666666,0.8716666666666666
2025-05-03 13:00:00,0.5516666666666666,0.0,0.28833333333333333,0.225
2025-05-03 14:00:00,0.49166666666666664,0.165,0.2116666666666667,0.14
2025-05-03 15:00:00,0.43833333333333335,0.0,0.11999999999999998,0.25833333333333336
2025-05-03 16:00:00,1.6333333333333333,0.9133333333333333,0.935,1.0233333333333332
2025-05-03 17:00:00,2.0783333333333336,1.9716666666666667,1.1933333333333336,1.3533333333333333
2025-05-03 18:00:00,2.9699999999999998,2.6116666666666664,1.9183333333333334,2.3699999999999997
2025-05-03 19:00:00,3.256666666666667,2.125,1.835,2.365
2025-05-03 20:00:00,3.478333333333333,1.945,2.4383333333333335,2.933333333333333
2025-05-03 21:00:00,3.046666666666667,2.0033333333333334,2.408333333333333,2.57
2025-05-03 22:00:00,3.0433333333333334,2.1933333333333334,2.4366666666666665,2.816666666666667
2025-05-03 23:00:00,3.25,2.315,2.5366666666666666,3.2383333333333337
2025-05-04 00:00:00,3.6866666666666665,3.26,2.603333333333333,3.3016666666666667
2025-05-04 01:00:00,3.3016666666666667,2.98,2.5633333333333335,3.52
2025-05-04 02:00:00,3.05,3.0483333333333333,2.466666666666667,3.145
2025-05-04 03:00:00,3.385,2.9566666666666666,2.295,2.61
2025-05-04 04:00:00,3.191666666666667,3.625,2.5083333333333333,2.2449999999999997
2025-05-04 05:00:00,2.7233333333333336,3.7383333333333337,2.4016666666666664,2.3383333333333334
2025-05-04 06:00:00,3.29,3.2816666666666667,2.29,2.4683333333333333
2025-05-04 07:00:00,2.815,3.3449999999999998,1.99,2.5166666666666666
2025-05-04 08:00:00,3.256666666666667,3.2366666666666664,1.9683333333333333,2.158333333333333
2025-05-04 09:00:00,3.4883333333333337,3.68,2.0349999999999997,2.94
2025-05-04 10:00:00,2.955,2.5166666666666666,2.4166666666666665,2.4633333333333334
2025-05-04 11:00:00,2.0783333333333336,1.5650000000000002,2.0566666666666666,1.7716666666666667
2025-05-04 12:00:00,1.3966666666666667,1.1466666666666667,1.5883333333333334,1.525
2025-05-04 13:00:00,1.0116666666666667,0.5966666666666666,0.89,0.8466666666666666
2025-05-04 14:00:00,1.0883333333333334,0.0,0.44666666666666666,0.795
2025-05-04 15:00:00,1.155,0.12166666666666666,0.5616666666666668,0.215
2025-05-04 16:00:00,0.8533333333333334,0.26,0.5983333333333333,0.0
2025-05-04 17:00:00,1.3733333333333335,0.7416666666666667,1.04,0.6716666666666667
2025-05-04 18:00:00,1.5733333333333335,0.5316666666666666,1.0066666666666666,0.8016666666666666
2025-05-04 19:00:00,1.13,0.4216666666666667,0.8350000000000001,0.7933333333333333
2025-05-04 20:00:00,1.245,0.11666666666666667,0.8766666666666667,0.6083333333333333
2025-05-04 21:00:00,1.2650000000000001,0.5383333333333333,0.8466666666666666,0.3983333333333334
2025-05-04 22:00:00,1.1183333333333332,0.43666666666666665,0.6333333333333333,0.23333333333333334
2025-05-04 23:00:00,0.8216666666666668,0.825,0.7200000000000001,0.5583333333333333
2025-05-05 00:00:00,0.7683333333333333,1.84,1.8683333333333332,1.1583333333333334
2025-05-05 01:00:00,0.6983333333333334,1.5616666666666668,2.35,1.5216666666666667
2025-05-05 02:00:00,0.925,1.8316666666666668,2.065,1.5216666666666667
2025-05-05 03:00:00,0.8916666666666667,2.045,2.0316666666666667,1.6916666666666667
2025-05-05 04:00:00,1.2533333333333334,2.1266666666666665,2.085,1.8299999999999998
2025-05-05 05:00:00,1.4516666666666667,2.6366666666666663,2.506666666666667,2.106666666666667
2025-05-05 06:00:00,1.3533333333333333,2.493333333333333,2.3266666666666667,1.5599999999999998
2025-05-05 07:00:00,1.5016666666666665,2.683333333333333,2.2083333333333335,1.7933333333333332
2025-05-05 08:00:00,1.2033333333333334,2.1033333333333335,2.4716666666666667,1.6266666666666665
2025-05-05 09:00:00,1.4733333333333334,2.0733333333333333,2.2383333333333337,1.5466666666666666
2025-05-05 10:00:00,1.3633333333333333,1.5066666666666668,2.3233333333333333,1.28
2025-05-05 11:00:00,1.945,1.9516666666666667,1.7533333333333334,1.1783333333333335
2025-05-05 12:00:00,1.1516666666666666,1.4733333333333334,1.4849999999999999,1.1633333333333333
2025-05-05 13:00:00,1.2066666666666668,0.30333333333333334,0.8583333333333333,0.685
2025-05-05 14:00:00,1.47,0.25833333333333336,0.7333333333333333,0.3733333333333333
2025-05-05 15:00:00,1.5216666666666667,0.15833333333333333,0.08333333333333333,0.5233333333333333
2025-05-05 16:00:00,0.18833333333333335,0.16999999999999998,0.9266666666666666,0.020000000000000004
2025-05-05 17:00:00,0.48666666666666664,0.24500000000000002,0.8333333333333334,0.24166666666666667
2025-05-05 18:00:00,0.525,0.28,0.28,0.02666666666666667
2025-05-05 19:00:00,0.35,0.0,0.41833333333333333,0.0
2025-05-05 20:00:00,0.23,0.0,0.09000000000000001,0.0
2025-05-05 21:00:00,0.23333333333333334,0.0,0.40166666666666667,0.0
2025-05-05 22:00:00,0.0,0.0,0.43333333333333335,0.0
2025-05-05 23:00:00,0.005,0.0,0.4166666666666667,0.0
2025-05-06 00:00:00,0.535,0.0,0.195,0.0
2025-05-06 01:00:00,0.8200000000000001,0.35500000000000004,0.6133333333333333,0.04666666666666666
2025-05-06 02:00:00,0.8166666666666667,0.8733333333333333,1.3616666666666668,0.9116666666666667
2025-05-06 03:00:00,0.7766666666666667,1.1849999999999998,1.605,1.3133333333333332
2025-05-06 04:00:00,1.4883333333333333,1.3066666666666669,1.7033333333333334,1.6266666666666665
2025-05-06 05:00:00,1.145,2.085,1.4966666666666666,1.79
2025-05-06 06:00:00,1.5033333333333334,1.9666666666666666,1.7266666666666666,1.6266666666666665
2025-05-06 07:00:00,1.7483333333333335,1.6783333333333335,2.045,1.6833333333333333
2025-05-06 08:00:00,1.71,1.9566666666666668,1.8716666666666666,1.8966666666666667
2025-05-06 09:00:00,1.6700000000000002,1.895,1.9366666666666668,1.8483333333333334
2025-05-06 10:00:00,1.6283333333333334,1.4816666666666667,2.08,1.7533333333333334
2025-05-06 11:00:00,1.4416666666666667,1.3266666666666667,2.1333333333333333,1.905
2025-05-06 12:00:00,1.2049999999999998,0.6883333333333334,1.1533333333333333,1.4733333333333334
2025-05-06 13:00:00,0.48666666666666664,0.11,0.36166666666666664,0.3783333333333333
2025-05-06 14:00:00,1.3099999999999998,0.5266666666666667,0.6116666666666667,0.6033333333333334
2025-05-06 15:00:00,1.4966666666666666,1.1433333333333335,1.4883333333333333,0.9733333333333334
2025-05-06 16:00:00,1.2033333333333334,0.735,1.3516666666666666,0.8200000000000001
2025-05-06 17:00:00,1.2716666666666667,0.25,1.1233333333333335,0.7933333333333333
2025-05-06 18:00:00,1.6,0.5716666666666667,0.5016666666666667,0.8166666666666667
2025-05-06 19:00:00,1.4633333333333334,0.4483333333333333,0.4966666666666667,0.7766666666666667
2025-05-06 20:00:00,1.8833333333333333,0.69,0.36166666666666664,0.35500000000000004
2025-05-06 21:00:00,1.3783333333333334,0.6916666666666667,0.17666666666666667,0.505
2025-05-06 22:00:00,1.1183333333333332,1.2416666666666667,0.11666666666666667,0.6
2025-05-06 23:00:00,0.5383333333333333,1.255,1.3266666666666667,0.9633333333333333
2025-05-07 00:00:00,0.49166666666666664,1.4783333333333333,1.9633333333333334,1.0566666666666666
2025-05-07 01:00:00,0.6583333333333333,1.6816666666666669,1.77,1.3416666666666666
2025-05-07 02:00:00,0.9966666666666666,1.635,1.63,1.3283333333333334
2025-05-07 03:00:00,1.2816666666666667,2.58,1.96,1.7483333333333335
2025-05-07 04:00:00,2.4233333333333333,2.828333333333333,2.6383333333333336,2.13
2025-05-07 05:00:00,2.0483333333333333,3.15,2.7516666666666665,2.5716666666666668
2025-05-07 06:00:00,2.24,2.5883333333333334,3.045,2.5116666666666663
2025-05-07 07:00:00,1.95,2.7383333333333337,2.6300000000000003,1.9666666666666666
2025-05-07 08:00:00,1.4766666666666666,2.195,2.2800000000000002,2.0533333333333332
2025-05-07 09:00:00,1.3583333333333334,2.6866666666666665,3.1166666666666667,2.0900000000000003
2025-05-07 10:00:00,0.7116666666666666,2.4683333333333333,2.65,1.905
2025-05-07 11:00:00,0.7366666666666666,2.1166666666666667,2.1533333333333333,1.71
2025-05-07 12:00:00,0.5366666666666667,2.0283333333333333,2.0216666666666665,1.4133333333333333
2025-05-07 13:00:00,0.3,1.1383333333333332,1.2383333333333333,1.075
2025-05-07 14:00:00,0.060000000000000005,0.8183333333333334,0.8966666666666666,0.3466666666666667
2025-05-07 15:00:00,0.23833333333333334,1.2866666666666666,1.1900000000000002,0.5066666666666666
2025-05-07 16:00:00,0.2,1.0383333333333333,1.6333333333333333,0.3383333333333333
2025-05-07 17:00:00,0.11666666666666667,0.985,1.1966666666666665,0.35
2025-05-07 18:00:00,0.04000000000000001,0.9266666666666666,1.1616666666666666,0.425
2025-05-07 19:00:00,0.08000000000000002,0.6683333333333333,0.87,0.46166666666666667
2025-05-07 20:00:00,0.0,0.17333333333333334,1.2483333333333335,0.3233333333333333
2025-05-07 21:00:00,0.0,0.4033333333333333,1.0216666666666667,0.18666666666666668
2025-05-07 22:00:00,0.07,0.4966666666666667,1.1333333333333333,0.0
2025-05-07 23:00:00,0.2,0.8566666666666667,1.2466666666666666,0.014999999999999998
2025-05-08 00:00:00,0.1766666666666667,0.8416666666666667,1.3883333333333332,0.46
2025-05-08 01:00:00,0.51,1.3316666666666668,1.52,1.1433333333333333
2025-05-08 02:00:00,0.925,1.9433333333333331,1.9,1.73
2025-05-08 03:00:00,0.7633333333333333,2.296666666666667,2.36,2.11
2025-05-08 04:00:00,1.475,2.4883333333333337,2.15,2.2983333333333333
2025-05-08 05:00:00,0.9283333333333333,2.671666666666667,2.29,2.1333333333333333
2025-05-08 06:00:00,1.9716666666666667,2.7266666666666666,2.5383333333333336,2.4116666666666666
2025-05-08 07:00:00,1.1400000000000001,2.3483333333333336,2.435,2.066666666666667
2025-05-08 08:00:00,1.9466666666666665,1.8916666666666666,2.0033333333333334,1.2983333333333333
2025-05-08 09:00:00,1.2083333333333333,1.7833333333333334,1.9200000000000002,1.57
2025-05-08 10:00:00,1.1283333333333334,1.7633333333333332,1.495,1.4116666666666666
2025-05-08 11:00:00,1.09,1.355,1.5683333333333331,0.9633333333333334
2025-05-08 12:00:00,0.625,0.39166666666666666,1.055,0.4633333333333333
2025-05-08 13:00:00,0.7916666666666666,0.0,0.5866666666666667,0.03666666666666667
2025-05-08 14:00:00,0.7583333333333333,0.0,0.6866666666666668,0.0
2025-05-08 15:00:00,0.20500000000000002,0.15833333333333333,0.7533333333333334,0.0
2025-05-08 16:00:00,0.0,0.0,0.8483333333333333,0.0
2025-05-08 17:00:00,0.3983333333333334,0.20833333333333334,0.6216666666666667,0.3266666666666667
2025-05-08 18:00:00,0.8533333333333334,0.0,0.6549999999999999,0.195
2025-05-08 19:00:00,0.5833333333333334,0.0,0.32,0.0
2025-05-08 20:00:00,0.6283333333333334,0.0,0.26166666666666666,0.0
2025-05-08 21:00:00,0.9116666666666667,0.0,0.2816666666666666,0.0
2025-05-08 22:00:00,0.8283333333333334,0.0,0.48166666666666663,0.0033333333333333335
2025-05-08 23:00:00,0.745,0.0,0.12000000000000001,0.08666666666666667
2025-05-09 00:00:00,0.33999999999999997,0.11666666666666667,0.6133333333333333,0.10333333333333333
2025-05-09 01:00:00,0.7733333333333333,0.6933333333333334,0.7933333333333333,0.525
2025-05-09 02:00:00,0.8066666666666666,0.8833333333333333,0.9083333333333333,0.73
2025-05-09 03:00:00,1.38,1.385,1.0583333333333333,1.1616666666666666
2025-05-09 04:00:00,1.4583333333333333,1.6783333333333335,1.635,1.2533333333333334
2025-05-09 05:00:00,1.5066666666666668,1.7716666666666667,1.71,1.3816666666666668
2025-05-09 06:00:00,1.8566666666666667,1.6033333333333333,1.4866666666666668,1.8183333333333331
2025-05-09 07:00:00,1.6400000000000001,1.29,1.895,1.3233333333333335
2025-05-09 08:00:00,1.405,1.29,1.4400000000000002,1.6666666666666667
2025-05-09 09:00:00,0.9066666666666666,1.2266666666666666,1.3,1.075
2025-05-09 10:00:00,1.1016666666666666,0.92,0.8450000000000001,0.9433333333333334
2025-05-09 11:00:00,1.0033333333333334,0.9216666666666666,0.525,0.39166666666666666
2025-05-09 12:00:00,1.1516666666666666,0.9966666666666667,0.6766666666666666,0.295
2025-05-09 13:00:00,0.6083333333333333,0.145,0.09333333333333334,0.020000000000000004
2025-05-09 14:00:00,0.4533333333333333,0.0,0.19,0.0
2025-05-09 15:00:00,0.8183333333333334,0.2983333333333333,0.875,0.29
2025-05-09 16:00:00,0.8516666666666667,0.26833333333333337,0.8733333333333333,0.2983333333333333
2025-05-09 17:00:00,1.1066666666666667,1.2049999999999998,0.8466666666666666,0.23333333333333334
2025-05-09 18:00:00,1.1616666666666666,2.1683333333333334,0.5783333333333333,0.0
2025-05-09 19:00:00,1.12,2.2550000000000003,0.565,0.043333333333333335
2025-05-09 20:00:00,1.215,2.4166666666666665,0.5533333333333333,0.4116666666666667
2025-05-09 21:00:00,1.1216666666666666,2.393333333333333,0.48500000000000004,0.6616666666666666
2025-05-09 22:00:00,1.3583333333333334,2.4066666666666667,0.6033333333333334,0.9049999999999999
2025-05-09 23:00:00,1.2033333333333334,2.635,1.0116666666666667,1.035
2025-05-10 00:00:00,1.7516666666666665,2.5083333333333333,1.1966666666666665,1.0266666666666666
2025-05-10 01:00:00,2.038333333333333,2.56,1.365,1.805
2025-05-10 02:00:00,1.8333333333333333,2.0216666666666665,1.75,1.6783333333333335
2025-05-10 03:00:00,2.025,1.79,1.8716666666666666,1.41
2025-05-10 04:00:00,2.328333333333333,2.06,1.7950000000000002,1.6183333333333332
2025-05-10 05:00:00,3.1116666666666664,2.1666666666666665,2.001666666666667,1.7816666666666667
2025-05-10 06:00:00,2.76,2.0566666666666666,2.1550000000000002,2.79
2025-05-10 07:00:00,2.4166666666666665,2.515,2.4683333333333333,2.7116666666666664
2025-05-10 08:00:00,2.183333333333333,2.2783333333333333,2.993333333333333,2.4
2025-05-10 09:00:00,2.2416666666666667,2.0116666666666667,2.935,2.3216666666666668
2025-05-10 10:00:00,2.3583333333333334,2.1599999999999997,2.3466666666666667,2.31
2025-05-10 11:00:00,1.7816666666666667,1.9583333333333333,1.9516666666666667,2.2199999999999998
2025-05-10 12:00:00,1.0833333333333333,1.2,1.7816666666666667,1.0316666666666667
2025-05-10 13:00:00,1.2966666666666666,1.4116666666666666,0.875,1.0566666666666666
2025-05-10 14:00:00,1.1866666666666668,1.125,1.0766666666666669,0.8483333333333333
2025-05-10 15:00:00,1.2,1.1716666666666666,0.5133333333333333,0.74
2025-05-10 16:00:00,1.6400000000000001,2.066666666666667,1.47,1.3833333333333333
2025-05-10 17:00:00,1.2916666666666667,1.4916666666666667,1.165,1.025
2025-05-10 18:00:00,1.4033333333333333,0.6933333333333334,0.7016666666666667,0.7200000000000001
2025-05-10 19:00:00,1.285,0.31333333333333335,0.9450000000000001,0.6266666666666667
2025-05-10 20:00:00,0.7366666666666667,0.6316666666666666,1.0316666666666667,0.37
2025-05-10 21:00:00,0.17666666666666667,0.38333333333333336,0.865,0.02
2025-05-10 22:00:00,0.4116666666666667,0.8366666666666667,0.7566666666666666,0.74
2025-05-10 23:00:00,0.6833333333333333,0.5016666666666666,0.875,0.76
2025-05-11 00:00:00,0.8116666666666668,1.3366666666666667,0.725,0.6616666666666667
2025-05-11 01:00:00,1.4683333333333333,1.355,1.0533333333333335,1.1099999999999999
2025-05-11 02:00:00,1.2216666666666667,1.275,0.8616666666666667,1.1533333333333333
2025-05-11 03:00:00,1.0683333333333331,1.9849999999999999,1.8116666666666668,1.8316666666666668
2025-05-11 04:00:00,1.0666666666666667,2.0366666666666666,1.8483333333333334,1.9383333333333332
2025-05-11 05:00:00,0.8366666666666667,1.9216666666666666,1.9349999999999998,1.6066666666666667
2025-05-11 06:00:00,0.5916666666666667,1.9033333333333333,2.066666666666667,1.715
2025-05-11 07:00:00,1.0816666666666668,1.6366666666666667,1.925,1.445
2025-05-11 08:00:00,0.955,1.8533333333333333,1.845,1.6
2025-05-11 09:00:00,0.735,1.8933333333333333,1.88,1.355
2025-05-11 10:00:00,1.2766666666666666,1.8083333333333333,2.1366666666666663,1.1
2025-05-11 11:00:00,1.06,1.98,1.7616666666666667,1.2716666666666667
2025-05-11 12:00:00,0.3433333333333334,1.605,1.43,0.8016666666666666
2025-05-11 13:00:00,0.0,0.7466666666666666,1.135,0.175
2025-05-11 14:00:00,0.04000000000000001,0.6649999999999999,1.1849999999999998,0.2
2025-05-11 15:00:00,0.14,0.3383333333333333,0.9033333333333334,0.525
2025-05-11 16:00:00,0.3766666666666667,0.7183333333333334,0.36333333333333334,0.6633333333333333
2025-05-11 17:00:00,1.2416666666666667,0.4166666666666667,0.41000000000000003,0.35333333333333333
2025-05-11 18:00:00,0.605,0.4216666666666667,0.5283333333333333,0.0
2025-05-11 19:00:00,0.7433333333333334,0.02,0.6033333333333334,0.0
2025-05-11 20:00:00,0.04833333333333333,0.15333333333333335,0.7933333333333333,0.155
2025-05-11 21:00:00,0.0,0.08499999999999999,1.0083333333333333,0.22333333333333333
2025-05-11 22:00:00,0.0,0.08,0.85,0.006666666666666667
2025-05-11 23:00:00,0.12666666666666668,0.6816666666666666,1.0316666666666667,0.041666666666666664
2025-05-12 00:00:00,0.5033333333333333,0.805,0.6933333333333334,0.5083333333333333
2025-05-12 01:00:00,0.9116666666666667,1.22,0.785,1.195
2025-05-12 02:00:00,0.99,2.015,1.6166666666666667,1.8316666666666668
2025-05-12 03:00:00,0.9283333333333333,2.5833333333333335,2.2583333333333333,2.3766666666666665
2025-05-12 04:00:00,1.3966666666666667,2.4833333333333334,1.7283333333333333,2.131666666666667
2025-05-12 05:00:00,1.3516666666666668,2.2449999999999997,1.6483333333333334,2.033333333333333
2025-05-12 06:00:00,0.9616666666666667,2.3733333333333335,1.3183333333333331,2.0900000000000003
2025-05-12 07:00:00,1.2083333333333333,2.478333333333333,2.5083333333333333,1.9283333333333335
2025-05-12 08:00:00,0.9783333333333334,2.625,2.135,1.9316666666666669
2025-05-12 09:00:00,0.9466666666666667,2.6816666666666666,2.0166666666666666,1.7733333333333334
2025-05-12 10:00:00,0.98,1.9649999999999999,1.8533333333333333,1.6483333333333334
2025-05-12 11:00:00,0.615,2.0433333333333334,2.1216666666666666,1.4016666666666666
2025-05-12 12:00:00,0.48166666666666663,1.8266666666666667,1.97,1.3883333333333332
2025-05-12 13:00:00,0.22333333333333333,1.5150000000000001,1.52,1.2283333333333333
2025-05-12 14:00:00,0.08666666666666667,1.1416666666666666,1.5183333333333333,0.795
2025-05-12 15:00:00,0.09333333333333334,1.1849999999999998,1.5066666666666668,0.7766666666666667
2025-05-12 16:00:00,0.225,0.59,1.0966666666666667,0.3716666666666667
2025-05-12 17:00:00,0.22166666666666668,0.49166666666666664,0.39166666666666666,0.6683333333333333
2025-05-12 18:00:00,0.16833333333333333,0.48833333333333334,0.505,0.5016666666666666
2025-05-12 19:00:00,0.13166666666666668,0.19833333333333333,0.9633333333333334,0.23
2025-05-12 20:00:00,0.16833333333333333,0.07,1.0633333333333335,0.10666666666666667
2025-05-12 21:00:00,0.0,0.08166666666666668,0.9066666666666666,0.006666666666666667
2025-05-12 22:00:00,0.0,0.21,0.3266666666666666,0.014999999999999998
2025-05-12 23:00:00,0.175,0.4516666666666667,0.3383333333333333,0.10833333333333334
2025-05-13 00:00:00,0.25833333333333336,0.4583333333333333,0.44166666666666665,0.31166666666666665
2025-05-13 01:00:00,0.6,0.825,1.0016666666666667,0.6433333333333333
2025-05-13 02:00:00,0.43,1.635,1.0633333333333332,1.2049999999999998
2025-05-13 03:00:00,1.5083333333333333,1.4266666666666665,1.6700000000000002,1.4966666666666666
2025-05-13 04:00:00,0.8933333333333333,1.34,1.4516666666666667,1.5183333333333333
2025-05-13 05:00:00,1.0883333333333334,1.4183333333333332,1.9549999999999998,1.4616666666666667
2025-05-13 06:00:00,1.5666666666666667,1.5016666666666665,1.82,1.5283333333333333
2025-05-13 07:00:00,1.595,1.745,1.8299999999999998,1.3533333333333333
2025-05-13 08:00:00,2.0349999999999997,1.7783333333333333,1.9016666666666666,1.62
2025-05-13 09:00:00,1.8016666666666667,1.5799999999999998,1.75,1.4066666666666667
2025-05-13 10:00:00,1.1533333333333333,1.5783333333333334,1.6483333333333334,1.5650000000000002
2025-05-13 11:00:00,1.1099999999999999,1.25,1.04,1.2116666666666667
2025-05-13 12:00:00,0.84,1.1,1.0799999999999998,0.9733333333333333
2025-05-13 13:00:00,0.7066666666666667,0.18833333333333335,0.5316666666666666,0.48833333333333334
2025-05-13 14:00:00,0.995,0.0,0.365,0.08000000000000002
2025-05-13 15:00:00,1.2066666666666668,0.0,0.09000000000000001,0.10333333333333333
2025-05-13 16:00:00,1.2866666666666666,0.0,0.09166666666666666,0.0
2025-05-13 17:00:00,1.0116666666666667,0.0,0.14166666666666666,0.11333333333333333
2025-05-13 18:00:00,0.42833333333333334,0.0,0.4933333333333333,0.22666666666666666
2025-05-13 19:00:00,0.6,0.0,0.565,0.08666666666666667
2025-05-13 20:00:00,0.5133333333333333,0.555,0.8983333333333333,0.325
2025-05-13 21:00:00,0.965,1.2366666666666668,0.565,0.145
2025-05-13 22:00:00,0.8583333333333333,1.3683333333333332,0.675,0.3016666666666667
2025-05-13 23:00:00,0.7383333333333333,2.25,0.5083333333333333,0.08000000000000002
2025-05-14 00:00:00,0.6033333333333334,2.8266666666666667,0.5733333333333334,0.49
2025-05-14 01:00:00,1.0116666666666667,2.4983333333333335,1.1416666666666666,1.005
2025-05-14 02:00:00,1.9400000000000002,3.0116666666666663,1.88,1.245
2025-05-14 03:00:00,2.485,3.1666666666666665,2.2800000000000002,2.375
2025-05-14 04:00:00,3.51,3.6333333333333333,2.7266666666666666,2.7233333333333336
2025-05-14 05:00:00,3.6733333333333333,3.355,2.7066666666666666,3.4716666666666667
2025-05-14 06:00:00,3.4266666666666667,3.441666666666667,2.7816666666666667,3.121666666666667
2025-05-14 07:00:00,3.566666666666667,3.296666666666667,2.828333333333333,3.065
2025-05-14 08:00:00,3.4,3.341666666666667,2.878333333333333,2.9650000000000003
2025-05-14 09:00:00,2.9766666666666666,2.493333333333333,2.565,3.345
2025-05-14 10:00:00,4.036666666666666,2.5516666666666667,2.7333333333333334,3.018333333333333
2025-05-14 11:00:00,3.5016666666666665,2.4016666666666664,2.2783333333333333,3.0683333333333334
2025-05-14 12:00:00,2.4616666666666664,1.9916666666666667,2.085,1.88
2025-05-14 13:00:00,1.6716666666666666,1.03,1.0766666666666667,1.1916666666666667
2025-05-14 14:00:00,1.62,0.8683333333333334,0.8049999999999999,1.62
2025-05-14 15:00:00,1.9400000000000002,1.4533333333333334,1.4683333333333333,2.0516666666666667
2025-05-14 16:00:00,1.6866666666666668,0.92,1.71,2.0
2025-05-14 17:00:00,1.2933333333333332,0.8166666666666667,1.23,1.4733333333333334
2025-05-14 18:00:00,2.4483333333333333,1.38,1.6849999999999998,2.51
2025-05-14 19:00:00,2.89,1.63,2.3033333333333332,2.8016666666666667
2025-05-14 20:00:00,3.091666666666667,3.1483333333333334,3.2199999999999998,3.48
2025-05-14 21:00:00,1.7716666666666667,2.1516666666666664,2.7266666666666666,1.7349999999999999
2025-05-14 22:00:00,2.265,2.3666666666666667,2.3866666666666663,2.0316666666666667
2025-05-14 23:00:00,1.7466666666666666,1.96,2.4116666666666666,1.5733333333333335
2025-05-15 00:00:00,2.135,2.0083333333333333,2.4949999999999997,2.005
2025-05-15 01:00:00,1.8383333333333334,2.243333333333333,2.4366666666666665,2.131666666666667
2025-05-15 02:00:00,2.421666666666667,2.2416666666666667,2.146666666666667,2.1516666666666664
2025-05-15 03:00:00,3.07,2.5716666666666668,2.631666666666667,3.0933333333333333
2025-05-15 04:00:00,3.2883333333333336,2.0933333333333333,3.195,2.896666666666667
2025-05-15 05:00:00,3.3216666666666668,2.3183333333333334,3.07,3.0900000000000003
2025-05-15 06:00:00,3.68,2.5716666666666668,3.3066666666666666,3.6883333333333335
2025-05-15 07:00:00,3.9116666666666666,2.77,3.5933333333333333,4.185
2025-05-15 08:00:00,3.478333333333333,3.481666666666667,3.955,3.9116666666666666
2025-05-15 09:00:00,3.82,2.5716666666666668,3.1533333333333333,3.4066666666666667
2025-05-15 10:00:00,3.6783333333333332,2.5366666666666666,3.1333333333333333,3.8216666666666668
2025-05-15 11:00:00,3.433333333333333,2.2266666666666666,2.478333333333333,3.3033333333333332
2025-05-15 12:00:00,2.356666666666667,1.925,2.268333333333333,3.17
2025-05-15 13:00:00,2.2933333333333334,1.5766666666666667,1.495,1.9083333333333334
2025-05-15 14:00:00,1.4083333333333334,0.7616666666666666,1.3433333333333333,1.3866666666666667
2025-05-15 15:00:00,2.045,0.9766666666666667,1.7616666666666667,1.6883333333333332
2025-05-15 16:00:00,2.1016666666666666,1.4283333333333335,1.6016666666666668,1.8766666666666665
2025-05-15 17:00:00,1.73,1.035,1.5566666666666669,1.7049999999999998
2025-05-15 18:00:00,0.9800000000000001,0.7383333333333334,1.2516666666666665,1.0666666666666667
2025-05-15 19:00:00,1.2683333333333333,1.3466666666666667,1.0083333333333333,1.1433333333333335
2025-05-15 20:00:00,1.8383333333333334,1.6033333333333333,1.025,1.1600000000000001
2025-05-15 21:00:00,1.8433333333333333,2.2216666666666667,1.2633333333333332,0.9316666666666666
2025-05-15 22:00:00,2.095,2.6783333333333332,1.32,0.7866666666666667
2025-05-15 23:00:00,2.2116666666666664,2.756666666666667,1.5799999999999998,1.325
2025-05-16 00:00:00,1.8783333333333334,2.5716666666666668,1.5433333333333332,1.5916666666666666
2025-05-16 01:00:00,3.1266666666666665,2.7733333333333334,2.29,2.8449999999999998
2025-05-16 02:00:00,3.1333333333333333,2.9266666666666667,2.5966666666666667,2.5733333333333333
2025-05-16 03:00:00,3.93,2.7466666666666666,2.885,3.5316666666666667
2025-05-16 04:00:00,4.088333333333334,2.9699999999999998,3.1,4.208333333333333
2025-05-16 05:00:00,4.446666666666667,3.378333333333333,3.4483333333333333,4.305000000000001
2025-05-16 06:00:00,4.101666666666667,3.4166666666666665,3.455,3.8916666666666666
2025-05-16 07:00:00,1.8733333333333335,1.9633333333333334,3.5533333333333332,3.2550000000000003
2025-05-16 08:00:00,1.9549999999999998,1.3066666666666669,1.5933333333333333,1.8099999999999998
2025-05-16 09:00:00,2.5833333333333335,1.5833333333333333,1.3033333333333335,1.5016666666666665
2025-05-16 10:00:00,2.5966666666666667,1.84,2.05,2.086666666666667
2025-05-16 11:00:00,2.57,1.9916666666666667,1.575,1.9916666666666667
2025-05-16 12:00:00,3.635,2.6883333333333335,1.9583333333333333,2.08
2025-05-16 13:00:00,3.4033333333333333,2.9033333333333333,3.618333333333333,2.6966666666666668
2025-05-16 14:00:00,3.25,2.216666666666667,2.716666666666667,2.6766666666666667
2025-05-16 15:00:00,1.5166666666666666,0.9149999999999999,1.28,1.5866666666666667
2025-05-16 16:00:00,1.57,0.725,1.135,1.2933333333333332
2025-05-16 17:00:00,1.6383333333333332,1.1616666666666666,1.1483333333333334,1.3383333333333334
2025-05-16 18:00:00,1.8683333333333332,1.4216666666666666,1.0483333333333333,1.1583333333333334
2025-05-16 19:00:00,2.243333333333333,1.9833333333333334,1.0566666666666666,1.2766666666666666
2025-05-16 20:00:00,2.29,2.0616666666666665,1.305,1.2083333333333333
2025-05-16 21:00:00,2.756666666666667,2.7116666666666664,1.57,1.6700000000000002
2025-05-16 22:00:00,3.205,3.316666666666667,1.9066666666666667,1.9766666666666666
2025-05-16 23:00:00,3.0833333333333335,3.6566666666666667,2.253333333333333,1.9733333333333334
2025-05-17 00:00:00,3.1483333333333334,2.7666666666666666,2.39,2.086666666666667
2025-05-17 01:00:00,3.24,2.6733333333333333,2.4833333333333334,2.605
2025-05-17 02:00:00,3.175,3.753333333333333,2.9166666666666665,2.99
2025-05-17 03:00:00,3.1883333333333335,3.0766666666666667,3.0616666666666665,3.4949999999999997
2025-05-17 04:00:00,4.348333333333333,2.993333333333333,2.925,3.0883333333333334
2025-05-17 05:00:00,4.7316666666666665,3.4866666666666664,3.025,4.158333333333333
2025-05-17 06:00:00,4.4399999999999995,2.8383333333333334,3.0516666666666667,3.878333333333333
2025-05-17 07:00:00,2.6733333333333333,2.8633333333333337,3.2233333333333336,2.8866666666666663
2025-05-17 08:00:00,2.433333333333333,2.8833333333333333,3.1783333333333332,2.1766666666666667
2025-05-17 09:00:00,1.6666666666666667,1.3416666666666666,1.9549999999999998,1.175
2025-05-17 10:00:00,0.9183333333333333,0.5783333333333334,0.9933333333333334,0.7433333333333334
2025-05-17 11:00:00,1.1916666666666667,0.5983333333333333,0.5366666666666667,0.405
2025-05-17 12:00:00,1.0916666666666666,0.8833333333333333,0.5966666666666666,0.6316666666666666
2025-05-17 13:00:00,1.1116666666666668,1.06,0.8116666666666668,0.7416666666666667
2025-05-17 14:00:00,1.2583333333333333,1.2166666666666666,0.765,0.985
2025-05-17 15:00:00,1.3216666666666665,1.3183333333333331,0.785,0.8533333333333334
2025-05-17 16:00:00,1.7466666666666666,1.35,0.9866666666666667,1.0083333333333333
2025-05-17 17:00:00,1.5316666666666667,1.2783333333333333,1.0166666666666666,1.2366666666666668
2025-05-17 18:00:00,1.63,0.9049999999999999,1.2516666666666665,0.9033333333333334
2025-05-17 19:00:00,1.1416666666666666,0.5883333333333333,1.3583333333333334,0.6283333333333334
2025-05-17 20:00:00,1.3283333333333334,1.095,1.0133333333333334,1.2133333333333334
2025-05-17 21:00:00,1.765,1.46,1.2049999999999998,1.5033333333333334
2025-05-17 22:00:00,1.7133333333333334,1.7049999999999998,1.285,1.6266666666666665
2025-05-17 23:00:00,1.9183333333333332,1.7066666666666668,1.2766666666666666,1.7766666666666666
2025-05-18 00:00:00,1.9433333333333331,1.5416666666666667,1.4483333333333335,1.7183333333333333
2025-05-18 01:00:00,1.38,1.1733333333333333,1.2783333333333333,1.1
2025-05-18 02:00:00,1.7183333333333333,1.3083333333333333,1.52,1.655
2025-05-18 03:00:00,1.6366666666666667,1.01,1.165,1.2316666666666667
2025-05-18 04:00:00,2.816666666666667,2.0266666666666664,1.3333333333333333,2.191666666666667
2025-05-18 05:00:00,3.335,2.8616666666666664,2.1266666666666665,2.095
2025-05-18 06:00:00,4.166666666666667,3.1166666666666667,1.5966666666666667,2.2016666666666667
2025-05-18 07:00:00,3.243333333333333,2.7150000000000003,2.0266666666666664,2.566666666666667
2025-05-18 08:00:00,1.7183333333333333,0.92,1.4833333333333334,0.9166666666666666
2025-05-18 09:00:00,0.9783333333333334,0.8766666666666667,0.5933333333333334,0.9600000000000001
2025-05-18 10:00:00,1.4783333333333333,1.2650000000000001,0.9216666666666666,1.47
2025-05-18 11:00:00,0.39499999999999996,0.19499999999999998,0.985,0.22333333333333333
2025-05-18 12:00:00,0.10666666666666667,0.07,0.5416666666666666,0.185
2025-05-18 13:00:00,1.0816666666666668,1.1533333333333333,0.6883333333333332,0.25666666666666665
2025-05-18 14:00:00,1.5183333333333333,1.5533333333333335,0.7816666666666666,0.7183333333333334
2025-05-18 15:00:00,1.9133333333333333,1.6016666666666666,0.8733333333333333,1.4066666666666667
2025-05-18 16:00:00,2.3333333333333335,1.445,1.1683333333333332,2.0433333333333334
2025-05-18 17:00:00,2.1733333333333333,1.5016666666666665,1.4633333333333334,1.5983333333333334
2025-05-18 18:00:00,2.045,1.29,1.2866666666666666,1.7316666666666667
2025-05-18 19:00:00,2.2866666666666666,1.2516666666666665,1.6216666666666666,1.905
2025-05-18 20:00:00,1.93,1.5283333333333333,1.5483333333333333,1.6583333333333334
2025-05-18 21:00:00,1.8316666666666668,1.5083333333333333,1.4383333333333332,1.5633333333333332
2025-05-18 22:00:00,1.9566666666666668,1.4733333333333334,1.34,1.6483333333333334
2025-05-18 23:00:00,1.985,1.5983333333333334,1.8666666666666667,1.7633333333333332
2025-05-19 00:00:00,2.271666666666667,1.59,1.7583333333333333,2.275
2025-05-19 01:00:00,2.2849999999999997,1.5883333333333334,1.715,1.9549999999999998
2025-05-19 02:00:00,2.8383333333333334,1.525,2.115,2.5616666666666665
2025-05-19 03:00:00,2.4699999999999998,1.5233333333333334,1.85,2.3333333333333335
2025-05-19 04:00:00,2.96,1.4383333333333332,1.7316666666666667,1.91
2025-05-19 05:00:00,2.765,1.6616666666666666,2.67,2.1516666666666664
2025-05-19 06:00:00,2.2333333333333334,1.1983333333333335,1.78,2.0966666666666667
2025-05-19 07:00:00,2.118333333333333,1.2783333333333333,1.3383333333333334,1.51
2025-05-19 08:00:00,1.9666666666666666,1.5333333333333334,1.3483333333333334,1.4916666666666667
2025-05-19 09:00:00,1.714,1.25,1.2819999999999998,1.44
2025-05-19 10:00:00,1.6455882352941176,1.3558823529411765,1.035294117647059,1.1191176470588236
2025-05-19 11:00:00,1.26,0.9149999999999999,0.8350000000000001,0.8933333333333333
2025-05-19 12:00:00,1.03,0.8616666666666667,0.5316666666666666,0.295
2025-05-19 13:00:00,0.7716666666666666,0.735,0.39333333333333337,0.24500000000000002
2025-05-19 14:00:00,0.7683333333333333,0.69,0.35,0.4516666666666667
2025-05-19 15:00:00,0.8016666666666666,0.7183333333333334,0.45,0.6833333333333333
2025-05-19 16:00:00,1.0166666666666666,0.7183333333333334,0.5483333333333333,0.5733333333333334
2025-05-19 17:00:00,1.0966666666666667,0.81,0.38,0.3733333333333333
2025-05-19 18:00:00,1.0550000000000002,0.6266666666666667,0.4766666666666667,0.6516666666666667
2025-05-19 19:00:00,0.9233333333333333,0.505,0.495,0.4666666666666667
2025-05-19 20:00:00,0.8,0.18666666666666665,0.3983333333333334,0.13666666666666666
2025-05-19 21:00:00,0.7100000000000001,0.4166666666666667,0.14166666666666666,0.043333333333333335
2025-05-19 22:00:00,0.9666666666666667,0.325,0.20500000000000002,0.0
2025-05-19 23:00:00,0.5483333333333333,0.48833333333333334,0.18166666666666667,0.0
2025-05-20 00:00:00,0.5516666666666666,1.2650000000000001,0.7183333333333334,0.25
2025-05-20 01:00:00,0.9033333333333334,1.2466666666666666,0.8166666666666667,0.7683333333333333
2025-05-20 02:00:00,1.1166666666666667,1.175,1.005,0.775
2025-05-20 03:00:00,1.2866666666666666,1.1916666666666667,1.3150000000000002,1.0516666666666667
2025-05-20 04:00:00,0.875,0.8433333333333334,1.1099999999999999,0.8983333333333333
2025-05-20 05:00:00,1.1816666666666669,0.9566666666666667,0.875,1.405
2025-05-20 06:00:00,1.0833333333333333,1.01,0.5850000000000001,1.4283333333333335
2025-05-20 07:00:00,1.425,1.6016666666666666,1.0233333333333332,1.2983333333333333
2025-05-20 08:00:00,1.5833333333333333,1.6933333333333331,1.475,1.8616666666666668
2025-05-20 09:00:00,1.1266666666666665,1.1916666666666667,1.1066666666666667,1.505
2025-05-20 10:00:00,1.2366666666666668,1.5183333333333335,1.06,1.5416666666666667
2025-05-20 11:00:00,0.995,1.3116666666666668,0.74,1.325
2025-05-20 12:00:00,0.7616666666666667,0.6483333333333333,0.5983333333333333,0.46166666666666667
2025-05-20 13:00:00,0.07666666666666666,0.0,0.215,0.8483333333333333
2025-05-20 14:00:00,0.5216666666666667,0.0,0.11833333333333333,0.15666666666666668
2025-05-20 15:00:00,1.035,0.4716666666666667,0.7466666666666667,0.4116666666666667
2025-05-20 16:00:00,0.6066666666666667,0.30833333333333335,0.225,1.015
2025-05-20 17:00:00,0.5616666666666666,0.65,0.46166666666666667,0.9016666666666667
2025-05-20 18:00:00,0.5316666666666666,0.125,0.18166666666666667,0.5883333333333333
2025-05-20 19:00:00,0.65,0.43833333333333335,0.455,0.7083333333333334
2025-05-20 20:00:00,0.9583333333333334,0.06333333333333334,0.43166666666666664,0.645
2025-05-20 21:00:00,0.5116666666666666,0.3716666666666667,0.5583333333333333,0.5283333333333333
2025-05-20 22:00:00,1.1066666666666667,0.0,0.75,1.0516666666666667
2025-05-20 23:00:00,1.155,0.4666666666666667,0.6133333333333333,1.22
2025-05-21 00:00:00,1.2316666666666667,0.7200000000000001,1.035,0.875
2025-05-21 01:00:00,1.54,2.5,1.4183333333333332,1.0666666666666667
2025-05-21 02:00:00,2.0283333333333333,2.0616666666666665,2.228333333333333,1.775
2025-05-21 03:00:00,1.5633333333333332,2.246666666666667,1.925,1.7166666666666666
2025-05-21 04:00:00,2.328333333333333,3.1983333333333333,2.095,2.228333333333333
2025-05-21 05:00:00,3.296666666666667,3.1683333333333334,2.3,2.506666666666667
2025-05-21 06:00:00,3.183333333333333,3.81,2.2133333333333334,2.628333333333333
2025-05-21 07:00:00,3.3066666666666666,4.6466666666666665,2.445,2.783333333333333
2025-05-21 08:00:00,3.5616666666666665,4.378333333333333,2.4383333333333335,2.525
2025-05-21 09:00:00,3.525,4.13,2.8400000000000003,2.74
2025-05-21 10:00:00,2.7133333333333334,3.605,2.5083333333333333,2.645
2025-05-21 11:00:00,2.6866666666666665,2.9116666666666666,1.9433333333333331,2.445
2025-05-21 12:00:00,2.2383333333333337,1.9583333333333333,1.3533333333333333,1.8283333333333334
2025-05-21 13:00:00,1.6400000000000001,0.9166666666666666,1.21,1.6983333333333335
2025-05-21 14:00:00,1.5433333333333332,1.175,0.6483333333333333,0.8350000000000001
2025-05-21 15:00:00,1.2116666666666667,0.925,0.625,0.5666666666666667
2025-05-21 16:00:00,1.1683333333333332,1.1400000000000001,1.1066666666666667,1.0166666666666666
2025-05-21 17:00:00,1.0733333333333335,1.0666666666666667,0.8533333333333334,0.35833333333333334
2025-05-21 18:00:00,1.0116666666666667,1.2833333333333334,0.7933333333333333,0.24166666666666667
2025-05-21 19:00:00,0.9383333333333332,1.645,0.7183333333333334,0.3383333333333333
2025-05-21 20:00:00,1.25,1.23,0.77,0.6799999999999999
2025-05-21 21:00:00,1.5383333333333333,0.8933333333333333,0.6633333333333333,0.8516666666666667
2025-05-21 22:00:00,1.32,0.76,0.5933333333333334,0.8350000000000001
2025-05-21 23:00:00,1.7666666666666666,0.9833333333333333,1.07,1.3816666666666668
2025-05-22 00:00:00,2.195,1.4133333333333333,2.0533333333333332,1.99
2025-05-22 01:00:00,2.0433333333333334,1.8666666666666667,1.9,2.0733333333333333
2025-05-22 02:00:00,1.9549999999999998,2.066666666666667,1.9966666666666666,2.1233333333333335
2025-05-22 03:00:00,2.3,2.8400000000000003,1.6833333333333333,2.4099999999999997
2025-05-22 04:00:00,2.621666666666667,2.893333333333333,2.1866666666666665,2.243333333333333
2025-05-22 05:00:00,2.46,3.4016666666666664,2.2150000000000003,2.6416666666666666
2025-05-22 06:00:00,2.645,3.453333333333333,2.2849999999999997,2.4366666666666665
2025-05-22 07:00:00,2.4699999999999998,3.3866666666666663,2.07,2.3033333333333332
2025-05-22 08:00:00,2.9766666666666666,3.308333333333333,1.9233333333333333,2.5866666666666664
2025-05-22 09:00:00,3.95,2.9633333333333334,2.646666666666667,3.271666666666667
2025-05-22 10:00:00,2.7633333333333336,3.0566666666666666,2.5716666666666668,2.3216666666666668
2025-05-22 11:00:00,1.8833333333333333,2.68,1.605,1.6833333333333333
2025-05-22 12:00:00,2.5483333333333333,2.106666666666667,1.5833333333333333,2.0233333333333334
2025-05-22 13:00:00,3.5799999999999996,1.9383333333333332,2.1566666666666667,2.6683333333333334
2025-05-22 14:00:00,1.9849999999999999,1.7433333333333332,2.5133333333333336,2.396666666666667
2025-05-22 15:00:00,2.283333333333333,1.7983333333333331,2.1633333333333336,2.503333333333333
2025-05-22 16:00:00,1.8,1.0716666666666665,1.3099999999999998,1.0183333333333333
2025-05-22 17:00:00,0.8033333333333333,0.43666666666666665,0.8716666666666666,0.42833333333333334
2025-05-22 18:00:00,0.7266666666666667,0.4516666666666667,0.89,0.175
2025-05-22 19:00:00,0.9066666666666666,0.38,1.145,0.43166666666666664
2025-05-22 20:00:00,0.5549999999999999,0.4483333333333333,0.7716666666666666,0.46499999999999997
2025-05-22 21:00:00,0.7066666666666667,0.3466666666666667,0.535,0.3333333333333333
2025-05-22 22:00:00,0.9983333333333333,0.0,0.8883333333333333,0.99
2025-05-22 23:00:00,1.0633333333333335,0.8833333333333333,0.8833333333333333,0.5066666666666666
2025-05-23 00:00:00,1.4216666666666666,1.63,1.6416666666666666,1.3133333333333332
2025-05-23 01:00:00,2.0966666666666667,2.795,1.9733333333333334,1.825
2025-05-23 02:00:00,2.8316666666666666,3.2216666666666667,2.5083333333333333,1.7833333333333334
2025-05-23 03:00:00,2.4683333333333333,3.5566666666666666,2.81,2.0233333333333334
2025-05-23 04:00:00,2.8833333333333333,3.685,3.2933333333333334,2.5633333333333335
2025-05-23 05:00:00,3.481666666666667,4.105,2.8483333333333336,2.6
2025-05-23 06:00:00,3.3316666666666666,3.8800000000000003,3.3333333333333335,2.39
2025-05-23 07:00:00,3.8699999999999997,3.7066666666666666,2.1366666666666663,2.68
2025-05-23 08:00:00,2.978333333333333,2.671666666666667,2.3583333333333334,2.756666666666667
2025-05-23 09:00:00,4.095,2.7783333333333333,2.6116666666666664,3.1383333333333336
2025-05-23 10:00:00,2.8699999999999997,2.5016666666666665,2.4566666666666666,2.6966666666666668
2025-05-23 11:00:00,2.7550000000000003,3.2666666666666666,2.0733333333333333,1.9533333333333334
2025-05-23 12:00:00,2.521666666666667,2.9949999999999997,2.146666666666667,1.6566666666666667
2025-05-23 13:00:00,1.7650000000000001,1.7316666666666667,1.5266666666666666,0.9183333333333333
2025-05-23 14:00:00,0.7566666666666666,0.6366666666666666,0.7133333333333334,0.8416666666666667
2025-05-23 15:00:00,1.1216666666666666,0.7083333333333334,1.305,0.9766666666666667
2025-05-23 16:00:00,1.2383333333333333,0.7699999999999999,1.2133333333333334,1.3266666666666667
2025-05-23 17:00:00,1.1966666666666665,0.8133333333333332,0.93,0.7466666666666666
2025-05-23 18:00:00,1.1700000000000002,0.8883333333333334,0.91,0.5316666666666666
2025-05-23 19:00:00,1.0566666666666666,1.2166666666666666,0.46499999999999997,0.155
2025-05-23 20:00:00,0.9716666666666668,1.0566666666666666,0.21,0.03833333333333334
2025-05-23 21:00:00,0.95,1.0533333333333335,0.48000000000000004,0.023333333333333334
2025-05-23 22:00:00,1.0333333333333334,2.175,0.35666666666666663,0.625
2025-05-23 23:00:00,1.115,2.356666666666667,0.9316666666666666,1.02
2025-05-24 00:00:00,1.5116666666666667,2.94,1.605,1.4616666666666667
2025-05-24 01:00:00,2.0166666666666666,2.375,1.7533333333333334,2.055
2025-05-24 02:00:00,1.9066666666666667,2.243333333333333,1.35,2.0466666666666664
2025-05-24 03:00:00,2.31,2.7933333333333334,1.5150000000000001,1.5433333333333332
2025-05-24 04:00:00,1.855,1.79,1.3133333333333332,1.2083333333333333
2025-05-24 05:00:00,2.0083333333333333,1.78,2.27,1.995
2025-05-24 06:00:00,2.3316666666666666,2.6633333333333336,2.683333333333333,2.0783333333333336
2025-05-24 07:00:00,2.771666666666667,2.725,2.575,2.3366666666666664
2025-05-24 08:00:00,2.743333333333333,2.4766666666666666,2.4,1.755
2025-05-24 09:00:00,2.805,3.0233333333333334,2.381666666666667,1.665
2025-05-24 10:00:00,2.6333333333333333,3.2516666666666665,1.7049999999999998,1.7266666666666666
2025-05-24 11:00:00,2.06,2.9066666666666667,1.5,1.51
2025-05-24 12:00:00,1.5533333333333335,1.755,1.3083333333333333,0.9466666666666667
2025-05-24 13:00:00,0.48500000000000004,0.405,0.6316666666666666,0.49166666666666664
2025-05-24 14:00:00,0.7816666666666666,0.0,0.5016666666666666,0.5216666666666667
2025-05-24 15:00:00,0.7883333333333333,0.0,0.28500000000000003,0.345
2025-05-24 16:00:00,1.38,0.245,0.0,0.7483333333333333
2025-05-24 17:00:00,1.365,0.13833333333333334,0.0,0.6583333333333333
2025-05-24 18:00:00,0.8833333333333333,0.5616666666666668,0.505,0.6566666666666666
2025-05-24 19:00:00,1.1683333333333332,0.0,0.12833333333333333,0.3816666666666667
2025-05-24 20:00:00,1.2783333333333333,0.35833333333333334,0.020000000000000004,0.5866666666666667
2025-05-24 21:00:00,1.2383333333333333,0.0,0.08666666666666667,0.25
2025-05-24 22:00:00,1.3433333333333333,0.59,0.08666666666666667,0.7083333333333334
2025-05-24 23:00:00,1.4366666666666668,0.3233333333333333,0.6083333333333333,0.46166666666666667
2025-05-25 00:00:00,1.4849999999999999,0.09833333333333334,0.9133333333333333,1.3916666666666666
2025-05-25 01:00:00,2.2866666666666666,0.8333333333333334,1.5033333333333334,2.4650000000000003
2025-05-25 02:00:00,2.896666666666667,1.055,2.85,3.146666666666667
2025-05-25 03:00:00,2.7633333333333336,2.2633333333333336,3.675,2.8016666666666667
2025-05-25 04:00:00,2.453333333333333,2.575,2.881666666666667,1.8033333333333335
2025-05-25 05:00:00,2.453333333333333,2.025,3.1116666666666664,2.566666666666667
2025-05-25 06:00:00,2.1599999999999997,1.6166666666666667,3.253333333333333,2.5833333333333335
2025-05-25 07:00:00,2.171666666666667,0.8433333333333334,2.3433333333333333,2.4016666666666664
2025-05-25 08:00:00,2.5116666666666663,1.105,3.17,2.5733333333333333
2025-05-25 09:00:00,2.671666666666667,1.7950000000000002,2.9883333333333337,2.3016666666666667
2025-05-25 10:00:00,1.5116666666666667,1.2466666666666666,1.8216666666666665,0.9366666666666668
2025-05-25 11:00:00,1.2033333333333334,0.32166666666666666,0.8833333333333333,0.73
2025-05-25 12:00:00,1.3166666666666667,0.325,0.7033333333333334,0.9416666666666667
2025-05-25 13:00:00,1.2916666666666667,0.4033333333333334,1.3866666666666667,1.4200000000000002
2025-05-25 14:00:00,1.695,0.17666666666666667,0.5883333333333333,1.38
2025-05-25 15:00:00,1.1166666666666667,0.11999999999999998,0.305,0.8983333333333333
2025-05-25 16:00:00,1.1966666666666665,0.0,0.625,1.2433333333333332
2025-05-25 17:00:00,1.3983333333333334,0.0,0.505,0.8216666666666667
2025-05-25 18:00:00,1.1933333333333331,0.0,0.5383333333333333,0.5466666666666666
2025-05-25 19:00:00,1.155,1.2483333333333335,0.7383333333333333,0.49166666666666664
2025-05-25 20:00:00,1.0466666666666666,1.3916666666666666,0.5166666666666667,0.215
2025-05-25 21:00:00,1.0633333333333335,1.1666666666666667,0.48000000000000004,0.7116666666666666
2025-05-25 22:00:00,1.3483333333333334,1.4383333333333332,0.5016666666666666,0.9516666666666667
2025-05-25 23:00:00,1.2366666666666668,1.5116666666666667,0.5233333333333333,0.7416666666666667
2025-05-26 00:00:00,1.9166666666666667,2.115,1.1566666666666667,1.2966666666666666
2025-05-26 01:00:00,2.1733333333333333,1.5683333333333331,1.3116666666666668,1.4883333333333333
2025-05-26 02:00:00,1.7866666666666666,1.3183333333333331,1.1883333333333332,1.24
2025-05-26 03:00:00,2.0266666666666664,1.5033333333333334,1.3900000000000001,1.9633333333333334
2025-05-26 04:00:00,2.6633333333333336,1.9866666666666668,1.8083333333333333,2.325
2025-05-26 05:00:00,2.6983333333333333,2.3016666666666667,2.48,2.5300000000000002
2025-05-26 06:00:00,3.0300000000000002,2.3916666666666666,2.95,2.585
2025-05-26 07:00:00,3.18,2.5266666666666664,2.485,2.7416666666666667
2025-05-26 08:00:00,2.7816666666666667,2.5949999999999998,2.61,2.4733333333333336
2025-05-26 09:00:00,2.51,2.3449999999999998,2.1766666666666667,2.49
2025-05-26 10:00:00,2.6133333333333337,2.2183333333333333,1.915,2.2083333333333335
2025-05-26 11:00:00,2.225,1.38,1.8033333333333335,1.7183333333333335
2025-05-26 12:00:00,0.895,0.8450000000000001,1.4016666666666666,1.015
2025-05-26 13:00:00,0.21666666666666667,0.035,0.27166666666666667,0.13499999999999998
2025-05-26 14:00:00,0.46499999999999997,0.10833333333333334,0.30333333333333334,0.0
2025-05-26 15:00:00,0.7816666666666666,0.465,0.3333333333333333,0.9383333333333332
2025-05-26 16:00:00,1.0283333333333333,0.7766666666666667,0.6766666666666666,0.6799999999999999
2025-05-26 17:00:00,0.7316666666666667,0.43833333333333335,0.8,0.84
2025-05-26 18:00:00,0.66,0.9033333333333334,0.5733333333333334,0.59
2025-05-26 19:00:00,0.7383333333333333,0.49833333333333335,0.5683333333333334,0.39333333333333337
2025-05-26 20:00:00,0.675,0.4716666666666667,0.6633333333333333,0.44
2025-05-26 21:00:00,0.6433333333333333,0.64,0.18166666666666667,0.0
2025-05-26 22:00:00,0.775,0.09166666666666666,0.935,0.48833333333333334
2025-05-26 23:00:00,0.8316666666666667,0.8,1.0483333333333333,0.605
2025-05-27 00:00:00,1.1583333333333334,2.44,1.2116666666666667,0.7683333333333333
2025-05-27 01:00:00,1.3883333333333332,2.5083333333333333,1.53,0.9333333333333333
2025-05-27 02:00:00,1.8966666666666667,2.02,1.7016666666666667,1.5083333333333333
2025-05-27 03:00:00,2.0533333333333332,2.0366666666666666,2.3483333333333336,1.74
2025-05-27 04:00:00,1.8683333333333332,2.49,2.65,1.4216666666666666
2025-05-27 05:00:00,2.46,2.4099999999999997,2.2,1.22
2025-05-27 06:00:00,2.2933333333333334,1.7049999999999998,2.1933333333333334,1.8983333333333334
2025-05-27 07:00:00,2.183333333333333,2.2866666666666666,3.1366666666666663,2.205
2025-05-27 08:00:00,2.353333333333333,2.8133333333333335,2.3633333333333337,1.6616666666666666
2025-05-27 09:00:00,2.5133333333333336,3.131666666666667,2.725,1.7666666666666666
2025-05-27 10:00:00,2.2583333333333333,2.51,2.7150000000000003,1.3566666666666667
2025-05-27 11:00:00,2.2783333333333333,2.1083333333333334,1.785,1.4116666666666666
2025-05-27 12:00:00,1.4233333333333333,1.9400000000000002,1.9133333333333333,1.175
2025-05-27 13:00:00,1.4483333333333335,1.225,1.1966666666666665,0.735
2025-05-27 14:00:00,1.1683333333333334,0.9266666666666666,0.935,0.645
2025-05-27 15:00:00,1.1866666666666668,0.30833333333333335,1.3766666666666665,1.0916666666666666
2025-05-27 16:00:00,1.3900000000000001,0.15833333333333333,1.2233333333333334,1.2333333333333334
2025-05-27 17:00:00,1.4433333333333331,0.495,1.215,1.5083333333333333
2025-05-27 18:00:00,1.6433333333333333,0.48166666666666663,0.7866666666666667,1.5216666666666667
2025-05-27 19:00:00,1.475,0.215,0.8083333333333333,1.2083333333333333
2025-05-27 20:00:00,1.035,0.23999999999999996,1.2233333333333334,1.255
2025-05-27 21:00:00,1.325,0.24833333333333335,1.41,1.325
2025-05-27 22:00:00,1.4883333333333333,0.4,1.5633333333333332,1.4133333333333333
2025-05-27 23:00:00,1.7716666666666667,1.6099999999999999,1.6849999999999998,1.5916666666666666
2025-05-28 00:00:00,2.203333333333333,1.7349999999999999,2.7800000000000002,1.6116666666666668
2025-05-28 01:00:00,2.001666666666667,1.03,2.481666666666667,1.88
2025-05-28 02:00:00,2.05,1.3016666666666665,2.4766666666666666,1.6716666666666666
2025-05-28 03:00:00,2.1966666666666668,1.7483333333333335,2.6533333333333333,1.3733333333333335
2025-05-28 04:00:00,1.9400000000000002,2.3883333333333336,2.3633333333333337,1.3466666666666667
2025-05-28 05:00:00,1.6116666666666668,2.33,2.1216666666666666,1.2333333333333334
2025-05-28 06:00:00,1.7349999999999999,2.225,2.2199999999999998,1.1066666666666667
2025-05-28 07:00:00,1.8,2.18,2.0466666666666664,1.3366666666666667
2025-05-28 08:00:00,1.4216666666666666,2.2483333333333335,2.31,1.465
2025-05-28 09:00:00,2.4949999999999997,2.955,1.7683333333333333,2.4050000000000002
2025-05-28 10:00:00,1.6,2.03,1.5,1.8016666666666667
2025-05-28 11:00:00,1.3966666666666667,1.875,1.1849999999999998,0.7383333333333333
2025-05-28 12:00:00,0.8466666666666666,0.9800000000000001,1.9216666666666666,0.5133333333333333
2025-05-28 13:00:00,1.7683333333333333,2.6616666666666666,1.7383333333333333,1.135
2025-05-28 14:00:00,2.1233333333333335,3.305,1.5016666666666665,0.9283333333333333
2025-05-28 15:00:00,2.2216666666666667,3.54,1.6766666666666665,1.1616666666666666
2025-05-28 16:00:00,2.6233333333333335,2.6716666666666664,1.7049999999999998,1.3516666666666666
2025-05-28 17:00:00,1.9116666666666666,2.296666666666667,1.3,1.6066666666666667
2025-05-28 18:00:00,1.6833333333333333,1.6733333333333333,1.3683333333333332,1.4033333333333333
2025-05-28 19:00:00,1.4183333333333332,1.155,1.1233333333333335,1.2066666666666668
2025-05-28 20:00:00,2.4,1.2066666666666668,1.02,1.7516666666666665
2025-05-28 21:00:00,2.6683333333333334,1.5450000000000002,2.2449999999999997,2.7266666666666666
2025-05-28 22:00:00,2.365,1.3916666666666666,2.0933333333333333,2.533333333333333
2025-05-28 23:00:00,2.13,1.2083333333333333,1.7283333333333333,1.825
2025-05-29 00:00:00,2.7233333333333336,1.9583333333333333,1.9333333333333333,2.1983333333333333
2025-05-29 01:00:00,2.646666666666667,2.0783333333333336,2.0983333333333336,2.253333333333333
2025-05-29 02:00:00,2.8333333333333335,2.02,1.7866666666666666,2.6550000000000002
2025-05-29 03:00:00,3.3766666666666665,2.3366666666666664,2.578333333333333,3.2616666666666663
2025-05-29 04:00:00,3.8016666666666667,2.9,2.7416666666666667,2.7016666666666667
2025-05-29 05:00:00,3.3883333333333336,3.3266666666666667,2.76,3.0833333333333335
2025-05-29 06:00:00,3.6766666666666667,2.658333333333333,2.7766666666666664,2.9099999999999997
2025-05-29 07:00:00,3.2333333333333334,2.4116666666666666,2.9483333333333333,2.6783333333333332
2025-05-29 08:00:00,3.1383333333333336,3.56,2.75,2.966666666666667
2025-05-29 09:00:00,3.0949999999999998,3.3733333333333335,2.3383333333333334,3.0166666666666666
2025-05-29 10:00:00,2.635,3.31,2.1216666666666666,2.6966666666666668
2025-05-29 11:00:00,2.0366666666666666,2.6983333333333333,2.2516666666666665,2.21
2025-05-29 12:00:00,1.6166666666666667,2.0416666666666665,1.0033333333333334,1.125
2025-05-29 13:00:00,1.1083333333333334,1.2266666666666666,0.7366666666666666,0.5716666666666667
2025-05-29 14:00:00,1.2183333333333333,0.725,0.7516666666666667,0.4266666666666667
2025-05-29 15:00:00,0.87,0.9466666666666668,1.0516666666666667,0.385
2025-05-29 16:00:00,0.8833333333333333,1.24,1.1516666666666666,0.405
2025-05-29 17:00:00,1.1966666666666665,1.5466666666666666,1.2633333333333332,0.6783333333333333
2025-05-29 18:00:00,2.43,3.5833333333333335,1.9416666666666667,1.7183333333333333
2025-05-29 19:00:00,1.8733333333333335,2.3266666666666667,2.0416666666666665,1.2183333333333333
2025-05-29 20:00:00,1.355,0.7516666666666667,1.28,1.2883333333333333
2025-05-29 21:00:00,1.6866666666666668,1.1116666666666668,1.5666666666666667,1.1700000000000002
2025-05-29 22:00:00,1.3733333333333335,1.4083333333333334,1.3166666666666667,0.8833333333333333
2025-05-29 23:00:00,1.6933333333333331,2.415,1.635,0.905
2025-05-30 00:00:00,1.8816666666666668,2.8233333333333333,1.4166666666666667,0.9533333333333334
2025-05-30 01:00:00,2.158333333333333,3.1599999999999997,1.6466666666666667,1.0433333333333334
2025-05-30 02:00:00,2.4733333333333336,3.9233333333333333,1.7166666666666666,1.8583333333333334
2025-05-30 03:00:00,2.8266666666666667,4.11,1.8766666666666665,2.3466666666666667
2025-05-30 04:00:00,2.955,2.8333333333333335,1.8333333333333333,2.005
2025-05-30 05:00:00,2.5300000000000002,2.96,1.65,2.3449999999999998
2025-05-30 06:00:00,2.658333333333333,3.2016666666666667,1.8733333333333335,2.0366666666666666
2025-05-30 07:00:00,2.816666666666667,3.515,1.9466666666666665,2.4116666666666666
2025-05-30 08:00:00,2.855,3.5983333333333336,1.73,2.5050000000000003
2025-05-30 09:00:00,2.525,3.128333333333333,1.8383333333333334,2.106666666666667
2025-05-30 10:00:00,2.77,3.5566666666666666,1.6166666666666667,2.2383333333333337
2025-05-30 11:00:00,2.6016666666666666,3.4,1.9766666666666666,2.24
2025-05-30 12:00:00,2.58,2.9466666666666668,1.4316666666666669,1.8083333333333333
2025-05-30 13:00:00,1.3083333333333333,1.7433333333333332,0.745,0.9216666666666666
2025-05-30 14:00:00,0.8166666666666667,0.26666666666666666,0.4516666666666667,0.3766666666666667
2025-05-30 15:00:00,0.7116666666666666,0.53,0.47333333333333333,0.4766666666666667
2025-05-30 16:00:00,0.7283333333333333,0.64,0.58,0.19833333333333333
2025-05-30 17:00:00,0.7066666666666667,0.7766666666666667,0.6216666666666666,0.49333333333333335
2025-05-30 18:00:00,0.6016666666666667,0.6300000000000001,0.7916666666666666,0.4083333333333333
2025-05-30 19:00:00,0.165,0.12333333333333334,0.525,0.26833333333333337
2025-05-30 20:00:00,0.3266666666666667,0.16000000000000003,0.28500000000000003,0.5316666666666666
2025-05-30 21:00:00,0.5549999999999999,0.775,0.5216666666666667,0.27166666666666667
2025-05-30 22:00:00,0.575,0.9033333333333334,0.22833333333333333,0.08333333333333333
2025-05-30 23:00:00,0.455,1.3833333333333333,0.26166666666666666,0.195
2025-05-31 00:00:00,0.43833333333333335,0.8883333333333333,0.6683333333333333,0.14
2025-05-31 01:00:00,0.7266666666666667,0.43499999999999994,0.9700000000000001,0.6833333333333333
2025-05-31 02:00:00,0.9049999999999999,0.9933333333333334,1.0766666666666667,1.0866666666666667
2025-05-31 03:00:00,1.6883333333333332,1.3566666666666667,1.2816666666666667,1.325
2025-05-31 04:00:00,1.6883333333333332,1.7566666666666668,1.5233333333333334,1.4549999999999998
2025-05-31 05:00:00,2.4833333333333334,3.1233333333333335,1.1516666666666666,1.7650000000000001
2025-05-31 06:00:00,1.9983333333333335,2.9099999999999997,1.3466666666666667,1.555
2025-05-31 07:00:00,2.091666666666667,2.315,1.5799999999999998,1.8366666666666667
2025-05-31 08:00:00,2.503333333333333,1.5216666666666667,1.6383333333333332,2.3583333333333334
2025-05-31 09:00:00,1.38,1.2433333333333332,1.5599999999999998,1.9849999999999999
2025-05-31 10:00:00,1.1533333333333333,1.3383333333333334,1.6633333333333333,1.9733333333333334
2025-05-31 11:00:00,1.415,1.2833333333333334,1.4333333333333333,1.995
2025-05-31 12:00:00,0.9916666666666667,0.745,0.7266666666666667,0.9383333333333332
2025-05-31 13:00:00,1.01,0.6733333333333333,0.013333333333333334,0.09166666666666666
2025-05-31 14:00:00,0.24166666666666667,0.28,0.8233333333333334,0.41833333333333333
2025-05-31 15:00:00,0.0,0.5733333333333334,1.01,0.4183333333333333
2025-05-31 16:00:00,0.35666666666666663,0.7666666666666667,0.9,0.5016666666666667
2025-05-31 17:00:00,0.9583333333333334,0.8383333333333334,0.4633333333333333,1.0266666666666666
2025-05-31 18:00:00,1.3099999999999998,1.0116666666666667,0.030000000000000002,0.8533333333333334
2025-05-31 19:00:00,1.12,0.5883333333333333,0.855,0.6166666666666667
2025-05-31 20:00:00,1.0716666666666665,0.7666666666666667,0.26666666666666666,1.5799999999999998
2025-05-31 21:00:00,0.5383333333333334,0.495,0.24333333333333332,0.7933333333333333
2025-05-31 22:00:00,0.006666666666666667,0.065,0.35333333333333333,0.195
2025-05-31 23:00:00,1.3666666666666667,0.315,1.125,1.1783333333333335
2025-06-01 00:00:00,0.9600000000000001,0.5133333333333333,1.1266666666666665,0.5399999999999999
2025-06-01 01:00:00,1.895,0.415,1.4783333333333333,1.6916666666666667
2025-06-01 02:00:00,1.1099999999999999,0.43833333333333335,1.6083333333333334,1.9666666666666666
2025-06-01 03:00:00,1.715,0.5683333333333334,2.1983333333333333,1.7233333333333334
2025-06-01 04:00:00,1.48,1.7866666666666666,1.8883333333333332,1.1566666666666667
2025-06-01 05:00:00,1.445,1.9483333333333333,2.04,1.255
2025-06-01 06:00:00,1.16,2.0466666666666664,2.6116666666666664,1.7816666666666667
2025-06-01 07:00:00,1.595,2.2666666666666666,2.0533333333333332,2.23
2025-06-01 08:00:00,2.4949999999999997,2.1533333333333333,2.4916666666666667,2.506666666666667
2025-06-01 09:00:00,2.2933333333333334,2.07,3.2516666666666665,1.7683333333333333
2025-06-01 10:00:00,2.1983333333333333,2.3216666666666668,1.93,1.7233333333333334
2025-06-01 11:00:00,2.2666666666666666,2.435,3.253333333333333,2.2266666666666666
2025-06-01 12:00:00,2.6683333333333334,2.5766666666666667,2.3916666666666666,1.7433333333333332
2025-06-01 13:00:00,2.025,1.9766666666666666,1.8266666666666667,1.4383333333333332
2025-06-01 14:00:00,1.7916666666666667,2.0883333333333334,1.1383333333333332,0.65
2025-06-01 15:00:00,1.21,0.9816666666666667,0.88,0.2783333333333333
2025-06-01 16:00:00,1.1966666666666665,0.715,0.8416666666666667,0.4533333333333333
2025-06-01 17:00:00,1.2866666666666666,1.6383333333333332,1.2666666666666666,0.5116666666666666
2025-06-01 18:00:00,1.3533333333333333,2.353333333333333,1.0633333333333332,0.8766666666666667
2025-06-01 19:00:00,0.9733333333333333,1.5850000000000002,1.0233333333333332,0.4666666666666667
2025-06-01 20:00:00,0.5916666666666667,1.7,0.6383333333333333,0.34833333333333333
2025-06-01 21:00:00,0.8266666666666667,1.5333333333333334,0.75,0.43166666666666664
2025-06-01 22:00:00,0.6583333333333333,1.0316666666666667,0.57,0.21666666666666667
2025-06-01 23:00:00,0.49166666666666664,1.1366666666666667,0.4983333333333333,0.165
2025-06-02 00:00:00,0.5399999999999999,1.1766666666666665,0.41000000000000003,0.5549999999999999
2025-06-02 01:00:00,0.99,0.7616666666666667,0.5116666666666666,0.8133333333333334
2025-06-02 02:00:00,0.6566666666666666,0.7416666666666667,0.4066666666666666,0.6133333333333333
2025-06-02 03:00:00,0.35,0.4983333333333333,0.5016666666666667,0.48333333333333334
2025-06-02 04:00:00,0.10333333333333333,0.315,0.48833333333333334,0.565
2025-06-02 05:00:00,0.8133333333333334,0.6616666666666667,1.1816666666666669,0.6116666666666667
2025-06-02 06:00:00,1.5266666666666666,1.5866666666666667,1.7166666666666666,1.4533333333333334
2025-06-02 07:00:00,2.1783333333333332,1.7933333333333334,1.5916666666666666,1.3983333333333334
2025-06-02 08:00:00,2.6516666666666664,3.296666666666667,1.7166666666666666,2.3133333333333335
2025-06-02 09:00:00,2.4883333333333337,2.8800000000000003,2.275,1.4433333333333331
2025-06-02 10:00:00,2.1083333333333334,2.533333333333333,2.11,1.3983333333333334
2025-06-02 11:00:00,1.88,2.205,1.6133333333333333,1.2016666666666667
2025-06-02 12:00:00,1.18,1.4433333333333331,1.225,0.815
2025-06-02 13:00:00,0.4166666666666667,0.7666666666666667,0.7983333333333333,0.65
2025-06-02 14:00:00,0.6183333333333334,0.05,0.7383333333333334,0.7050000000000001
2025-06-02 15:00:00,0.9516666666666667,0.38333333333333336,1.065,0.41333333333333333
2025-06-02 16:00:00,0.9216666666666667,1.4833333333333334,0.18833333333333335,0.3333333333333333
2025-06-02 17:00:00,0.9933333333333334,0.8966666666666667,0.48333333333333334,0.24500000000000002
2025-06-02 18:00:00,0.8016666666666666,0.9233333333333335,0.006666666666666667,0.25
2025-06-02 19:00:00,0.6199999999999999,1.0233333333333332,0.13666666666666666,0.13833333333333334
2025-06-02 20:00:00,0.8300000000000001,1.4716666666666667,0.49,0.4033333333333333
2025-06-02 21:00:00,0.75,1.37,0.8133333333333332,0.4066666666666666
2025-06-02 22:00:00,0.87,1.2683333333333333,0.995,0.5183333333333333
2025-06-02 23:00:00,1.02,1.375,0.9083333333333333,0.5983333333333333
2025-06-03 00:00:00,0.875,1.7466666666666666,1.1816666666666669,0.9833333333333333
2025-06-03 01:00:00,1.4166666666666667,1.0466666666666666,1.03,1.6966666666666665
2025-06-03 02:00:00,1.4216666666666666,1.2650000000000001,1.1566666666666667,1.6233333333333335
2025-06-03 03:00:00,0.87,1.1216666666666666,1.3150000000000002,1.3316666666666668
2025-06-03 04:00:00,1.1333333333333333,1.5616666666666668,1.7650000000000001,1.465
2025-06-03 05:00:00,1.6666666666666667,1.5533333333333335,1.38,1.6666666666666667
2025-06-03 06:00:00,1.6633333333333333,1.9033333333333333,2.3766666666666665,1.47
2025-06-03 07:00:00,2.0083333333333333,1.6133333333333333,2.2483333333333335,1.7233333333333334
2025-06-03 08:00:00,1.71,1.5016666666666665,2.15,1.8716666666666666
2025-06-03 09:00:00,2.006666666666667,2.086666666666667,1.4716666666666667,2.3916666666666666
2025-06-03 10:00:00,1.97,1.8316666666666668,0.8,2.5050000000000003
2025-06-03 11:00:00,1.945,0.855,0.8683333333333334,2.2783333333333333
2025-06-03 12:00:00,1.745,0.43333333333333335,0.05333333333333334,2.015
2025-06-03 13:00:00,1.495,0.375,0.0,1.34
2025-06-03 14:00:00,1.0716666666666665,0.225,0.0,1.2366666666666668
2025-06-03 15:00:00,1.5366666666666666,0.37333333333333335,0.0,1.4216666666666666
2025-06-03 16:00:00,1.8733333333333335,0.4633333333333333,0.0,1.8233333333333335
2025-06-03 17:00:00,1.72,0.19499999999999998,0.13499999999999998,1.3299999999999998
2025-06-03 18:00:00,1.62,0.17833333333333334,0.4683333333333334,1.3333333333333333
2025-06-03 19:00:00,1.18,0.02666666666666667,0.016666666666666666,1.2216666666666667
2025-06-03 20:00:00,0.6266666666666667,0.31166666666666665,0.24833333333333335,0.43833333333333335
2025-06-03 21:00:00,1.3599999999999999,0.15833333333333333,0.26333333333333336,0.33166666666666667
2025-06-03 22:00:00,1.2783333333333333,0.185,0.24000000000000002,0.22166666666666668
2025-06-03 23:00:00,1.325,0.37333333333333335,0.38999999999999996,0.8583333333333333
2025-06-04 00:00:00,1.6416666666666666,0.22666666666666666,0.9766666666666667,1.6400000000000001
2025-06-04 01:00:00,2.02,0.9783333333333334,2.2816666666666667,1.9766666666666666
2025-06-04 02:00:00,2.115,2.4366666666666665,2.74,2.2583333333333333
2025-06-04 03:00:00,2.08,1.465,2.503333333333333,1.965
2025-06-04 04:00:00,2.315,1.6466666666666667,2.77,2.2616666666666663
2025-06-04 05:00:00,2.44,1.79,2.703333333333333,1.9916666666666667
2025-06-04 06:00:00,2.1266666666666665,2.55,2.6266666666666665,2.08
2025-06-04 07:00:00,3.1233333333333335,1.1099999999999999,3.3433333333333333,3.2666666666666666
2025-06-04 08:00:00,2.8216666666666668,1.3900000000000001,2.555,2.5633333333333335
2025-06-04 09:00:00,1.8116666666666668,1.4866666666666668,1.3433333333333333,1.1816666666666669
2025-06-04 10:00:00,1.5466666666666666,2.1783333333333332,1.1849999999999998,1.0583333333333333
2025-06-04 11:00:00,1.2049999999999998,0.8733333333333333,1.01,0.5766666666666667
2025-06-04 12:00:00,1.4316666666666669,1.495,0.885,1.2733333333333334
2025-06-04 13:00:00,1.4483333333333335,1.1700000000000002,1.105,1.29
2025-06-04 14:00:00,1.2166666666666666,0.775,0.49,0.67
2025-06-04 15:00:00,1.07,0.7066666666666667,0.21,0.215
2025-06-04 16:00:00,0.535,0.24166666666666667,0.25666666666666665,0.6983333333333334
2025-06-04 17:00:00,0.44166666666666665,0.3016666666666667,0.9800000000000001,0.7266666666666667
2025-06-04 18:00:00,0.9866666666666667,1.4016666666666668,1.0866666666666667,0.91
2025-06-04 19:00:00,0.9266666666666666,1.0566666666666666,0.705,0.5116666666666666
2025-06-04 20:00:00,0.9116666666666667,0.035,0.0,0.9966666666666667
2025-06-04 21:00:00,0.8833333333333333,0.17333333333333334,1.27,1.415
2025-06-04 22:00:00,1.35,1.6383333333333332,1.7466666666666666,0.9433333333333334
2025-06-04 23:00:00,1.5566666666666669,2.253333333333333,1.7533333333333334,1.245
2025-06-05 00:00:00,2.2133333333333334,3.9366666666666665,2.7633333333333336,1.5466666666666666
2025-06-05 01:00:00,2.7816666666666667,3.316666666666667,2.6383333333333336,1.8616666666666668
2025-06-05 02:00:00,2.9833333333333334,3.9949999999999997,2.5349999999999997,1.9416666666666667
2025-06-05 03:00:00,2.393333333333333,2.65,3.2150000000000003,2.111666666666667
2025-06-05 04:00:00,2.933333333333333,2.8766666666666665,3.085,2.111666666666667
2025-06-05 05:00:00,2.86,3.01,2.9,2.2233333333333336
2025-06-05 06:00:00,3.1483333333333334,2.675,3.006666666666667,2.2266666666666666
2025-06-05 07:00:00,3.006666666666667,2.2333333333333334,3.355,2.643333333333333
2025-06-05 08:00:00,2.3883333333333336,3.2866666666666666,2.9166666666666665,1.7883333333333333
2025-06-05 09:00:00,2.026666666666667,2.4949999999999997,4.985,1.8266666666666667
2025-06-05 10:00:00,2.271666666666667,3.5300000000000002,4.511666666666667,1.8816666666666668
2025-06-05 11:00:00,2.3766666666666665,2.753333333333333,3.7233333333333336,1.895
2025-06-05 12:00:00,1.6483333333333334,1.3916666666666666,2.728333333333333,1.3150000000000002
2025-06-05 13:00:00,1.915,0.95,2.231666666666667,1.675
2025-06-05 14:00:00,1.805,0.385,1.8099999999999998,1.1683333333333332
2025-06-05 15:00:00,1.2783333333333333,0.4166666666666667,1.66,1.3683333333333332
2025-06-05 16:00:00,0.9716666666666668,1.3766666666666665,1.9333333333333333,0.765
2025-06-05 17:00:00,0.8216666666666668,0.15833333333333333,0.8416666666666667,1.23
2025-06-05 18:00:00,0.8516666666666667,0.33666666666666667,0.8116666666666668,1.2716666666666667
2025-06-05 19:00:00,1.28,0.058333333333333334,0.8166666666666667,1.22
2025-06-05 20:00:00,1.6333333333333333,0.0,0.38999999999999996,1.4083333333333334
2025-06-05 21:00:00,1.5966666666666667,0.2533333333333333,0.175,1.3083333333333333
2025-06-05 22:00:00,2.1,0.37,0.6283333333333334,1.8
2025-06-05 23:00:00,2.12,0.4066666666666667,1.6016666666666666,2.421666666666667
2025-06-06 00:00:00,3.07,0.9233333333333333,3.395,3.1733333333333333
2025-06-06 01:00:00,3.4766666666666666,1.5816666666666668,5.006666666666666,4.141666666666667
2025-06-06 02:00:00,3.7183333333333333,1.85,5.415,3.896666666666667
2025-06-06 03:00:00,3.253333333333333,2.0349999999999997,4.633333333333334,3.8449999999999998
2025-06-06 04:00:00,3.01,2.12,3.83,2.478333333333333
2025-06-06 05:00:00,3.1116666666666664,4.126666666666667,4.39,2.635
2025-06-06 06:00:00,4.823333333333333,4.491666666666666,5.4766666666666675,3.3516666666666666
2025-06-06 07:00:00,3.85,4.526666666666667,4.873333333333333,3.7733333333333334
2025-06-06 08:00:00,2.4233333333333333,3.8116666666666665,2.735,1.8299999999999998
2025-06-06 09:00:00,2.415,3.3,2.941666666666667,1.8566666666666667
2025-06-06 10:00:00,2.5266666666666664,3.4466666666666668,3.118333333333333,2.191666666666667
2025-06-06 11:00:00,2.6233333333333335,3.7133333333333334,2.3216666666666668,1.9283333333333335
2025-06-06 12:00:00,1.7433333333333334,2.4466666666666668,1.7466666666666666,1.4216666666666666
2025-06-06 13:00:00,1.7916666666666667,1.9583333333333333,1.23,0.895
2025-06-06 14:00:00,1.3283333333333334,1.01,1.155,1.0283333333333333
2025-06-06 15:00:00,0.8866666666666667,0.5566666666666666,0.6166666666666667,1.105
2025-06-06 16:00:00,1.0316666666666667,0.5683333333333334,0.755,1.1900000000000002
2025-06-06 17:00:00,1.3916666666666666,1.4666666666666666,1.2650000000000001,1.0333333333333334
2025-06-06 18:00:00,1.575,0.9566666666666667,0.7133333333333333,1.4616666666666667
2025-06-06 19:00:00,1.3916666666666666,0.705,0.78,1.4633333333333334
2025-06-06 20:00:00,1.1700000000000002,0.7366666666666667,0.5466666666666666,1.2983333333333333
2025-06-06 21:00:00,1.0,0.04,0.38999999999999996,1.1233333333333335
2025-06-06 22:00:00,0.8233333333333334,0.0,0.38833333333333336,1.05
2025-06-06 23:00:00,1.3816666666666668,0.065,0.2916666666666667,1.3183333333333336
2025-06-07 00:00:00,1.3383333333333334,0.3,1.1849999999999998,1.7049999999999998
2025-06-07 01:00:00,2.0316666666666667,1.5666666666666667,2.7816666666666667,2.03
2025-06-07 02:00:00,2.4366666666666665,2.05,2.985,1.655
2025-06-07 03:00:00,2.125,1.7133333333333334,3.1199999999999997,1.4983333333333335
2025-06-07 04:00:00,2.2066666666666666,1.1833333333333333,2.796666666666667,2.4366666666666665
2025-06-07 05:00:00,2.93,1.0383333333333333,3.103333333333333,3.046666666666667
2025-06-07 06:00:00,3.9650000000000003,0.8583333333333333,3.3400000000000003,3.771666666666667
2025-06-07 07:00:00,3.8133333333333335,1.4066666666666667,4.2716666666666665,4.165
2025-06-07 08:00:00,4.416666666666667,1.495,5.1433333333333335,4.716666666666667
2025-06-07 09:00:00,4.26,1.5650000000000002,5.663333333333333,5.066666666666666
2025-06-07 10:00:00,3.7,1.4783333333333333,4.308333333333334,3.7866666666666666
2025-06-07 11:00:00,1.6466666666666667,1.7516666666666665,2.48,1.8933333333333333
2025-06-07 12:00:00,1.7966666666666666,1.95,1.345,1.2666666666666666
2025-06-07 13:00:00,1.6616666666666666,0.8183333333333334,1.5366666666666666,1.1783333333333335
2025-06-07 14:00:00,1.5416666666666667,0.7366666666666667,1.6833333333333333,1.3516666666666666
2025-06-07 15:00:00,1.385,0.635,1.9,1.5833333333333333
2025-06-07 16:00:00,1.2816666666666667,0.8716666666666667,1.46,1.4616666666666667
2025-06-07 17:00:00,1.2833333333333334,0.635,1.2633333333333332,1.3266666666666667
2025-06-07 18:00:00,1.2049999999999998,0.01,1.0166666666666666,0.8266666666666667
2025-06-07 19:00:00,1.0666666666666667,0.0,1.36,1.315
2025-06-07 20:00:00,1.165,0.6733333333333333,1.6333333333333333,1.4166666666666667
2025-06-07 21:00:00,1.1583333333333334,0.45999999999999996,1.3033333333333335,1.725
2025-06-07 22:00:00,1.615,0.125,0.6316666666666666,1.8183333333333331
2025-06-07 23:00:00,1.7133333333333334,0.3,0.5216666666666667,2.105
2025-06-08 00:00:00,2.3516666666666666,0.4766666666666666,1.4549999999999998,2.3133333333333335
2025-06-08 01:00:00,2.746666666666667,0.5283333333333333,2.8483333333333336,2.658333333333333
2025-06-08 02:00:00,3.14,0.8483333333333333,2.6733333333333333,2.878333333333333
2025-06-08 03:00:00,3.4266666666666667,1.1316666666666668,3.7583333333333333,3.61
2025-06-08 04:00:00,3.685,2.9283333333333332,4.545,3.2483333333333335
2025-06-08 05:00:00,2.605,2.3733333333333335,3.1933333333333334,1.9166666666666667
2025-06-08 06:00:00,3.4983333333333335,3.628333333333333,3.29,2.2583333333333333
2025-06-08 07:00:00,3.485,3.765,3.4866666666666664,2.3833333333333333
2025-06-08 08:00:00,3.71,5.141666666666667,4.364999999999999,2.95
2025-06-08 09:00:00,3.731666666666667,4.298333333333333,3.685,2.5166666666666666
2025-06-08 10:00:00,3.64,5.6,4.136666666666667,2.9566666666666666
2025-06-08 11:00:00,3.6516666666666664,3.8916666666666666,3.4016666666666664,3.075
2025-06-08 12:00:00,2.99,3.2666666666666666,2.5683333333333334,2.0883333333333334
2025-06-08 13:00:00,3.003333333333333,2.375,2.5866666666666664,2.2816666666666667
2025-06-08 14:00:00,2.4016666666666664,3.15,3.205,2.01
2025-06-08 15:00:00,3.195,2.935,2.2916666666666665,1.9200000000000002
2025-06-08 16:00:00,2.7066666666666666,2.8183333333333334,2.0733333333333333,1.6616666666666666
2025-06-08 17:00:00,3.4433333333333334,3.4,2.5316666666666667,2.1616666666666666
2025-06-08 18:00:00,3.125,3.935,2.515,1.8416666666666666
2025-06-08 19:00:00,3.725,4.430000000000001,2.675,2.2449999999999997
2025-06-08 20:00:00,3.3033333333333332,3.6683333333333334,2.353333333333333,1.9066666666666667
2025-06-08 21:00:00,2.5566666666666666,2.893333333333333,2.5716666666666668,1.6
2025-06-08 22:00:00,2.9633333333333334,2.853333333333333,2.6983333333333333,2.1766666666666667
2025-06-08 23:00:00,2.7666666666666666,3.1083333333333334,2.3133333333333335,1.7983333333333333
2025-06-09 00:00:00,2.985,3.105,2.3866666666666663,2.2016666666666667
2025-06-09 01:00:00,2.7133333333333334,3.565,2.4716666666666667,1.8783333333333334
2025-06-09 02:00:00,3.3266666666666667,4.033333333333333,2.36,2.6483333333333334
2025-06-09 03:00:00,3.283333333333333,4.27,2.4866666666666664,2.5166666666666666
2025-06-09 04:00:00,3.5166666666666666,4.331666666666666,2.395,2.475
2025-06-09 05:00:00,2.9116666666666666,3.23,2.355,1.975
2025-06-09 06:00:00,2.6533333333333333,2.7116666666666664,2.12,0.98
2025-06-09 07:00:00,2.493333333333333,2.545,3.0133333333333336,1.91
2025-06-09 08:00:00,2.893333333333333,3.0766666666666667,1.4349999999999998,1.405
2025-06-09 09:00:00,2.2016666666666667,2.7216666666666667,2.2550000000000003,1.6033333333333333
2025-06-09 10:00:00,2.203333333333333,2.49,1.4716666666666667,1.2366666666666668
2025-06-09 11:00:00,2.4766666666666666,2.8,1.6,1.0283333333333333
2025-06-09 12:00:00,1.7366666666666668,1.7366666666666668,1.6849999999999998,0.5866666666666667
2025-06-09 13:00:00,0.7316666666666667,0.565,0.58,0.865
2025-06-09 14:00:00,0.5933333333333334,0.005,0.495,0.625
2025-06-09 15:00:00,0.8266666666666667,0.0,0.465,0.42
2025-06-09 16:00:00,0.8699999999999999,0.0,0.0,0.4533333333333333
2025-06-09 17:00:00,1.1933333333333336,0.0,0.0,0.5633333333333332
2025-06-09 18:00:00,1.2516666666666665,0.0,0.0,0.28833333333333333
2025-06-09 19:00:00,1.4983333333333335,0.25,0.08000000000000002,0.765
2025-06-09 20:00:00,1.35,0.30333333333333334,0.0,0.5933333333333334
2025-06-09 21:00:00,1.2633333333333332,0.05,0.14,0.51
2025-06-09 22:00:00,1.45,0.2733333333333333,0.43666666666666665,0.39666666666666667
2025-06-09 23:00:00,1.2483333333333335,0.305,0.45999999999999996,0.42833333333333334
2025-06-10 00:00:00,1.8116666666666668,0.31333333333333335,0.5266666666666667,1.7950000000000002
2025-06-10 01:00:00,2.1666666666666665,0.5116666666666666,1.5733333333333335,2.2416666666666667
2025-06-10 02:00:00,2.695,0.9033333333333334,2.7516666666666665,2.6416666666666666
2025-06-10 03:00:00,2.4266666666666667,0.995,2.9583333333333335,2.33
2025-06-10 04:00:00,2.2666666666666666,1.805,3.1966666666666668,2.4633333333333334
2025-06-10 05:00:00,2.635,1.32,3.5366666666666666,3.36
2025-06-10 06:00:00,2.7633333333333336,1.1316666666666668,2.8,2.5116666666666663
2025-06-10 07:00:00,2.58,1.3216666666666665,3.6616666666666666,2.2
2025-06-10 08:00:00,2.915,3.118333333333333,2.8466666666666667,1.9349999999999998
2025-06-10 09:00:00,3.54,4.441666666666666,2.2083333333333335,2.08
2025-06-10 10:00:00,1.0733333333333335,1.5616666666666668,1.51,1.1383333333333332
2025-06-10 11:00:00,1.2016666666666667,1.55,1.2966666666666666,1.23
2025-06-10 12:00:00,1.1633333333333333,1.3416666666666666,1.335,0.88
2025-06-10 13:00:00,1.9316666666666669,1.3966666666666667,1.23,0.7983333333333333
2025-06-10 14:00:00,1.8183333333333331,1.7283333333333333,1.0883333333333334,0.8816666666666666
2025-06-10 15:00:00,1.7966666666666666,1.875,1.2633333333333332,1.065
2025-06-10 16:00:00,2.1133333333333333,2.6116666666666664,1.1683333333333334,1.0166666666666666
2025-06-10 17:00:00,1.8383333333333334,1.905,1.405,0.9116666666666667
2025-06-10 18:00:00,2.356666666666667,2.7066666666666666,1.6933333333333331,1.2933333333333332
2025-06-10 19:00:00,2.853333333333333,3.368333333333333,2.2449999999999997,1.745
2025-06-10 20:00:00,3.2199999999999998,2.915,2.03,2.4099999999999997
2025-06-10 21:00:00,3.655,2.9366666666666665,2.15,2.4366666666666665
2025-06-10 22:00:00,3.1333333333333333,2.058333333333333,2.1383333333333336,2.205
2025-06-10 23:00:00,2.68,2.0633333333333335,2.0933333333333333,2.4983333333333335
2025-06-11 00:00:00,2.705,2.4016666666666664,1.995,2.621666666666667
2025-06-11 01:00:00,2.7,2.6116666666666664,1.975,2.4866666666666664
2025-06-11 02:00:00,3.5366666666666666,2.966666666666667,1.9866666666666668,2.328333333333333
2025-06-11 03:00:00,3.6016666666666666,3.2483333333333335,2.1883333333333335,2.9483333333333333
2025-06-11 04:00:00,3.0283333333333333,2.6199999999999997,2.368333333333333,2.591666666666667
2025-06-11 05:00:00,3.2233333333333336,2.6416666666666666,2.283333333333333,3.003333333333333
2025-06-11 06:00:00,2.8516666666666666,2.6516666666666664,2.21,2.2416666666666667
2025-06-11 07:00:00,2.6599999999999997,2.615,2.32,2.4316666666666666
2025-06-11 08:00:00,2.765,1.7733333333333334,2.315,2.0883333333333334
2025-06-11 09:00:00,2.496666666666667,2.013333333333333,2.1783333333333332,2.0966666666666667
2025-06-11 10:00:00,2.055,1.6183333333333332,1.6066666666666667,1.7816666666666667
2025-06-11 11:00:00,2.17,1.5966666666666667,1.365,1.6966666666666665
2025-06-11 12:00:00,1.6849999999999998,1.215,1.0633333333333335,1.24
2025-06-11 13:00:00,0.9516666666666667,0.43333333333333335,0.5966666666666666,0.65
2025-06-11 14:00:00,0.8300000000000001,0.0,0.26,0.24833333333333335
2025-06-11 15:00:00,0.47333333333333333,0.0,0.41833333333333333,0.3783333333333333
2025-06-11 16:00:00,0.6533333333333334,0.2683333333333333,0.68,0.0
2025-06-11 17:00:00,0.6583333333333333,0.245,0.505,0.0
2025-06-11 18:00:00,0.445,0.0,0.5850000000000001,0.0
2025-06-11 19:00:00,1.2633333333333332,0.0,0.48666666666666664,0.0
2025-06-11 20:00:00,1.4849999999999999,0.0,0.25,0.0
2025-06-11 21:00:00,1.3766666666666665,0.15833333333333333,0.0,0.07166666666666667
2025-06-11 22:00:00,0.7466666666666666,0.0,0.08666666666666667,0.115
2025-06-11 23:00:00,0.38999999999999996,0.0,0.0,0.0
2025-06-12 00:00:00,0.295,0.7100000000000001,0.76,0.02666666666666667
2025-06-12 01:00:00,1.0066666666666666,1.065,0.6116666666666667,0.7333333333333333
2025-06-12 02:00:00,1.04,1.1849999999999998,1.1083333333333334,1.12
2025-06-12 03:00:00,0.99,1.25,0.9733333333333333,1.4966666666666666
2025-06-12 04:00:00,1.3883333333333332,1.385,1.9516666666666667,1.3733333333333335
2025-06-12 05:00:00,1.3683333333333332,1.4349999999999998,1.22,1.5116666666666667
2025-06-12 06:00:00,1.8666666666666667,1.6,1.3016666666666665,1.3016666666666665
2025-06-12 07:00:00,1.5166666666666666,1.61,1.3516666666666666,1.2616666666666667
2025-06-12 08:00:00,1.26,1.6083333333333334,1.6633333333333333,1.4283333333333335
2025-06-12 09:00:00,1.405,1.6883333333333332,1.6,1.3033333333333335
2025-06-12 10:00:00,1.3833333333333333,1.6866666666666668,1.825,1.0633333333333332
2025-06-12 11:00:00,1.1216666666666666,1.365,1.86,1.1
2025-06-12 12:00:00,0.3716666666666667,1.8,1.45,0.8733333333333333
2025-06-12 13:00:00,0.11666666666666667,1.1283333333333334,1.0433333333333334,0.605
2025-06-12 14:00:00,0.05666666666666667,0.935,1.1466666666666667,0.5283333333333333
2025-06-12 15:00:00,0.0,0.9900000000000001,0.8483333333333333,0.185
2025-06-12 16:00:00,0.38166666666666665,0.9299999999999999,0.8033333333333333,0.275
2025-06-12 17:00:00,0.47833333333333333,1.61,1.23,0.5316666666666666
2025-06-12 18:00:00,0.27666666666666667,1.8266666666666667,1.4349999999999998,0.6816666666666666
2025-06-12 19:00:00,0.36833333333333335,1.965,1.6066666666666667,0.8533333333333334
2025-06-12 20:00:00,0.46,0.9283333333333333,1.1666666666666667,0.965
2025-06-12 21:00:00,1.0516666666666667,1.2483333333333335,1.06,0.9433333333333334
2025-06-12 22:00:00,1.51,1.415,1.0916666666666666,1.4966666666666666
2025-06-12 23:00:00,1.6366666666666667,1.6883333333333332,0.9049999999999999,1.4433333333333331
2025-06-13 00:00:00,1.3633333333333333,1.9,1.2950000000000002,1.73
2025-06-13 01:00:00,1.6833333333333333,1.9183333333333332,1.6,1.4933333333333332
2025-06-13 02:00:00,0.8633333333333333,2.0716666666666668,1.715,1.7033333333333334
2025-06-13 03:00:00,1.085,2.02,1.805,1.96
2025-06-13 04:00:00,1.3,2.5766666666666667,1.5316666666666667,2.2816666666666667
2025-06-13 05:00:00,1.5566666666666669,2.8983333333333334,1.7383333333333333,2.31
2025-06-13 06:00:00,1.3633333333333333,2.3983333333333334,1.9066666666666667,2.381666666666667
2025-06-13 07:00:00,1.0116666666666667,2.6599999999999997,1.7416666666666667,2.2666666666666666
2025-06-13 08:00:00,0.8883333333333333,2.7916666666666665,1.6983333333333335,2.3583333333333334
2025-06-13 09:00:00,1.0433333333333334,2.7366666666666664,1.635,2.453333333333333
2025-06-13 10:00:00,1.035,2.393333333333333,1.2983333333333333,2.6366666666666663
2025-06-13 11:00:00,0.7266666666666667,2.2816666666666667,1.2633333333333332,1.975
2025-06-13 12:00:00,0.6583333333333333,2.02,0.77,1.9633333333333334
2025-06-13 13:00:00,0.4166666666666667,1.9216666666666666,0.46,1.1400000000000001
2025-06-13 14:00:00,0.41333333333333333,1.4583333333333333,0.8200000000000001,0.9733333333333333
2025-06-13 15:00:00,0.5616666666666668,1.5066666666666668,1.3883333333333332,0.8316666666666667
2025-06-13 16:00:00,0.6716666666666666,1.2366666666666668,1.525,0.5983333333333333
2025-06-13 17:00:00,1.1916666666666667,1.1833333333333333,1.1866666666666668,1.1416666666666666
2025-06-13 18:00:00,1.2233333333333334,1.5650000000000002,1.1466666666666667,1.1866666666666668
2025-06-13 19:00:00,1.0633333333333335,1.2516666666666665,1.1633333333333333,0.8366666666666667
2025-06-13 20:00:00,0.9700000000000001,1.1316666666666668,0.8383333333333333,0.8166666666666667
2025-06-13 21:00:00,1.6283333333333334,0.8300000000000001,1.4183333333333332,1.0033333333333334
2025-06-13 22:00:00,1.2033333333333334,0.7200000000000001,1.2583333333333333,0.9266666666666666
2025-06-13 23:00:00,1.0766666666666667,0.6816666666666666,0.9216666666666666,0.7966666666666666
2025-06-14 00:00:00,1.4549999999999998,1.0166666666666666,0.7316666666666667,1.3616666666666668
2025-06-14 01:00:00,1.5333333333333334,1.635,0.7383333333333334,1.8883333333333332
2025-06-14 02:00:00,1.9466666666666665,2.1983333333333333,1.3916666666666666,1.675
2025-06-14 03:00:00,1.7933333333333332,1.7416666666666667,1.2016666666666667,2.27
2025-06-14 04:00:00,2.1566666666666667,2.48,1.0283333333333333,2.393333333333333
2025-06-14 05:00:00,1.7216666666666667,2.1633333333333336,1.3033333333333335,2.643333333333333
2025-06-14 06:00:00,2.4883333333333337,2.2383333333333337,1.0733333333333335,2.5166666666666666
2025-06-14 07:00:00,2.066666666666667,1.835,1.1099999999999999,3.0533333333333332
2025-06-14 08:00:00,2.3699999999999997,1.73,0.8683333333333334,2.6666666666666665
2025-06-14 09:00:00,2.125,1.7950000000000002,0.8866666666666667,2.445
2025-06-14 10:00:00,2.2083333333333335,1.2349999999999999,0.8383333333333334,2.3066666666666666
2025-06-14 11:00:00,1.3733333333333335,1.52,0.6783333333333333,1.595
2025-06-14 12:00:00,0.8666666666666667,1.6316666666666668,0.9149999999999999,1.5883333333333334
2025-06-14 13:00:00,1.0916666666666666,1.5966666666666667,0.7266666666666667,1.7983333333333333
2025-06-14 14:00:00,1.77,1.4533333333333334,0.9049999999999999,1.495
2025-06-14 15:00:00,1.5916666666666666,1.13,0.4966666666666667,1.1266666666666665
2025-06-14 16:00:00,1.7416666666666667,0.7333333333333333,0.5283333333333333,0.8016666666666666
2025-06-14 17:00:00,1.0116666666666667,1.06,0.8933333333333333,0.87
2025-06-14 18:00:00,1.0433333333333334,0.6716666666666666,0.8383333333333333,0.8833333333333333
2025-06-14 19:00:00,1.1700000000000002,1.06,1.225,0.9283333333333333
2025-06-14 20:00:00,1.5599999999999998,0.8383333333333334,0.43666666666666665,0.76
2025-06-14 21:00:00,1.3766666666666665,0.9083333333333333,0.9983333333333333,0.695
2025-06-14 22:00:00,1.625,0.8016666666666666,0.8733333333333333,0.8316666666666667
2025-06-14 23:00:00,1.6316666666666668,0.7333333333333333,0.3466666666666667,0.9583333333333334
2025-06-15 00:00:00,1.8766666666666665,1.0183333333333333,0.1,1.0516666666666667
2025-06-15 01:00:00,2.216666666666667,1.2116666666666667,0.29,2.06
2025-06-15 02:00:00,2.3733333333333335,0.6649999999999999,0.9183333333333333,2.6816666666666666
2025-06-15 03:00:00,1.8166666666666667,0.7566666666666666,1.2566666666666668,2.3400000000000003
2025-06-15 04:00:00,1.5833333333333333,1.0966666666666667,1.2116666666666667,2.4466666666666668
2025-06-15 05:00:00,2.25,1.0233333333333332,1.1183333333333332,2.5
2025-06-15 06:00:00,2.216666666666667,1.2049999999999998,2.1366666666666663,2.2866666666666666
2025-06-15 07:00:00,1.5983333333333334,1.8299999999999998,2.1566666666666667,1.845
2025-06-15 08:00:00,2.23,2.79,1.9016666666666666,1.7066666666666668
2025-06-15 09:00:00,2.4566666666666666,2.6983333333333333,1.4683333333333333,2.545
2025-06-15 10:00:00,2.433333333333333,3.0900000000000003,1.9,2.1933333333333334
2025-06-15 11:00:00,1.9,3.268333333333333,1.4066666666666665,1.8733333333333335
2025-06-15 12:00:00,2.2233333333333336,3.4016666666666664,2.066666666666667,2.0683333333333334
2025-06-15 13:00:00,4.238333333333333,6.418333333333334,3.643333333333333,2.996666666666667
2025-06-15 14:00:00,2.99,2.3833333333333333,1.85,1.9416666666666667
2025-06-15 15:00:00,2.6366666666666663,1.5450000000000002,1.4866666666666668,2.0716666666666668
2025-06-15 16:00:00,2.455,1.6783333333333335,1.5799999999999998,2.0033333333333334
2025-06-15 17:00:00,2.341666666666667,1.5633333333333332,1.395,1.775
2025-06-15 18:00:00,2.606666666666667,1.6983333333333335,1.72,1.9133333333333333
2025-06-15 19:00:00,2.771666666666667,1.7483333333333335,2.091666666666667,1.6616666666666666
2025-06-15 20:00:00,3.0133333333333336,1.9866666666666668,2.1766666666666667,2.645
2025-06-15 21:00:00,1.9633333333333334,1.38,1.8116666666666668,1.6083333333333334
2025-06-15 22:00:00,2.0116666666666667,1.5,1.43,1.6166666666666667
2025-06-15 23:00:00,2.453333333333333,2.005,1.215,1.5066666666666668
2025-06-16 00:00:00,2.433333333333333,1.7866666666666666,1.4833333333333334,1.725
2025-06-16 01:00:00,2.341666666666667,1.8466666666666667,1.535,1.5266666666666666
2025-06-16 02:00:00,2.1566666666666667,1.525,1.2483333333333335,1.5599999999999998
2025-06-16 03:00:00,2.77,2.3516666666666666,1.865,2.2416666666666667
2025-06-16 04:00:00,3.295,2.3216666666666668,2.058333333333333,2.6333333333333333
2025-06-16 05:00:00,3.228333333333333,2.5716666666666668,2.23,2.6966666666666668
2025-06-16 06:00:00,3.2416666666666667,2.4266666666666667,2.521666666666667,2.7616666666666663
2025-06-16 07:00:00,2.92,2.246666666666667,2.033333333333333,2.896666666666667
2025-06-16 08:00:00,2.695,2.1933333333333334,2.065,2.6
2025-06-16 09:00:00,2.158333333333333,1.6849999999999998,1.965,2.735
2025-06-16 10:00:00,2.453333333333333,1.7866666666666666,1.5,1.9549999999999998
2025-06-16 11:00:00,2.025,1.7483333333333335,1.2916666666666667,1.9866666666666668
2025-06-16 12:00:00,1.6483333333333334,1.2516666666666665,1.3216666666666665,1.8683333333333332
2025-06-16 13:00:00,1.6400000000000001,0.9800000000000001,1.18,1.5483333333333333
2025-06-16 14:00:00,0.9049999999999999,0.5449999999999999,0.41000000000000003,0.525
2025-06-16 15:00:00,1.105,0.33666666666666667,0.0,0.715
2025-06-16 16:00:00,1.2066666666666668,0.4483333333333333,0.2733333333333333,0.7833333333333333
2025-06-16 17:00:00,0.965,0.36666666666666664,0.41500000000000004,0.03833333333333334
2025-06-16 18:00:00,0.955,0.325,0.5616666666666666,0.545
2025-06-16 19:00:00,0.9233333333333333,0.13666666666666666,0.5566666666666666,0.41333333333333333
2025-06-16 20:00:00,0.875,0.26,0.8533333333333334,0.13
2025-06-16 21:00:00,1.175,0.41000000000000003,0.83,0.0
2025-06-16 22:00:00,0.6983333333333334,0.9766666666666667,0.565,0.0
2025-06-16 23:00:00,0.7583333333333333,1.5516666666666665,0.6683333333333333,0.15166666666666667
2025-06-17 00:00:00,1.1516666666666666,1.2916666666666667,0.7383333333333334,0.4666666666666667
2025-06-17 01:00:00,1.8633333333333333,1.4549999999999998,1.0916666666666666,1.2316666666666667
2025-06-17 02:00:00,2.1033333333333335,1.8266666666666667,1.6416666666666666,1.7650000000000001
2025-06-17 03:00:00,2.4566666666666666,2.61,1.9783333333333333,1.8066666666666669
2025-06-17 04:00:00,2.4699999999999998,3.0516666666666667,2.0766666666666667,2.0616666666666665
2025-06-17 05:00:00,2.4516666666666667,3.0766666666666667,2.268333333333333,2.1016666666666666
2025-06-17 06:00:00,2.2883333333333336,2.725,2.1666666666666665,2.095
2025-06-17 07:00:00,2.2199999999999998,2.1866666666666665,2.1666666666666665,2.1633333333333336
2025-06-17 08:00:00,1.9816666666666667,1.97,1.8066666666666669,1.805
2025-06-17 09:00:00,1.9883333333333333,1.9783333333333333,1.8883333333333332,1.8616666666666668
2025-06-17 10:00:00,1.615,2.0,1.4766666666666666,1.4349999999999998
2025-06-17 11:00:00,1.475,1.7516666666666665,1.0066666666666666,1.1866666666666668
2025-06-17 12:00:00,1.0633333333333332,1.8216666666666665,0.76,0.965
2025-06-17 13:00:00,0.675,0.9033333333333334,0.8533333333333334,0.35500000000000004
2025-06-17 14:00:00,0.8033333333333333,0.6666666666666666,0.775,0.6333333333333333
2025-06-17 15:00:00,1.115,1.0333333333333334,0.855,0.3016666666666667
2025-06-17 16:00:00,0.9266666666666666,1.1633333333333333,0.49333333333333335,0.0
2025-06-17 17:00:00,0.785,0.9833333333333333,0.49,0.155
2025-06-17 18:00:00,0.36666666666666664,0.11333333333333333,0.12666666666666665,0.11333333333333333
2025-06-17 19:00:00,0.76,0.0,0.39666666666666667,0.52
2025-06-17 20:00:00,0.5366666666666667,0.0,0.13,0.115
2025-06-17 21:00:00,0.41833333333333333,0.0,0.023333333333333334,0.0
2025-06-17 22:00:00,0.4716666666666667,0.43166666666666664,0.39666666666666667,0.10833333333333334
2025-06-17 23:00:00,0.38166666666666665,1.1366666666666667,0.5866666666666667,0.39333333333333337
2025-06-18 00:00:00,0.85,1.4966666666666666,0.8966666666666666,0.4233333333333333
2025-06-18 01:00:00,1.12,1.8816666666666668,1.405,1.2033333333333334
2025-06-18 02:00:00,1.4433333333333331,1.5833333333333333,1.22,1.2566666666666668
2025-06-18 03:00:00,1.5916666666666666,2.143333333333333,1.445,1.2183333333333335
2025-06-18 04:00:00,2.316666666666667,2.3400000000000003,1.91,2.2449999999999997
2025-06-18 05:00:00,3.2066666666666666,3.2849999999999997,1.975,2.728333333333333
2025-06-18 06:00:00,3.7266666666666666,3.171666666666667,2.1816666666666666,2.925
2025-06-18 07:00:00,3.055,3.8333333333333335,2.4650000000000003,2.8833333333333333
2025-06-18 08:00:00,3.0766666666666667,3.378333333333333,2.4633333333333334,2.855
2025-06-18 09:00:00,3.158333333333333,2.5716666666666668,2.4916666666666667,2.9283333333333332
2025-06-18 10:00:00,2.9766666666666666,2.6966666666666668,2.533333333333333,2.716666666666667
2025-06-18 11:00:00,2.6616666666666666,2.0116666666666667,2.1183333333333336,2.615
2025-06-18 12:00:00,1.855,1.5016666666666665,1.475,2.033333333333333
2025-06-18 13:00:00,1.7833333333333334,0.9816666666666667,1.0833333333333333,1.5933333333333333
2025-06-18 14:00:00,1.05,0.725,0.745,0.9583333333333334
2025-06-18 15:00:00,0.85,0.7533333333333334,0.53,0.44
2025-06-18 16:00:00,0.855,0.25,0.44166666666666665,0.3333333333333333
2025-06-18 17:00:00,0.39499999999999996,0.0,0.34833333333333333,0.0
2025-06-18 18:00:00,0.6416666666666667,0.3716666666666667,0.68,0.43833333333333335
2025-06-18 19:00:00,0.9216666666666667,0.76,0.625,0.31666666666666665
2025-06-18 20:00:00,0.8266666666666667,1.2716666666666667,0.4583333333333333,0.21333333333333335
2025-06-18 21:00:00,1.3633333333333333,0.8049999999999999,0.73,0.8083333333333333
2025-06-18 22:00:00,2.5016666666666665,1.21,0.7983333333333333,1.95
2025-06-18 23:00:00,1.8866666666666667,1.1133333333333333,1.8533333333333333,1.895
2025-06-19 00:00:00,2.3633333333333337,2.1616666666666666,2.03,2.7616666666666663
2025-06-19 01:00:00,3.395,2.4166666666666665,2.381666666666667,2.895
2025-06-19 02:00:00,3.0949999999999998,3.1416666666666666,2.3400000000000003,3.1483333333333334
2025-06-19 03:00:00,3.2733333333333334,3.1566666666666667,2.4233333333333333,3.275
2025-06-19 04:00:00,3.675,2.871666666666667,2.6333333333333333,3.8433333333333333
2025-06-19 05:00:00,3.765,3.228333333333333,2.5833333333333335,3.5533333333333332
2025-06-19 06:00:00,4.116666666666666,2.8633333333333337,2.768333333333333,4.036666666666666
2025-06-19 07:00:00,3.981666666666667,3.2800000000000002,2.8866666666666663,4.006666666666667
2025-06-19 08:00:00,3.79,2.981666666666667,2.7866666666666666,3.7633333333333336
2025-06-19 09:00:00,3.3866666666666663,2.77,3.2183333333333333,3.808333333333333
2025-06-19 10:00:00,3.8583333333333334,3.1666666666666665,3.1516666666666664,3.768333333333333
2025-06-19 11:00:00,3.06,2.3983333333333334,3.296666666666667,3.39
2025-06-19 12:00:00,3.0516666666666667,2.143333333333333,2.768333333333333,2.945
2025-06-19 13:00:00,2.07,1.4866666666666668,2.2199999999999998,2.2333333333333334
2025-06-19 14:00:00,1.3716666666666666,0.6916666666666667,1.2666666666666666,1.225
2025-06-19 15:00:00,0.9416666666666667,0.3716666666666667,1.0266666666666666,0.8116666666666668
2025-06-19 16:00:00,1.1333333333333333,0.5316666666666666,0.69,0.475
2025-06-19 17:00:00,1.035,0.3733333333333333,0.51,0.5216666666666667
2025-06-19 18:00:00,1.12,0.02,0.4516666666666667,0.21833333333333332
2025-06-19 19:00:00,1.0566666666666666,0.0,0.14166666666666666,0.0
2025-06-19 20:00:00,1.2033333333333334,0.0,0.0,0.0
2025-06-19 21:00:00,1.0383333333333333,0.0,0.06333333333333334,0.0
2025-06-19 22:00:00,0.9266666666666666,0.3416666666666667,0.020000000000000004,0.0
2025-06-19 23:00:00,0.7883333333333334,0.48000000000000004,0.27666666666666667,0.38333333333333336
2025-06-20 00:00:00,1.3766666666666665,0.975,1.18,1.0233333333333332
2025-06-20 01:00:00,1.8083333333333333,1.345,1.7583333333333333,1.5266666666666666
2025-06-20 02:00:00,1.785,1.6083333333333334,1.475,1.5466666666666666
2025-06-20 03:00:00,2.575,1.8433333333333333,1.7616666666666667,2.158333333333333
2025-06-20 04:00:00,2.2583333333333333,1.8666666666666667,2.04,2.203333333333333
2025-06-20 05:00:00,2.175,2.18,1.9849999999999999,2.1566666666666667
2025-06-20 06:00:00,2.3233333333333333,1.95,2.0816666666666666,2.3483333333333336
2025-06-20 07:00:00,2.39,1.8883333333333332,2.0966666666666667,2.425
2025-06-20 08:00:00,2.4133333333333336,2.5166666666666666,2.1883333333333335,2.2216666666666667
2025-06-20 09:00:00,2.2766666666666664,1.9633333333333334,2.328333333333333,2.2083333333333335
2025-06-20 10:00:00,2.1083333333333334,1.8283333333333334,2.135,2.2800000000000002
2025-06-20 11:00:00,1.7566666666666668,1.85,1.8016666666666665,2.0466666666666664
2025-06-20 12:00:00,2.0683333333333334,1.665,1.885,1.8633333333333333
2025-06-20 13:00:00,0.88,1.365,1.26,1.3266666666666667
2025-06-20 14:00:00,1.12,0.5483333333333333,0.935,0.56
2025-06-20 15:00:00,1.0033333333333334,0.21833333333333332,0.7816666666666666,0.19333333333333333
2025-06-20 16:00:00,0.29333333333333333,0.2833333333333333,0.7466666666666667,0.016666666666666666
2025-06-20 17:00:00,0.0,0.0,0.48833333333333334,0.0
2025-06-20 18:00:00,0.08333333333333333,0.0,0.41333333333333333,0.105
2025-06-20 19:00:00,0.5933333333333334,0.0,0.010000000000000002,0.21166666666666664
2025-06-20 20:00:00,1.1,0.0,0.215,0.0
2025-06-20 21:00:00,1.2533333333333334,0.0,0.10666666666666667,0.0
2025-06-20 22:00:00,0.89,0.0,0.18833333333333335,0.0
2025-06-20 23:00:00,0.795,0.0,0.025,0.33999999999999997
2025-06-21 00:00:00,1.0716666666666665,0.125,0.08833333333333333,0.8566666666666667
2025-06-21 01:00:00,1.1266666666666665,0.05,0.19,0.7866666666666667
2025-06-21 02:00:00,1.135,1.03,0.9566666666666667,1.395
2025-06-21 03:00:00,1.2966666666666666,0.8233333333333334,1.085,1.775
2025-06-21 04:00:00,1.0799999999999998,1.3866666666666667,1.0883333333333334,1.8683333333333332
2025-06-21 05:00:00,1.945,1.4283333333333335,1.2049999999999998,1.2950000000000002
2025-06-21 06:00:00,1.2883333333333333,1.3333333333333333,1.305,1.5416666666666667
2025-06-21 07:00:00,1.4083333333333334,1.1583333333333334,1.2633333333333332,1.5866666666666667
2025-06-21 08:00:00,1.3866666666666667,1.1400000000000001,1.2049999999999998,1.365
2025-06-21 09:00:00,1.5066666666666668,1.7766666666666666,1.05,1.05
2025-06-21 10:00:00,1.51,1.3,1.1483333333333334,1.21
2025-06-21 11:00:00,1.09,1.6533333333333333,1.2766666666666666,1.0716666666666665
2025-06-21 12:00:00,0.5983333333333333,1.415,1.2049999999999998,1.0866666666666667
2025-06-21 13:00:00,0.485,0.5066666666666666,0.8816666666666666,1.0966666666666667
2025-06-21 14:00:00,0.5483333333333333,0.3,0.3716666666666667,1.3416666666666666
2025-06-21 15:00:00,0.8216666666666667,0.5616666666666668,0.4583333333333333,1.0866666666666667
2025-06-21 16:00:00,0.605,0.44666666666666666,0.5016666666666667,0.5366666666666667
2025-06-21 17:00:00,0.7066666666666667,0.0,0.39166666666666666,0.42
2025-06-21 18:00:00,0.785,0.0,0.10833333333333334,0.1716666666666667
2025-06-21 19:00:00,1.1366666666666667,0.0,0.13,0.0
2025-06-21 20:00:00,1.125,0.0,0.12166666666666666,0.0
2025-06-21 21:00:00,1.2349999999999999,0.0,0.0,0.375
2025-06-21 22:00:00,1.4366666666666668,0.0,0.0,0.023333333333333334
2025-06-21 23:00:00,1.0483333333333333,0.0,0.0033333333333333335,0.08333333333333333
2025-06-22 00:00:00,1.18,0.0,0.3766666666666667,0.5666666666666667
2025-06-22 01:00:00,0.9533333333333334,0.48166666666666663,0.6383333333333334,0.7633333333333334
2025-06-22 02:00:00,0.87,0.5733333333333334,0.6799999999999999,0.8433333333333334
2025-06-22 03:00:00,1.4849999999999999,1.2233333333333334,0.77,1.7066666666666668
2025-06-22 04:00:00,2.0516666666666667,1.1400000000000001,1.1833333333333333,2.7216666666666667
2025-06-22 05:00:00,2.3516666666666666,1.3983333333333334,1.8283333333333334,2.438333333333333
2025-06-22 06:00:00,2.5133333333333336,1.8616666666666668,2.0033333333333334,2.58
2025-06-22 07:00:00,2.5416666666666665,1.7783333333333333,2.481666666666667,2.7616666666666663
2025-06-22 08:00:00,2.7733333333333334,1.2116666666666667,2.256666666666667,2.881666666666667
2025-06-22 09:00:00,2.6983333333333333,1.5283333333333333,2.03,3.0766666666666667
2025-06-22 10:00:00,2.6083333333333334,1.1216666666666666,2.896666666666667,3.4050000000000002
2025-06-22 11:00:00,2.5949999999999998,0.6733333333333333,2.1550000000000002,2.65
2025-06-22 12:00:00,2.815,0.6549999999999999,1.3683333333333332,2.435
2025-06-22 13:00:00,2.118333333333333,0.4,0.5616666666666668,2.02
2025-06-22 14:00:00,1.9833333333333334,0.36000000000000004,0.03666666666666667,1.335
2025-06-22 15:00:00,2.0733333333333333,0.43833333333333335,0.0,1.8466666666666667
2025-06-22 16:00:00,2.1616666666666666,0.5533333333333333,0.06333333333333334,1.8916666666666666
2025-06-22 17:00:00,2.4466666666666668,0.87,0.4233333333333333,2.15
2025-06-22 18:00:00,2.296666666666667,0.4983333333333333,0.5383333333333333,2.038333333333333
2025-06-22 19:00:00,2.0683333333333334,0.13166666666666668,0.5266666666666667,2.1283333333333334
2025-06-22 20:00:00,1.85,0.0,0.44166666666666665,1.7783333333333333
2025-06-22 21:00:00,2.033333333333333,0.4033333333333333,0.31333333333333335,1.74
2025-06-22 22:00:00,1.5866666666666667,0.9033333333333334,0.8366666666666667,1.2933333333333332
2025-06-22 23:00:00,2.195,2.735,1.9566666666666668,1.895
2025-06-23 00:00:00,1.8366666666666667,1.5966666666666667,2.2583333333333333,1.475
2025-06-23 01:00:00,1.745,2.4983333333333335,2.118333333333333,1.18
2025-06-23 02:00:00,2.195,3.265,2.1133333333333333,1.8383333333333334
2025-06-23 03:00:00,2.5833333333333335,2.5716666666666668,2.6733333333333333,1.5416666666666667
2025-06-23 04:00:00,3.3,3.8766666666666665,3.2633333333333336,2.6766666666666667
2025-06-23 05:00:00,3.675,4.056666666666667,3.9166666666666665,2.955
2025-06-23 06:00:00,3.6199999999999997,4.5600000000000005,4.1066666666666665,3.058333333333333
2025-06-23 07:00:00,2.985,4.176666666666667,3.368333333333333,2.4
2025-06-23 08:00:00,2.0933333333333333,2.9,2.5316666666666667,2.378333333333333
2025-06-23 09:00:00,2.621666666666667,2.2,2.3633333333333337,1.7633333333333332
2025-06-23 10:00:00,2.691666666666667,3.9616666666666664,2.9650000000000003,2.0433333333333334
2025-06-23 11:00:00,5.510000000000001,5.305000000000001,3.7383333333333337,3.4516666666666667
2025-06-23 12:00:00,5.498333333333333,3.828333333333333,4.5,4.993333333333334
2025-06-23 13:00:00,3.8,2.49,2.796666666666667,3.9
2025-06-23 14:00:00,2.2133333333333334,1.6983333333333335,1.5516666666666665,1.8599999999999999
2025-06-23 15:00:00,0.7516666666666667,0.5950000000000001,1.01,0.8883333333333333
2025-06-23 16:00:00,0.47333333333333333,0.0,0.185,0.025
2025-06-23 17:00:00,0.66,0.08,0.43333333333333335,0.39166666666666666
2025-06-23 18:00:00,1.3583333333333334,1.2766666666666666,0.7216666666666666,0.5916666666666667
2025-06-23 19:00:00,1.35,1.1933333333333331,1.125,0.6866666666666668
2025-06-23 20:00:00,1.3583333333333334,1.6166666666666667,1.5150000000000001,1.0533333333333335
2025-06-23 21:00:00,1.4849999999999999,1.7883333333333333,1.2533333333333334,0.9783333333333334
2025-06-23 22:00:00,1.4683333333333333,1.94,1.3816666666666668,0.7916666666666666
2025-06-23 23:00:00,1.4933333333333332,2.7866666666666666,2.018333333333333,1.32
2025-06-24 00:00:00,1.8283333333333334,3.125,2.56,1.9200000000000002
2025-06-24 01:00:00,2.3066666666666666,3.83,2.6550000000000002,2.025
2025-06-24 02:00:00,3.396666666666667,4.0216666666666665,3.8583333333333334,2.575
2025-06-24 03:00:00,3.5083333333333333,4.26,3.1483333333333334,2.4066666666666667
2025-06-24 04:00:00,3.503333333333333,4.7266666666666675,2.73,2.765
2025-06-24 05:00:00,3.8483333333333336,4.591666666666667,3.6933333333333334,2.5716666666666668
2025-06-24 06:00:00,3.935,4.3133333333333335,3.435,2.2333333333333334
2025-06-24 07:00:00,3.635,4.1866666666666665,3.15,3.01
2025-06-24 08:00:00,4.245,4.828333333333333,3.5016666666666665,2.9066666666666667
2025-06-24 09:00:00,4.068333333333333,4.95,3.1716666666666664,2.68
2025-06-24 10:00:00,3.6666666666666665,4.581666666666666,2.521666666666667,2.683333333333333
2025-06-24 11:00:00,3.3266666666666667,3.42,2.1783333333333332,2.0216666666666665
2025-06-24 12:00:00,3.2383333333333337,2.77,1.5516666666666665,2.001666666666667
2025-06-24 13:00:00,2.6533333333333333,3.7383333333333337,2.6199999999999997,2.066666666666667
2025-06-24 14:00:00,2.3066666666666666,3.378333333333333,2.7,1.6916666666666667
2025-06-24 15:00:00,2.253333333333333,3.6416666666666666,2.4683333333333333,1.895
2025-06-24 16:00:00,2.3383333333333334,3.0566666666666666,2.353333333333333,1.6583333333333334
2025-06-24 17:00:00,3.2616666666666663,4.09,2.4,2.0233333333333334
2025-06-24 18:00:00,2.835,3.4383333333333335,2.381666666666667,1.82
2025-06-24 19:00:00,2.3016666666666667,2.9583333333333335,2.395,1.26
2025-06-24 20:00:00,1.7333333333333334,2.315,2.1966666666666668,1.1466666666666667
2025-06-24 21:00:00,1.5716666666666665,2.4566666666666666,2.085,1.1183333333333334
2025-06-24 22:00:00,2.0316666666666667,2.015,1.6400000000000001,1.1483333333333334
2025-06-24 23:00:00,1.9983333333333335,2.0883333333333334,1.4033333333333333,1.2016666666666667
2025-06-25 00:00:00,2.368333333333333,3.185,2.375,1.7950000000000002
2025-06-25 01:00:00,3.3333333333333335,4.585,2.2066666666666666,2.1616666666666666
2025-06-25 02:00:00,3.478333333333333,4.86,2.56,2.4383333333333335
2025-06-25 03:00:00,3.9133333333333336,4.868333333333334,2.6166666666666667,2.8733333333333335
2025-06-25 04:00:00,3.4316666666666666,4.571666666666667,2.455,3.04
2025-06-25 05:00:00,3.9433333333333334,4.605,2.9583333333333335,3.368333333333333
2025-06-25 06:00:00,3.8383333333333334,4.798333333333333,3.015,2.783333333333333
2025-06-25 07:00:00,4.206666666666667,5.09,2.6633333333333336,3.4050000000000002
2025-06-25 08:00:00,4.14,4.065,2.606666666666667,3.385
2025-06-25 09:00:00,4.28,4.45,2.4050000000000002,3.066666666666667
2025-06-25 10:00:00,4.154999999999999,4.145,1.5833333333333333,2.5683333333333334
2025-06-25 11:00:00,3.6683333333333334,3.1516666666666664,1.9316666666666669,2.665
2025-06-25 12:00:00,2.8633333333333337,2.0316666666666667,1.5033333333333334,2.2
2025-06-25 13:00:00,1.9816666666666667,1.465,1.925,2.0466666666666664
2025-06-25 14:00:00,1.2966666666666666,0.9,0.6133333333333333,0.9616666666666666
2025-06-25 15:00:00,1.1849999999999998,1.04,1.1533333333333333,0.9866666666666667
2025-06-25 16:00:00,1.035,0.24666666666666667,0.38,0.23
2025-06-25 17:00:00,1.0066666666666666,0.105,0.22000000000000003,0.4066666666666666
2025-06-25 18:00:00,0.95,0.04,0.145,0.21
2025-06-25 19:00:00,1.3366666666666667,0.09,0.029999999999999995,0.0
2025-06-25 20:00:00,1.4183333333333332,0.0,0.09166666666666666,0.0
2025-06-25 21:00:00,0.6183333333333334,0.0,0.0,0.0
2025-06-25 22:00:00,0.68,0.0,0.0,0.0
2025-06-25 23:00:00,0.28833333333333333,0.08,0.0,0.56
2025-06-26 00:00:00,1.155,0.9166666666666666,0.3466666666666667,1.005
2025-06-26 01:00:00,1.4016666666666666,1.1,0.445,1.1083333333333334
2025-06-26 02:00:00,1.8350000000000002,1.425,0.8,1.6333333333333333
2025-06-26 03:00:00,2.5233333333333334,1.215,0.7166666666666667,2.3400000000000003
2025-06-26 04:00:00,2.8233333333333333,0.735,1.48,2.305
2025-06-26 05:00:00,2.308333333333333,1.0233333333333332,0.66,2.195
2025-06-26 06:00:00,2.1683333333333334,1.105,1.355,2.3449999999999998
2025-06-26 07:00:00,1.0966666666666667,1.1900000000000002,2.0233333333333334,3.14
2025-06-26 08:00:00,1.9383333333333332,1.3483333333333334,2.4866666666666664,3.0300000000000002
2025-06-26 09:00:00,2.8366666666666664,1.04,2.6533333333333333,3.5283333333333333
2025-06-26 10:00:00,3.145,3.6300000000000003,4.11,2.433333333333333
2025-06-26 11:00:00,3.6116666666666664,4.59,2.6116666666666664,2.138333333333333
2025-06-26 12:00:00,4.206666666666667,4.665,3.2416666666666667,2.643333333333333
2025-06-26 13:00:00,3.2933333333333334,2.0033333333333334,1.9200000000000002,2.105
2025-06-26 14:00:00,1.4816666666666667,1.2566666666666668,1.1183333333333332,0.995
2025-06-26 15:00:00,1.9966666666666666,2.908333333333333,1.82,1.2233333333333334
2025-06-26 16:00:00,2.118333333333333,3.0383333333333336,2.555,1.2933333333333332
2025-06-26 17:00:00,2.98,3.3483333333333336,2.455,1.8533333333333333
2025-06-26 18:00:00,3.0516666666666667,3.3066666666666666,1.84,1.9816666666666667
2025-06-26 19:00:00,2.408333333333333,3.0166666666666666,1.7733333333333334,1.2516666666666665
2025-06-26 20:00:00,2.6599999999999997,2.8449999999999998,2.4733333333333336,1.5650000000000002
2025-06-26 21:00:00,2.4283333333333332,2.9166666666666665,2.02,1.3683333333333332
2025-06-26 22:00:00,2.645,3.1416666666666666,2.1416666666666666,1.4549999999999998
2025-06-26 23:00:00,2.3466666666666667,3.5283333333333333,2.135,1.605
2025-06-27 00:00:00,3.1383333333333336,3.695,2.3833333333333333,2.4383333333333335
2025-06-27 01:00:00,3.725,3.881666666666667,2.525,2.7150000000000003
2025-06-27 02:00:00,2.893333333333333,3.0766666666666667,2.3983333333333334,2.385
2025-06-27 03:00:00,3.835,4.283333333333333,1.96,3.0116666666666663
2025-06-27 04:00:00,3.341666666666667,4.101666666666667,1.7733333333333334,2.5716666666666668
2025-06-27 05:00:00,3.1883333333333335,3.385,2.381666666666667,2.253333333333333
2025-06-27 06:00:00,3.2233333333333336,2.86,2.038333333333333,2.4633333333333334
2025-06-27 07:00:00,3.0766666666666667,2.0516666666666667,2.1533333333333333,2.5900000000000003
2025-06-27 08:00:00,3.171666666666667,2.5933333333333333,1.665,2.325
2025-06-27 09:00:00,3.0816666666666666,2.5816666666666666,1.975,2.02
2025-06-27 10:00:00,3.308333333333333,2.7066666666666666,2.371666666666667,2.9066666666666667
2025-06-27 11:00:00,2.9233333333333333,2.5816666666666666,2.341666666666667,2.5416666666666665
2025-06-27 12:00:00,3.1983333333333333,2.5483333333333333,2.5516666666666667,2.4283333333333332
2025-06-27 13:00:00,2.42,2.1316666666666664,1.7416666666666667,2.2733333333333334
2025-06-27 14:00:00,2.091666666666667,1.2633333333333332,1.3116666666666668,1.4233333333333331
2025-06-27 15:00:00,1.1566666666666667,0.9633333333333333,0.9816666666666667,0.9016666666666667
2025-06-27 16:00:00,1.3566666666666667,1.5116666666666667,0.795,0.5866666666666667
2025-06-27 17:00:00,1.4766666666666666,1.5166666666666666,1.0316666666666667,0.6966666666666667
2025-06-27 18:00:00,1.3916666666666666,1.465,1.1416666666666666,0.7483333333333333
2025-06-27 19:00:00,1.1116666666666668,1.29,1.04,0.6966666666666667
2025-06-27 20:00:00,1.0433333333333334,1.2333333333333334,0.77,0.83
2025-06-27 21:00:00,0.8666666666666667,0.7116666666666667,0.6083333333333333,0.46499999999999997
2025-06-27 22:00:00,0.8550000000000001,1.0283333333333333,0.6216666666666666,0.23333333333333334
2025-06-27 23:00:00,0.91,1.3933333333333333,1.0216666666666667,0.45
2025-06-28 00:00:00,1.25,2.305,1.6700000000000002,1.0666666666666667
2025-06-28 01:00:00,1.5766666666666667,2.06,2.006666666666667,1.4933333333333332
2025-06-28 02:00:00,2.14,2.1483333333333334,1.9766666666666666,1.85
2025-06-28 03:00:00,1.9883333333333333,2.7233333333333336,2.421666666666667,1.6849999999999998
2025-06-28 04:00:00,2.2216666666666667,2.3916666666666666,1.9466666666666665,2.045
2025-06-28 05:00:00,2.4183333333333334,3.3699999999999997,2.315,2.1666666666666665
2025-06-28 06:00:00,2.74,3.555,2.7849999999999997,1.9966666666666666
2025-06-28 07:00:00,3.018333333333333,3.2266666666666666,2.371666666666667,2.316666666666667
2025-06-28 08:00:00,2.453333333333333,3.6883333333333335,2.375,2.1416666666666666
2025-06-28 09:00:00,2.8983333333333334,3.9633333333333334,2.2983333333333333,2.9883333333333337
2025-06-28 10:00:00,3.2383333333333337,3.0016666666666665,1.9316666666666669,2.7449999999999997
2025-06-28 11:00:00,3.08,3.06,2.1083333333333334,3.0516666666666667
2025-06-28 12:00:00,3.4216666666666664,2.44,1.73,2.2883333333333336
2025-06-28 13:00:00,3.0083333333333333,2.0083333333333333,1.7633333333333332,2.566666666666667
2025-06-28 14:00:00,1.9966666666666666,1.385,1.3150000000000002,1.8466666666666667
2025-06-28 15:00:00,1.6233333333333335,0.6716666666666666,0.9916666666666667,1.3316666666666668
2025-06-28 16:00:00,1.5383333333333333,1.1316666666666668,1.1433333333333333,1.8900000000000001
2025-06-28 17:00:00,1.66,1.2966666666666666,1.3983333333333334,1.4549999999999998
2025-06-28 18:00:00,1.6633333333333333,1.29,0.6533333333333334,1.0116666666666667
2025-06-28 19:00:00,1.635,1.3383333333333334,0.47333333333333333,0.745
2025-06-28 20:00:00,1.3633333333333333,1.2766666666666666,0.52,0.5616666666666668
2025-06-28 21:00:00,1.2033333333333334,0.8,0.47,0.6666666666666666
2025-06-28 22:00:00,1.225,1.3916666666666666,0.425,0.7183333333333334
2025-06-28 23:00:00,1.4616666666666667,1.6833333333333333,0.6333333333333333,0.7566666666666666
2025-06-29 00:00:00,2.5566666666666666,2.118333333333333,1.0883333333333334,1.5566666666666669
2025-06-29 01:00:00,2.75,2.6766666666666667,1.5150000000000001,1.6633333333333333
2025-06-29 02:00:00,2.771666666666667,2.115,1.9683333333333333,2.3733333333333335
2025-06-29 03:00:00,2.625,3.1166666666666667,2.445,2.455
2025-06-29 04:00:00,2.7199999999999998,3.0949999999999998,2.445,2.5283333333333333
2025-06-29 05:00:00,2.9383333333333335,3.695,2.6416666666666666,2.5900000000000003
2025-06-29 06:00:00,3.3366666666666664,3.5283333333333333,2.628333333333333,3.1766666666666667
2025-06-29 07:00:00,3.2266666666666666,3.3516666666666666,2.58,3.0516666666666667
2025-06-29 08:00:00,3.81,2.146666666666667,2.4866666666666664,2.9483333333333333
2025-06-29 09:00:00,2.77,1.99,2.5083333333333333,2.2633333333333336
2025-06-29 10:00:00,2.725,2.6483333333333334,2.64,3.1883333333333335
2025-06-29 11:00:00,3.8466666666666667,2.8316666666666666,2.9050000000000002,3.6483333333333334
2025-06-29 12:00:00,3.565,2.3233333333333333,2.6666666666666665,3.0300000000000002
2025-06-29 13:00:00,3.2199999999999998,2.06,2.8466666666666667,3.455
2025-06-29 14:00:00,2.77,1.5016666666666665,2.1333333333333333,2.4233333333333333
2025-06-29 15:00:00,2.4183333333333334,1.56,1.6666666666666667,2.26
